hgvsp_key,alphamissense_score,alphamissense_class
p.M1A,0.4065,ambiguous
p.M1C,0.511,ambiguous
p.M1D,0.8213,pathogenic
p.M1E,0.5521,ambiguous
p.M1F,0.3445,ambiguous
p.M1G,0.5643,pathogenic
p.M1H,0.728,pathogenic
p.M1I,0.4602,ambiguous
p.M1K,0.4461,ambiguous
p.M1L,0.1774,benign
p.M1N,0.6616,pathogenic
p.M1P,0.7101,pathogenic
p.M1Q,0.3919,ambiguous
p.M1R,0.406,ambiguous
p.M1S,0.5066,ambiguous
p.M1T,0.3663,ambiguous
p.M1V,0.1116,benign
p.M1W,0.5128,ambiguous
p.M1Y,0.6528,pathogenic
p.E2A,0.1089,benign
p.E2C,0.6461,pathogenic
p.E2D,0.102,benign
p.E2F,0.5226,ambiguous
p.E2G,0.107,benign
p.E2H,0.3154,benign
p.E2I,0.3034,benign
p.E2K,0.1541,benign
p.E2L,0.2485,benign
p.E2M,0.35,ambiguous
p.E2N,0.1882,benign
p.E2P,0.2558,benign
p.E2Q,0.1118,benign
p.E2R,0.1841,benign
p.E2S,0.1462,benign
p.E2T,0.1586,benign
p.E2V,0.1929,benign
p.E2W,0.6585,pathogenic
p.E2Y,0.4232,ambiguous
p.E3A,0.0869,benign
p.E3C,0.488,ambiguous
p.E3D,0.072,benign
p.E3F,0.2882,benign
p.E3G,0.0852,benign
p.E3H,0.2368,benign
p.E3I,0.1298,benign
p.E3K,0.1218,benign
p.E3L,0.1486,benign
p.E3M,0.2084,benign
p.E3N,0.1265,benign
p.E3P,0.1996,benign
p.E3Q,0.1106,benign
p.E3R,0.1829,benign
p.E3S,0.1162,benign
p.E3T,0.1105,benign
p.E3V,0.0954,benign
p.E3W,0.5423,ambiguous
p.E3Y,0.2313,benign
p.P4A,0.0577,benign
p.P4C,0.1761,benign
p.P4D,0.1177,benign
p.P4E,0.0926,benign
p.P4F,0.147,benign
p.P4G,0.1128,benign
p.P4H,0.09,benign
p.P4I,0.1055,benign
p.P4K,0.1228,benign
p.P4L,0.0734,benign
p.P4M,0.1382,benign
p.P4N,0.1103,benign
p.P4Q,0.0795,benign
p.P4R,0.0932,benign
p.P4S,0.0674,benign
p.P4T,0.0574,benign
p.P4V,0.0913,benign
p.P4W,0.1952,benign
p.P4Y,0.1425,benign
p.Q5A,0.0744,benign
p.Q5C,0.2308,benign
p.Q5D,0.1191,benign
p.Q5E,0.0617,benign
p.Q5F,0.2119,benign
p.Q5G,0.1026,benign
p.Q5H,0.0975,benign
p.Q5I,0.1242,benign
p.Q5K,0.0872,benign
p.Q5L,0.0681,benign
p.Q5M,0.1679,benign
p.Q5N,0.1253,benign
p.Q5P,0.0538,benign
p.Q5R,0.0791,benign
p.Q5S,0.0822,benign
p.Q5T,0.0861,benign
p.Q5V,0.0886,benign
p.Q5W,0.1826,benign
p.Q5Y,0.1594,benign
p.S6A,0.0607,benign
p.S6C,0.0843,benign
p.S6D,0.1519,benign
p.S6E,0.1679,benign
p.S6F,0.1058,benign
p.S6G,0.0805,benign
p.S6H,0.1881,benign
p.S6I,0.1074,benign
p.S6K,0.3167,benign
p.S6L,0.0757,benign
p.S6M,0.1318,benign
p.S6N,0.1108,benign
p.S6P,0.077,benign
p.S6Q,0.2302,benign
p.S6R,0.2898,benign
p.S6T,0.0674,benign
p.S6V,0.0985,benign
p.S6W,0.136,benign
p.S6Y,0.1045,benign
p.D7A,0.1025,benign
p.D7C,0.2815,benign
p.D7E,0.0831,benign
p.D7F,0.202,benign
p.D7G,0.1093,benign
p.D7H,0.1575,benign
p.D7I,0.1388,benign
p.D7K,0.2187,benign
p.D7L,0.1437,benign
p.D7M,0.2948,benign
p.D7N,0.0963,benign
p.D7P,0.2199,benign
p.D7Q,0.1623,benign
p.D7R,0.2181,benign
p.D7S,0.0948,benign
p.D7T,0.1284,benign
p.D7V,0.0967,benign
p.D7W,0.5219,ambiguous
p.D7Y,0.1232,benign
p.P8A,0.0633,benign
p.P8C,0.1368,benign
p.P8D,0.1161,benign
p.P8E,0.0951,benign
p.P8F,0.1,benign
p.P8G,0.1107,benign
p.P8H,0.0776,benign
p.P8I,0.0837,benign
p.P8K,0.1252,benign
p.P8L,0.0552,benign
p.P8M,0.1125,benign
p.P8N,0.1142,benign
p.P8Q,0.0791,benign
p.P8R,0.0823,benign
p.P8S,0.071,benign
p.P8T,0.0672,benign
p.P8V,0.0755,benign
p.P8W,0.1474,benign
p.P8Y,0.116,benign
p.S9A,0.0631,benign
p.S9C,0.0752,benign
p.S9D,0.1144,benign
p.S9E,0.1581,benign
p.S9F,0.1133,benign
p.S9G,0.0583,benign
p.S9H,0.1508,benign
p.S9I,0.0813,benign
p.S9K,0.265,benign
p.S9L,0.0862,benign
p.S9M,0.1319,benign
p.S9N,0.0793,benign
p.S9P,0.0953,benign
p.S9Q,0.2006,benign
p.S9R,0.2058,benign
p.S9T,0.0633,benign
p.S9V,0.0831,benign
p.S9W,0.1676,benign
p.S9Y,0.1195,benign
p.V10A,0.089,benign
p.V10C,0.2944,benign
p.V10D,0.1559,benign
p.V10E,0.1176,benign
p.V10F,0.0732,benign
p.V10G,0.1075,benign
p.V10H,0.2213,benign
p.V10I,0.0604,benign
p.V10K,0.1593,benign
p.V10L,0.0711,benign
p.V10M,0.0728,benign
p.V10N,0.1328,benign
p.V10P,0.1284,benign
p.V10Q,0.1417,benign
p.V10R,0.1194,benign
p.V10S,0.104,benign
p.V10T,0.086,benign
p.V10W,0.2545,benign
p.V10Y,0.2127,benign
p.E11A,0.1376,benign
p.E11C,0.5783,pathogenic
p.E11D,0.0746,benign
p.E11F,0.4407,ambiguous
p.E11G,0.1418,benign
p.E11H,0.3294,benign
p.E11I,0.2488,benign
p.E11K,0.2168,benign
p.E11L,0.2368,benign
p.E11M,0.3509,ambiguous
p.E11N,0.1885,benign
p.E11P,0.2779,benign
p.E11Q,0.1369,benign
p.E11R,0.2813,benign
p.E11S,0.1482,benign
p.E11T,0.1786,benign
p.E11V,0.1638,benign
p.E11W,0.7271,pathogenic
p.E11Y,0.3793,ambiguous
p.P12A,0.0706,benign
p.P12C,0.2423,benign
p.P12D,0.2625,benign
p.P12E,0.1465,benign
p.P12F,0.2033,benign
p.P12G,0.1916,benign
p.P12H,0.1461,benign
p.P12I,0.1445,benign
p.P12K,0.2074,benign
p.P12L,0.0644,benign
p.P12M,0.1589,benign
p.P12N,0.228,benign
p.P12Q,0.1226,benign
p.P12R,0.15,benign
p.P12S,0.1196,benign
p.P12T,0.0945,benign
p.P12V,0.1123,benign
p.P12W,0.2948,benign
p.P12Y,0.203,benign
p.P13A,0.1328,benign
p.P13C,0.4726,ambiguous
p.P13D,0.6251,pathogenic
p.P13E,0.4228,ambiguous
p.P13F,0.484,ambiguous
p.P13G,0.4129,ambiguous
p.P13H,0.355,ambiguous
p.P13I,0.3429,ambiguous
p.P13K,0.5747,pathogenic
p.P13L,0.1938,benign
p.P13M,0.4539,ambiguous
p.P13N,0.5711,pathogenic
p.P13Q,0.3114,benign
p.P13R,0.3449,ambiguous
p.P13S,0.2337,benign
p.P13T,0.2234,benign
p.P13V,0.229,benign
p.P13W,0.6605,pathogenic
p.P13Y,0.4995,ambiguous
p.L14A,0.5999,pathogenic
p.L14C,0.6987,pathogenic
p.L14D,0.927,pathogenic
p.L14E,0.7639,pathogenic
p.L14F,0.1569,benign
p.L14G,0.8066,pathogenic
p.L14H,0.6698,pathogenic
p.L14I,0.2103,benign
p.L14K,0.7407,pathogenic
p.L14M,0.1684,benign
p.L14N,0.8766,pathogenic
p.L14P,0.544,ambiguous
p.L14Q,0.5712,pathogenic
p.L14R,0.5842,pathogenic
p.L14S,0.763,pathogenic
p.L14T,0.6935,pathogenic
p.L14V,0.1933,benign
p.L14W,0.3827,ambiguous
p.L14Y,0.5299,ambiguous
p.S15A,0.3333,benign
p.S15C,0.447,ambiguous
p.S15D,0.8375,pathogenic
p.S15E,0.8351,pathogenic
p.S15F,0.8166,pathogenic
p.S15G,0.4129,ambiguous
p.S15H,0.8577,pathogenic
p.S15I,0.8866,pathogenic
p.S15K,0.9667,pathogenic
p.S15L,0.6514,pathogenic
p.S15M,0.8028,pathogenic
p.S15N,0.8139,pathogenic
p.S15P,0.712,pathogenic
p.S15Q,0.8591,pathogenic
p.S15R,0.9476,pathogenic
p.S15T,0.3422,ambiguous
p.S15V,0.8255,pathogenic
p.S15W,0.7772,pathogenic
p.S15Y,0.7868,pathogenic
p.Q16A,0.4595,ambiguous
p.Q16C,0.9458,pathogenic
p.Q16D,0.7868,pathogenic
p.Q16E,0.1664,benign
p.Q16F,0.9268,pathogenic
p.Q16G,0.5033,ambiguous
p.Q16H,0.7994,pathogenic
p.Q16I,0.8576,pathogenic
p.Q16K,0.4756,ambiguous
p.Q16L,0.546,ambiguous
p.Q16M,0.6635,pathogenic
p.Q16N,0.7235,pathogenic
p.Q16P,0.3785,ambiguous
p.Q16R,0.4404,ambiguous
p.Q16S,0.5508,ambiguous
p.Q16T,0.5821,pathogenic
p.Q16V,0.6713,pathogenic
p.Q16W,0.8925,pathogenic
p.Q16Y,0.9186,pathogenic
p.E17A,0.3767,ambiguous
p.E17C,0.8938,pathogenic
p.E17D,0.2594,benign
p.E17F,0.9117,pathogenic
p.E17G,0.2177,benign
p.E17H,0.812,pathogenic
p.E17I,0.7963,pathogenic
p.E17K,0.6333,pathogenic
p.E17L,0.7768,pathogenic
p.E17M,0.7762,pathogenic
p.E17N,0.595,pathogenic
p.E17P,0.8616,pathogenic
p.E17Q,0.367,ambiguous
p.E17R,0.6984,pathogenic
p.E17S,0.5111,ambiguous
p.E17T,0.5673,pathogenic
p.E17V,0.5583,ambiguous
p.E17W,0.9638,pathogenic
p.E17Y,0.826,pathogenic
p.T18A,0.4906,ambiguous
p.T18C,0.8678,pathogenic
p.T18D,0.6435,pathogenic
p.T18E,0.7298,pathogenic
p.T18F,0.814,pathogenic
p.T18G,0.447,ambiguous
p.T18H,0.7112,pathogenic
p.T18I,0.8975,pathogenic
p.T18K,0.7412,pathogenic
p.T18L,0.7258,pathogenic
p.T18M,0.5361,ambiguous
p.T18N,0.4017,ambiguous
p.T18P,0.806,pathogenic
p.T18Q,0.7438,pathogenic
p.T18R,0.7331,pathogenic
p.T18S,0.2517,benign
p.T18V,0.787,pathogenic
p.T18W,0.9056,pathogenic
p.T18Y,0.7159,pathogenic
p.F19A,0.9726,pathogenic
p.F19C,0.9587,pathogenic
p.F19D,0.9966,pathogenic
p.F19E,0.9963,pathogenic
p.F19G,0.991,pathogenic
p.F19H,0.9873,pathogenic
p.F19I,0.8656,pathogenic
p.F19K,0.9975,pathogenic
p.F19L,0.988,pathogenic
p.F19M,0.9547,pathogenic
p.F19N,0.995,pathogenic
p.F19P,0.9981,pathogenic
p.F19Q,0.9952,pathogenic
p.F19R,0.9915,pathogenic
p.F19S,0.9827,pathogenic
p.F19T,0.9892,pathogenic
p.F19V,0.8326,pathogenic
p.F19W,0.87,pathogenic
p.F19Y,0.6865,pathogenic
p.S20A,0.0662,benign
p.S20C,0.1277,benign
p.S20D,0.4461,ambiguous
p.S20E,0.3661,ambiguous
p.S20F,0.2469,benign
p.S20G,0.1173,benign
p.S20H,0.3797,ambiguous
p.S20I,0.3254,benign
p.S20K,0.6707,pathogenic
p.S20L,0.1261,benign
p.S20M,0.2636,benign
p.S20N,0.3129,benign
p.S20P,0.2161,benign
p.S20Q,0.3966,ambiguous
p.S20R,0.5739,pathogenic
p.S20T,0.1049,benign
p.S20V,0.2546,benign
p.S20W,0.2757,benign
p.S20Y,0.2209,benign
p.D21A,0.1463,benign
p.D21C,0.3786,ambiguous
p.D21E,0.133,benign
p.D21F,0.353,ambiguous
p.D21G,0.1587,benign
p.D21H,0.2121,benign
p.D21I,0.3088,benign
p.D21K,0.3781,ambiguous
p.D21L,0.2988,benign
p.D21M,0.4989,ambiguous
p.D21N,0.1236,benign
p.D21P,0.696,pathogenic
p.D21Q,0.2542,benign
p.D21R,0.3451,ambiguous
p.D21S,0.1222,benign
p.D21T,0.2189,benign
p.D21V,0.1763,benign
p.D21W,0.7318,pathogenic
p.D21Y,0.1376,benign
p.L22A,0.8255,pathogenic
p.L22C,0.8124,pathogenic
p.L22D,0.9795,pathogenic
p.L22E,0.938,pathogenic
p.L22F,0.2012,benign
p.L22G,0.9465,pathogenic
p.L22H,0.8553,pathogenic
p.L22I,0.1575,benign
p.L22K,0.9244,pathogenic
p.L22M,0.2298,benign
p.L22N,0.9565,pathogenic
p.L22P,0.96,pathogenic
p.L22Q,0.8771,pathogenic
p.L22R,0.8435,pathogenic
p.L22S,0.9425,pathogenic
p.L22T,0.8522,pathogenic
p.L22V,0.2502,benign
p.L22W,0.491,ambiguous
p.L22Y,0.6255,pathogenic
p.W23A,0.9578,pathogenic
p.W23C,0.9716,pathogenic
p.W23D,0.9919,pathogenic
p.W23E,0.9872,pathogenic
p.W23F,0.7407,pathogenic
p.W23G,0.8351,pathogenic
p.W23H,0.9761,pathogenic
p.W23I,0.9742,pathogenic
p.W23K,0.9939,pathogenic
p.W23L,0.8964,pathogenic
p.W23M,0.9695,pathogenic
p.W23N,0.9926,pathogenic
p.W23P,0.9912,pathogenic
p.W23Q,0.9867,pathogenic
p.W23R,0.9866,pathogenic
p.W23S,0.9437,pathogenic
p.W23T,0.9761,pathogenic
p.W23V,0.9559,pathogenic
p.W23Y,0.8722,pathogenic
p.K24A,0.1421,benign
p.K24C,0.3265,benign
p.K24D,0.1556,benign
p.K24E,0.0908,benign
p.K24F,0.4504,ambiguous
p.K24G,0.1446,benign
p.K24H,0.1316,benign
p.K24I,0.2445,benign
p.K24L,0.1747,benign
p.K24M,0.1294,benign
p.K24N,0.0894,benign
p.K24P,0.603,pathogenic
p.K24Q,0.0833,benign
p.K24R,0.0811,benign
p.K24S,0.1237,benign
p.K24T,0.1014,benign
p.K24V,0.2084,benign
p.K24W,0.4896,ambiguous
p.K24Y,0.2605,benign
p.L25A,0.213,benign
p.L25C,0.3512,ambiguous
p.L25D,0.4464,ambiguous
p.L25E,0.2418,benign
p.L25F,0.1207,benign
p.L25G,0.3468,ambiguous
p.L25H,0.1812,benign
p.L25I,0.1032,benign
p.L25K,0.2549,benign
p.L25M,0.0928,benign
p.L25N,0.2967,benign
p.L25P,0.6227,pathogenic
p.L25Q,0.134,benign
p.L25R,0.18,benign
p.L25S,0.2362,benign
p.L25T,0.2171,benign
p.L25V,0.1052,benign
p.L25W,0.2,benign
p.L25Y,0.2197,benign
p.L26A,0.6291,pathogenic
p.L26C,0.7459,pathogenic
p.L26D,0.9308,pathogenic
p.L26E,0.7465,pathogenic
p.L26F,0.3178,benign
p.L26G,0.8387,pathogenic
p.L26H,0.6129,pathogenic
p.L26I,0.1729,benign
p.L26K,0.7105,pathogenic
p.L26M,0.2259,benign
p.L26N,0.8241,pathogenic
p.L26P,0.6897,pathogenic
p.L26Q,0.4859,ambiguous
p.L26R,0.5805,pathogenic
p.L26S,0.749,pathogenic
p.L26T,0.6623,pathogenic
p.L26V,0.1924,benign
p.L26W,0.536,ambiguous
p.L26Y,0.6897,pathogenic
p.P27A,0.1833,benign
p.P27C,0.5446,ambiguous
p.P27D,0.4147,ambiguous
p.P27E,0.2868,benign
p.P27F,0.6827,pathogenic
p.P27G,0.3001,benign
p.P27H,0.2615,benign
p.P27I,0.606,pathogenic
p.P27K,0.3705,ambiguous
p.P27L,0.2868,benign
p.P27M,0.5536,ambiguous
p.P27N,0.434,ambiguous
p.P27Q,0.2252,benign
p.P27R,0.2341,benign
p.P27S,0.1995,benign
p.P27T,0.2002,benign
p.P27V,0.4102,ambiguous
p.P27W,0.6155,pathogenic
p.P27Y,0.5615,ambiguous
p.E28A,0.0929,benign
p.E28C,0.4816,ambiguous
p.E28D,0.0822,benign
p.E28F,0.4549,ambiguous
p.E28G,0.0719,benign
p.E28H,0.205,benign
p.E28I,0.2352,benign
p.E28K,0.0837,benign
p.E28L,0.214,benign
p.E28M,0.2873,benign
p.E28N,0.1342,benign
p.E28P,0.1525,benign
p.E28Q,0.0769,benign
p.E28R,0.1177,benign
p.E28S,0.1055,benign
p.E28T,0.1303,benign
p.E28V,0.1433,benign
p.E28W,0.5408,ambiguous
p.E28Y,0.3089,benign
p.N29A,0.1458,benign
p.N29C,0.2118,benign
p.N29D,0.0765,benign
p.N29E,0.1361,benign
p.N29F,0.4058,ambiguous
p.N29G,0.1543,benign
p.N29H,0.105,benign
p.N29I,0.1678,benign
p.N29K,0.1203,benign
p.N29L,0.2103,benign
p.N29M,0.2317,benign
p.N29P,0.2161,benign
p.N29Q,0.1638,benign
p.N29R,0.1699,benign
p.N29S,0.0897,benign
p.N29T,0.0975,benign
p.N29V,0.1582,benign
p.N29W,0.5133,ambiguous
p.N29Y,0.1396,benign
p.N30A,0.1103,benign
p.N30C,0.1495,benign
p.N30D,0.0701,benign
p.N30E,0.1644,benign
p.N30F,0.3168,benign
p.N30G,0.1478,benign
p.N30H,0.0832,benign
p.N30I,0.1475,benign
p.N30K,0.1868,benign
p.N30L,0.1438,benign
p.N30M,0.2242,benign
p.N30P,0.1612,benign
p.N30Q,0.1872,benign
p.N30R,0.1785,benign
p.N30S,0.0701,benign
p.N30T,0.0846,benign
p.N30V,0.13,benign
p.N30W,0.4935,ambiguous
p.N30Y,0.1254,benign
p.V31A,0.1336,benign
p.V31C,0.364,ambiguous
p.V31D,0.1333,benign
p.V31E,0.1596,benign
p.V31F,0.086,benign
p.V31G,0.127,benign
p.V31H,0.248,benign
p.V31I,0.0694,benign
p.V31K,0.2302,benign
p.V31L,0.0858,benign
p.V31M,0.1111,benign
p.V31N,0.137,benign
p.V31P,0.2048,benign
p.V31Q,0.1871,benign
p.V31R,0.1897,benign
p.V31S,0.1375,benign
p.V31T,0.1454,benign
p.V31W,0.4119,ambiguous
p.V31Y,0.2383,benign
p.L32A,0.1371,benign
p.L32C,0.2869,benign
p.L32D,0.2995,benign
p.L32E,0.1834,benign
p.L32F,0.0831,benign
p.L32G,0.2368,benign
p.L32H,0.1433,benign
p.L32I,0.0798,benign
p.L32K,0.2074,benign
p.L32M,0.1132,benign
p.L32N,0.224,benign
p.L32P,0.0993,benign
p.L32Q,0.1134,benign
p.L32R,0.1341,benign
p.L32S,0.1334,benign
p.L32T,0.1414,benign
p.L32V,0.0781,benign
p.L32W,0.1462,benign
p.L32Y,0.2119,benign
p.S33A,0.077,benign
p.S33C,0.0902,benign
p.S33D,0.2043,benign
p.S33E,0.2487,benign
p.S33F,0.1195,benign
p.S33G,0.0965,benign
p.S33H,0.1962,benign
p.S33I,0.1355,benign
p.S33K,0.4218,ambiguous
p.S33L,0.0825,benign
p.S33M,0.1698,benign
p.S33N,0.1297,benign
p.S33P,0.0731,benign
p.S33Q,0.2831,benign
p.S33R,0.3773,ambiguous
p.S33T,0.0748,benign
p.S33V,0.1273,benign
p.S33W,0.1884,benign
p.S33Y,0.1156,benign
p.P34A,0.0594,benign
p.P34C,0.1469,benign
p.P34D,0.1252,benign
p.P34E,0.1081,benign
p.P34F,0.1671,benign
p.P34G,0.1153,benign
p.P34H,0.0804,benign
p.P34I,0.1328,benign
p.P34K,0.1464,benign
p.P34L,0.079,benign
p.P34M,0.1553,benign
p.P34N,0.1172,benign
p.P34Q,0.0836,benign
p.P34R,0.0981,benign
p.P34S,0.0604,benign
p.P34T,0.0583,benign
p.P34V,0.0977,benign
p.P34W,0.2238,benign
p.P34Y,0.1469,benign
p.L35A,0.0776,benign
p.L35C,0.1779,benign
p.L35D,0.1715,benign
p.L35E,0.113,benign
p.L35F,0.0716,benign
p.L35G,0.1475,benign
p.L35H,0.1031,benign
p.L35I,0.0741,benign
p.L35K,0.1412,benign
p.L35M,0.0883,benign
p.L35N,0.1329,benign
p.L35P,0.0769,benign
p.L35Q,0.0821,benign
p.L35R,0.1113,benign
p.L35S,0.0734,benign
p.L35T,0.0841,benign
p.L35V,0.0642,benign
p.L35W,0.1194,benign
p.L35Y,0.1396,benign
p.P36A,0.068,benign
p.P36C,0.1865,benign
p.P36D,0.1543,benign
p.P36E,0.117,benign
p.P36F,0.1797,benign
p.P36G,0.1387,benign
p.P36H,0.0857,benign
p.P36I,0.1461,benign
p.P36K,0.161,benign
p.P36L,0.0747,benign
p.P36M,0.174,benign
p.P36N,0.1442,benign
p.P36Q,0.0832,benign
p.P36R,0.1021,benign
p.P36S,0.0698,benign
p.P36T,0.0733,benign
p.P36V,0.1083,benign
p.P36W,0.2251,benign
p.P36Y,0.1742,benign
p.S37A,0.0694,benign
p.S37C,0.0842,benign
p.S37D,0.1613,benign
p.S37E,0.182,benign
p.S37F,0.1184,benign
p.S37G,0.0787,benign
p.S37H,0.1649,benign
p.S37I,0.1171,benign
p.S37K,0.3014,benign
p.S37L,0.0837,benign
p.S37M,0.1621,benign
p.S37N,0.1068,benign
p.S37P,0.065,benign
p.S37Q,0.2059,benign
p.S37R,0.2476,benign
p.S37T,0.0726,benign
p.S37V,0.1065,benign
p.S37W,0.1826,benign
p.S37Y,0.1179,benign
p.Q38A,0.0736,benign
p.Q38C,0.2829,benign
p.Q38D,0.1076,benign
p.Q38E,0.0592,benign
p.Q38F,0.292,benign
p.Q38G,0.0969,benign
p.Q38H,0.0985,benign
p.Q38I,0.1814,benign
p.Q38K,0.0783,benign
p.Q38L,0.0872,benign
p.Q38M,0.1866,benign
p.Q38N,0.1178,benign
p.Q38P,0.053,benign
p.Q38R,0.075,benign
p.Q38S,0.0807,benign
p.Q38T,0.0809,benign
p.Q38V,0.1117,benign
p.Q38W,0.2277,benign
p.Q38Y,0.1975,benign
p.A39C,0.2367,benign
p.A39D,0.0971,benign
p.A39E,0.0986,benign
p.A39F,0.1722,benign
p.A39G,0.0805,benign
p.A39H,0.1755,benign
p.A39I,0.1433,benign
p.A39K,0.1745,benign
p.A39L,0.1038,benign
p.A39M,0.1496,benign
p.A39N,0.1126,benign
p.A39P,0.058,benign
p.A39Q,0.13,benign
p.A39R,0.1559,benign
p.A39S,0.0721,benign
p.A39T,0.07,benign
p.A39V,0.0864,benign
p.A39W,0.334,benign
p.A39Y,0.2058,benign
p.M40A,0.123,benign
p.M40C,0.5048,ambiguous
p.M40D,0.3183,benign
p.M40E,0.1753,benign
p.M40F,0.1882,benign
p.M40G,0.1867,benign
p.M40H,0.3215,benign
p.M40I,0.1468,benign
p.M40K,0.1294,benign
p.M40L,0.1007,benign
p.M40N,0.2436,benign
p.M40P,0.2105,benign
p.M40Q,0.1627,benign
p.M40R,0.1272,benign
p.M40S,0.1751,benign
p.M40T,0.0914,benign
p.M40V,0.0512,benign
p.M40W,0.3827,ambiguous
p.M40Y,0.3928,ambiguous
p.D41A,0.1058,benign
p.D41C,0.3765,ambiguous
p.D41E,0.0868,benign
p.D41F,0.3996,ambiguous
p.D41G,0.0777,benign
p.D41H,0.168,benign
p.D41I,0.2777,benign
p.D41K,0.1888,benign
p.D41L,0.2512,benign
p.D41M,0.394,ambiguous
p.D41N,0.0844,benign
p.D41P,0.2432,benign
p.D41Q,0.1627,benign
p.D41R,0.1992,benign
p.D41S,0.0957,benign
p.D41T,0.1435,benign
p.D41V,0.1604,benign
p.D41W,0.582,pathogenic
p.D41Y,0.1621,benign
p.D42A,0.1155,benign
p.D42C,0.2943,benign
p.D42E,0.1067,benign
p.D42F,0.2991,benign
p.D42G,0.09,benign
p.D42H,0.1425,benign
p.D42I,0.2118,benign
p.D42K,0.2101,benign
p.D42L,0.2149,benign
p.D42M,0.3655,ambiguous
p.D42N,0.0804,benign
p.D42P,0.2926,benign
p.D42Q,0.1812,benign
p.D42R,0.2056,benign
p.D42S,0.0903,benign
p.D42T,0.1383,benign
p.D42V,0.1408,benign
p.D42W,0.5717,pathogenic
p.D42Y,0.1218,benign
p.L43A,0.1424,benign
p.L43C,0.3133,benign
p.L43D,0.2885,benign
p.L43E,0.1828,benign
p.L43F,0.0857,benign
p.L43G,0.2433,benign
p.L43H,0.1644,benign
p.L43I,0.0812,benign
p.L43K,0.2059,benign
p.L43M,0.096,benign
p.L43N,0.222,benign
p.L43P,0.1408,benign
p.L43Q,0.132,benign
p.L43R,0.1443,benign
p.L43S,0.1564,benign
p.L43T,0.142,benign
p.L43V,0.0797,benign
p.L43W,0.1308,benign
p.L43Y,0.2106,benign
p.M44A,0.1681,benign
p.M44C,0.4336,ambiguous
p.M44D,0.353,ambiguous
p.M44E,0.2153,benign
p.M44F,0.1521,benign
p.M44G,0.2523,benign
p.M44H,0.214,benign
p.M44I,0.1622,benign
p.M44K,0.1242,benign
p.M44L,0.0667,benign
p.M44N,0.2311,benign
p.M44P,0.1636,benign
p.M44Q,0.1345,benign
p.M44R,0.1183,benign
p.M44S,0.1794,benign
p.M44T,0.1246,benign
p.M44V,0.0811,benign
p.M44W,0.2916,benign
p.M44Y,0.2792,benign
p.L45A,0.1442,benign
p.L45C,0.2991,benign
p.L45D,0.303,benign
p.L45E,0.1888,benign
p.L45F,0.0807,benign
p.L45G,0.2419,benign
p.L45H,0.1484,benign
p.L45I,0.0832,benign
p.L45K,0.2031,benign
p.L45M,0.1064,benign
p.L45N,0.2243,benign
p.L45P,0.0975,benign
p.L45Q,0.1174,benign
p.L45R,0.1316,benign
p.L45S,0.1713,benign
p.L45T,0.1562,benign
p.L45V,0.0811,benign
p.L45W,0.1246,benign
p.L45Y,0.1894,benign
p.S46A,0.0754,benign
p.S46C,0.0958,benign
p.S46D,0.2046,benign
p.S46E,0.237,benign
p.S46F,0.1231,benign
p.S46G,0.0999,benign
p.S46H,0.177,benign
p.S46I,0.1397,benign
p.S46K,0.3483,ambiguous
p.S46L,0.0814,benign
p.S46M,0.164,benign
p.S46N,0.1377,benign
p.S46P,0.0721,benign
p.S46Q,0.2424,benign
p.S46R,0.3023,benign
p.S46T,0.0758,benign
p.S46V,0.1341,benign
p.S46W,0.1716,benign
p.S46Y,0.114,benign
p.P47A,0.0615,benign
p.P47C,0.2438,benign
p.P47D,0.1503,benign
p.P47E,0.1104,benign
p.P47F,0.2713,benign
p.P47G,0.1283,benign
p.P47H,0.101,benign
p.P47I,0.2071,benign
p.P47K,0.1383,benign
p.P47L,0.1005,benign
p.P47M,0.2023,benign
p.P47N,0.1604,benign
p.P47Q,0.0854,benign
p.P47R,0.0893,benign
p.P47S,0.0695,benign
p.P47T,0.0665,benign
p.P47V,0.1381,benign
p.P47W,0.2824,benign
p.P47Y,0.2238,benign
p.D48A,0.0737,benign
p.D48C,0.2243,benign
p.D48E,0.0657,benign
p.D48F,0.243,benign
p.D48G,0.0681,benign
p.D48H,0.1103,benign
p.D48I,0.1657,benign
p.D48K,0.115,benign
p.D48L,0.1467,benign
p.D48M,0.2541,benign
p.D48N,0.0739,benign
p.D48P,0.1941,benign
p.D48Q,0.1017,benign
p.D48R,0.116,benign
p.D48S,0.0742,benign
p.D48T,0.0995,benign
p.D48V,0.1021,benign
p.D48W,0.4022,ambiguous
p.D48Y,0.1115,benign
p.D49A,0.0939,benign
p.D49C,0.2425,benign
p.D49E,0.0936,benign
p.D49F,0.2423,benign
p.D49G,0.0815,benign
p.D49H,0.1274,benign
p.D49I,0.1495,benign
p.D49K,0.1721,benign
p.D49L,0.1762,benign
p.D49M,0.2869,benign
p.D49N,0.0733,benign
p.D49P,0.3176,benign
p.D49Q,0.1468,benign
p.D49R,0.1629,benign
p.D49S,0.0846,benign
p.D49T,0.1153,benign
p.D49V,0.1056,benign
p.D49W,0.5123,ambiguous
p.D49Y,0.1067,benign
p.I50A,0.0908,benign
p.I50C,0.3863,ambiguous
p.I50D,0.2343,benign
p.I50E,0.19,benign
p.I50F,0.0779,benign
p.I50G,0.217,benign
p.I50H,0.2412,benign
p.I50K,0.1783,benign
p.I50L,0.0678,benign
p.I50M,0.0607,benign
p.I50N,0.1488,benign
p.I50P,0.1647,benign
p.I50Q,0.1958,benign
p.I50R,0.1311,benign
p.I50S,0.1228,benign
p.I50T,0.0757,benign
p.I50V,0.0634,benign
p.I50W,0.2935,benign
p.I50Y,0.2431,benign
p.E51A,0.0609,benign
p.E51C,0.3632,ambiguous
p.E51D,0.0855,benign
p.E51F,0.2755,benign
p.E51G,0.07,benign
p.E51H,0.1565,benign
p.E51I,0.1616,benign
p.E51K,0.0785,benign
p.E51L,0.1209,benign
p.E51M,0.176,benign
p.E51N,0.1199,benign
p.E51P,0.1337,benign
p.E51Q,0.0707,benign
p.E51R,0.0956,benign
p.E51S,0.0751,benign
p.E51T,0.0827,benign
p.E51V,0.1062,benign
p.E51W,0.4297,ambiguous
p.E51Y,0.2192,benign
p.Q52A,0.0937,benign
p.Q52C,0.2561,benign
p.Q52D,0.1016,benign
p.Q52E,0.061,benign
p.Q52F,0.3208,benign
p.Q52G,0.0925,benign
p.Q52H,0.0941,benign
p.Q52I,0.1934,benign
p.Q52K,0.0677,benign
p.Q52L,0.0854,benign
p.Q52M,0.1867,benign
p.Q52N,0.088,benign
p.Q52P,0.0741,benign
p.Q52R,0.073,benign
p.Q52S,0.0956,benign
p.Q52T,0.0873,benign
p.Q52V,0.1332,benign
p.Q52W,0.2252,benign
p.Q52Y,0.1812,benign
p.W53A,0.2877,benign
p.W53C,0.4075,ambiguous
p.W53D,0.4231,ambiguous
p.W53E,0.4852,ambiguous
p.W53F,0.1813,benign
p.W53G,0.1912,benign
p.W53H,0.4912,ambiguous
p.W53I,0.2494,benign
p.W53K,0.6499,pathogenic
p.W53L,0.1873,benign
p.W53M,0.3348,benign
p.W53N,0.4548,ambiguous
p.W53P,0.5647,pathogenic
p.W53Q,0.5318,ambiguous
p.W53R,0.5511,ambiguous
p.W53S,0.2302,benign
p.W53T,0.2882,benign
p.W53V,0.2307,benign
p.W53Y,0.2531,benign
p.F54A,0.272,benign
p.F54C,0.1855,benign
p.F54D,0.3295,benign
p.F54E,0.3323,benign
p.F54G,0.3532,ambiguous
p.F54H,0.343,ambiguous
p.F54I,0.1068,benign
p.F54K,0.4439,ambiguous
p.F54L,0.3548,ambiguous
p.F54M,0.2072,benign
p.F54N,0.2918,benign
p.F54P,0.5831,pathogenic
p.F54Q,0.3334,benign
p.F54R,0.3525,ambiguous
p.F54S,0.2539,benign
p.F54T,0.3184,benign
p.F54V,0.1212,benign
p.F54W,0.1892,benign
p.F54Y,0.1252,benign
p.T55A,0.061,benign
p.T55C,0.1705,benign
p.T55D,0.1186,benign
p.T55E,0.1064,benign
p.T55F,0.1339,benign
p.T55G,0.0956,benign
p.T55H,0.1054,benign
p.T55I,0.1056,benign
p.T55K,0.1015,benign
p.T55L,0.0733,benign
p.T55M,0.0878,benign
p.T55N,0.0802,benign
p.T55P,0.0629,benign
p.T55Q,0.1035,benign
p.T55R,0.0796,benign
p.T55S,0.0685,benign
p.T55V,0.0954,benign
p.T55W,0.213,benign
p.T55Y,0.1343,benign
p.E56A,0.0858,benign
p.E56C,0.4623,ambiguous
p.E56D,0.0801,benign
p.E56F,0.4094,ambiguous
p.E56G,0.0703,benign
p.E56H,0.1798,benign
p.E56I,0.2243,benign
p.E56K,0.0771,benign
p.E56L,0.1796,benign
p.E56M,0.2524,benign
p.E56N,0.1271,benign
p.E56P,0.1719,benign
p.E56Q,0.081,benign
p.E56R,0.1051,benign
p.E56S,0.1018,benign
p.E56T,0.1107,benign
p.E56V,0.1343,benign
p.E56W,0.4818,ambiguous
p.E56Y,0.2876,benign
p.D57A,0.0817,benign
p.D57C,0.2759,benign
p.D57E,0.0862,benign
p.D57F,0.2202,benign
p.D57G,0.0794,benign
p.D57H,0.1275,benign
p.D57I,0.1365,benign
p.D57K,0.1586,benign
p.D57L,0.1334,benign
p.D57M,0.2476,benign
p.D57N,0.0759,benign
p.D57P,0.1896,benign
p.D57Q,0.131,benign
p.D57R,0.168,benign
p.D57S,0.0867,benign
p.D57T,0.1063,benign
p.D57V,0.0902,benign
p.D57W,0.4883,ambiguous
p.D57Y,0.0952,benign
p.P58A,0.0571,benign
p.P58C,0.1789,benign
p.P58D,0.1154,benign
p.P58E,0.0917,benign
p.P58F,0.1742,benign
p.P58G,0.1091,benign
p.P58H,0.0873,benign
p.P58I,0.1261,benign
p.P58K,0.1174,benign
p.P58L,0.0777,benign
p.P58M,0.1514,benign
p.P58N,0.1304,benign
p.P58Q,0.0777,benign
p.P58R,0.0757,benign
p.P58S,0.0705,benign
p.P58T,0.0619,benign
p.P58V,0.095,benign
p.P58W,0.2163,benign
p.P58Y,0.1646,benign
p.G59A,0.0655,benign
p.G59C,0.1004,benign
p.G59D,0.0775,benign
p.G59E,0.0736,benign
p.G59F,0.1626,benign
p.G59H,0.13,benign
p.G59I,0.0873,benign
p.G59K,0.1313,benign
p.G59L,0.1002,benign
p.G59M,0.1463,benign
p.G59N,0.1188,benign
p.G59P,0.166,benign
p.G59Q,0.1067,benign
p.G59R,0.1036,benign
p.G59S,0.0752,benign
p.G59T,0.0753,benign
p.G59V,0.0617,benign
p.G59W,0.1462,benign
p.G59Y,0.1385,benign
p.P60A,0.0601,benign
p.P60C,0.1822,benign
p.P60D,0.1244,benign
p.P60E,0.0966,benign
p.P60F,0.1676,benign
p.P60G,0.1142,benign
p.P60H,0.088,benign
p.P60I,0.1253,benign
p.P60K,0.1185,benign
p.P60L,0.0746,benign
p.P60M,0.1466,benign
p.P60N,0.1319,benign
p.P60Q,0.0765,benign
p.P60R,0.0738,benign
p.P60S,0.0741,benign
p.P60T,0.0644,benign
p.P60V,0.0968,benign
p.P60W,0.2058,benign
p.P60Y,0.1714,benign
p.D61A,0.0661,benign
p.D61C,0.2241,benign
p.D61E,0.0677,benign
p.D61F,0.2141,benign
p.D61G,0.0683,benign
p.D61H,0.0987,benign
p.D61I,0.1437,benign
p.D61K,0.12,benign
p.D61L,0.1203,benign
p.D61M,0.2429,benign
p.D61N,0.0724,benign
p.D61P,0.1637,benign
p.D61Q,0.0989,benign
p.D61R,0.1094,benign
p.D61S,0.0705,benign
p.D61T,0.0968,benign
p.D61V,0.0868,benign
p.D61W,0.4103,ambiguous
p.D61Y,0.1053,benign
p.E62A,0.0884,benign
p.E62C,0.5128,ambiguous
p.E62D,0.0786,benign
p.E62F,0.3876,ambiguous
p.E62G,0.0852,benign
p.E62H,0.2029,benign
p.E62I,0.1966,benign
p.E62K,0.0914,benign
p.E62L,0.1877,benign
p.E62M,0.2526,benign
p.E62N,0.1463,benign
p.E62P,0.2156,benign
p.E62Q,0.1003,benign
p.E62R,0.1301,benign
p.E62S,0.1202,benign
p.E62T,0.119,benign
p.E62V,0.1224,benign
p.E62W,0.5588,ambiguous
p.E62Y,0.2883,benign
p.A63C,0.2957,benign
p.A63D,0.0851,benign
p.A63E,0.0937,benign
p.A63F,0.1485,benign
p.A63G,0.084,benign
p.A63H,0.1913,benign
p.A63I,0.1193,benign
p.A63K,0.1704,benign
p.A63L,0.0948,benign
p.A63M,0.1218,benign
p.A63N,0.1144,benign
p.A63P,0.0783,benign
p.A63Q,0.1431,benign
p.A63R,0.1626,benign
p.A63S,0.0799,benign
p.A63T,0.0671,benign
p.A63V,0.074,benign
p.A63W,0.3552,ambiguous
p.A63Y,0.192,benign
p.P64A,0.0581,benign
p.P64C,0.194,benign
p.P64D,0.1469,benign
p.P64E,0.1013,benign
p.P64F,0.1723,benign
p.P64G,0.1137,benign
p.P64H,0.0915,benign
p.P64I,0.1363,benign
p.P64K,0.1383,benign
p.P64L,0.0725,benign
p.P64M,0.1583,benign
p.P64N,0.1436,benign
p.P64Q,0.0768,benign
p.P64R,0.0815,benign
p.P64S,0.067,benign
p.P64T,0.0695,benign
p.P64V,0.0993,benign
p.P64W,0.2074,benign
p.P64Y,0.181,benign
p.R65A,0.0819,benign
p.R65C,0.1101,benign
p.R65D,0.1455,benign
p.R65E,0.0969,benign
p.R65F,0.1991,benign
p.R65G,0.0636,benign
p.R65H,0.0834,benign
p.R65I,0.1116,benign
p.R65K,0.0789,benign
p.R65L,0.0808,benign
p.R65M,0.1245,benign
p.R65N,0.1611,benign
p.R65P,0.0839,benign
p.R65Q,0.0667,benign
p.R65S,0.1064,benign
p.R65T,0.0754,benign
p.R65V,0.1064,benign
p.R65W,0.1148,benign
p.R65Y,0.1815,benign
p.M66A,0.1458,benign
p.M66C,0.4817,ambiguous
p.M66D,0.3165,benign
p.M66E,0.1703,benign
p.M66F,0.1818,benign
p.M66G,0.214,benign
p.M66H,0.2321,benign
p.M66I,0.1582,benign
p.M66K,0.1155,benign
p.M66L,0.0888,benign
p.M66N,0.1979,benign
p.M66P,0.158,benign
p.M66Q,0.1256,benign
p.M66R,0.1156,benign
p.M66S,0.166,benign
p.M66T,0.1147,benign
p.M66V,0.0722,benign
p.M66W,0.3464,ambiguous
p.M66Y,0.3085,benign
p.P67A,0.0536,benign
p.P67C,0.1852,benign
p.P67D,0.1426,benign
p.P67E,0.1066,benign
p.P67F,0.196,benign
p.P67G,0.1065,benign
p.P67H,0.1055,benign
p.P67I,0.1518,benign
p.P67K,0.1473,benign
p.P67L,0.0833,benign
p.P67M,0.1568,benign
p.P67N,0.1233,benign
p.P67Q,0.0892,benign
p.P67R,0.098,benign
p.P67S,0.0633,benign
p.P67T,0.0617,benign
p.P67V,0.1078,benign
p.P67W,0.2338,benign
p.P67Y,0.1815,benign
p.E68A,0.0639,benign
p.E68C,0.5051,ambiguous
p.E68D,0.0833,benign
p.E68F,0.3762,ambiguous
p.E68G,0.0761,benign
p.E68H,0.2067,benign
p.E68I,0.2024,benign
p.E68K,0.0986,benign
p.E68L,0.1582,benign
p.E68M,0.2431,benign
p.E68N,0.1489,benign
p.E68P,0.1351,benign
p.E68Q,0.0909,benign
p.E68R,0.1271,benign
p.E68S,0.0968,benign
p.E68T,0.1024,benign
p.E68V,0.1085,benign
p.E68W,0.5583,ambiguous
p.E68Y,0.3169,benign
p.A69C,0.3176,benign
p.A69D,0.0906,benign
p.A69E,0.0968,benign
p.A69F,0.1758,benign
p.A69G,0.0826,benign
p.A69H,0.2133,benign
p.A69I,0.1372,benign
p.A69K,0.1941,benign
p.A69L,0.1063,benign
p.A69M,0.1393,benign
p.A69N,0.1237,benign
p.A69P,0.0701,benign
p.A69Q,0.1589,benign
p.A69R,0.1753,benign
p.A69S,0.0832,benign
p.A69T,0.0707,benign
p.A69V,0.0805,benign
p.A69W,0.3839,ambiguous
p.A69Y,0.2286,benign
p.A70C,0.2711,benign
p.A70D,0.115,benign
p.A70E,0.1028,benign
p.A70F,0.1614,benign
p.A70G,0.0889,benign
p.A70H,0.1955,benign
p.A70I,0.1149,benign
p.A70K,0.1851,benign
p.A70L,0.0847,benign
p.A70M,0.1323,benign
p.A70N,0.1347,benign
p.A70P,0.0575,benign
p.A70Q,0.1303,benign
p.A70R,0.1568,benign
p.A70S,0.0769,benign
p.A70T,0.0674,benign
p.A70V,0.0726,benign
p.A70W,0.3692,ambiguous
p.A70Y,0.2255,benign
p.P71A,0.0509,benign
p.P71C,0.2165,benign
p.P71D,0.1405,benign
p.P71E,0.1011,benign
p.P71F,0.177,benign
p.P71G,0.1114,benign
p.P71H,0.1025,benign
p.P71I,0.1223,benign
p.P71K,0.1367,benign
p.P71L,0.0724,benign
p.P71M,0.1458,benign
p.P71N,0.1354,benign
p.P71Q,0.0811,benign
p.P71R,0.0922,benign
p.P71S,0.0644,benign
p.P71T,0.0613,benign
p.P71V,0.0829,benign
p.P71W,0.288,benign
p.P71Y,0.1858,benign
p.P72A,0.0481,benign
p.P72C,0.2114,benign
p.P72D,0.1439,benign
p.P72E,0.0988,benign
p.P72F,0.2157,benign
p.P72G,0.1114,benign
p.P72H,0.0961,benign
p.P72I,0.143,benign
p.P72K,0.1339,benign
p.P72L,0.0795,benign
p.P72M,0.1646,benign
p.P72N,0.1416,benign
p.P72Q,0.0752,benign
p.P72R,0.0724,benign
p.P72S,0.0686,benign
p.P72T,0.0613,benign
p.P72V,0.093,benign
p.P72W,0.2693,benign
p.P72Y,0.1992,benign
p.V73A,0.0654,benign
p.V73C,0.4409,ambiguous
p.V73D,0.1143,benign
p.V73E,0.0808,benign
p.V73F,0.1155,benign
p.V73G,0.0818,benign
p.V73H,0.2198,benign
p.V73I,0.088,benign
p.V73K,0.1265,benign
p.V73L,0.0844,benign
p.V73M,0.0809,benign
p.V73N,0.1238,benign
p.V73P,0.0958,benign
p.V73Q,0.1043,benign
p.V73R,0.1146,benign
p.V73S,0.0871,benign
p.V73T,0.0834,benign
p.V73W,0.3942,ambiguous
p.V73Y,0.2832,benign
p.A74C,0.3019,benign
p.A74D,0.1123,benign
p.A74E,0.1119,benign
p.A74F,0.1696,benign
p.A74G,0.0907,benign
p.A74H,0.2351,benign
p.A74I,0.134,benign
p.A74K,0.2377,benign
p.A74L,0.0947,benign
p.A74M,0.1491,benign
p.A74N,0.1391,benign
p.A74P,0.0671,benign
p.A74Q,0.1601,benign
p.A74R,0.2134,benign
p.A74S,0.0777,benign
p.A74T,0.0677,benign
p.A74V,0.0761,benign
p.A74W,0.4497,ambiguous
p.A74Y,0.2513,benign
p.P75A,0.0507,benign
p.P75C,0.2597,benign
p.P75D,0.1514,benign
p.P75E,0.1041,benign
p.P75F,0.2289,benign
p.P75G,0.1195,benign
p.P75H,0.1072,benign
p.P75I,0.166,benign
p.P75K,0.1587,benign
p.P75L,0.0826,benign
p.P75M,0.1798,benign
p.P75N,0.149,benign
p.P75Q,0.0784,benign
p.P75R,0.096,benign
p.P75S,0.0676,benign
p.P75T,0.0644,benign
p.P75V,0.1038,benign
p.P75W,0.3169,benign
p.P75Y,0.2242,benign
p.A76C,0.3078,benign
p.A76D,0.1387,benign
p.A76E,0.1157,benign
p.A76F,0.1771,benign
p.A76G,0.0887,benign
p.A76H,0.2388,benign
p.A76I,0.123,benign
p.A76K,0.2207,benign
p.A76L,0.0912,benign
p.A76M,0.1359,benign
p.A76N,0.1393,benign
p.A76P,0.0731,benign
p.A76Q,0.1586,benign
p.A76R,0.2017,benign
p.A76S,0.0813,benign
p.A76T,0.0653,benign
p.A76V,0.0762,benign
p.A76W,0.4582,ambiguous
p.A76Y,0.2651,benign
p.P77A,0.0525,benign
p.P77C,0.2702,benign
p.P77D,0.1716,benign
p.P77E,0.1202,benign
p.P77F,0.2198,benign
p.P77G,0.1286,benign
p.P77H,0.1179,benign
p.P77I,0.1578,benign
p.P77K,0.1755,benign
p.P77L,0.0827,benign
p.P77M,0.1795,benign
p.P77N,0.1575,benign
p.P77Q,0.0943,benign
p.P77R,0.1096,benign
p.P77S,0.0717,benign
p.P77T,0.0642,benign
p.P77V,0.1024,benign
p.P77W,0.3319,benign
p.P77Y,0.231,benign
p.A78C,0.3596,ambiguous
p.A78D,0.1352,benign
p.A78E,0.113,benign
p.A78F,0.2185,benign
p.A78G,0.0937,benign
p.A78H,0.2894,benign
p.A78I,0.1537,benign
p.A78K,0.2596,benign
p.A78L,0.1104,benign
p.A78M,0.1647,benign
p.A78N,0.1661,benign
p.A78P,0.0805,benign
p.A78Q,0.1812,benign
p.A78R,0.2365,benign
p.A78S,0.0836,benign
p.A78T,0.075,benign
p.A78V,0.0839,benign
p.A78W,0.4895,ambiguous
p.A78Y,0.324,benign
p.A79C,0.3638,ambiguous
p.A79D,0.1654,benign
p.A79E,0.1513,benign
p.A79F,0.1964,benign
p.A79G,0.095,benign
p.A79H,0.3076,benign
p.A79I,0.15,benign
p.A79K,0.3139,benign
p.A79L,0.1111,benign
p.A79M,0.1636,benign
p.A79N,0.1721,benign
p.A79P,0.0872,benign
p.A79Q,0.2034,benign
p.A79R,0.2829,benign
p.A79S,0.0825,benign
p.A79T,0.074,benign
p.A79V,0.0823,benign
p.A79W,0.5484,ambiguous
p.A79Y,0.3174,benign
p.P80A,0.0551,benign
p.P80C,0.3019,benign
p.P80D,0.2036,benign
p.P80E,0.1434,benign
p.P80F,0.2543,benign
p.P80G,0.1407,benign
p.P80H,0.1309,benign
p.P80I,0.1745,benign
p.P80K,0.2156,benign
p.P80L,0.0939,benign
p.P80M,0.2022,benign
p.P80N,0.1766,benign
p.P80Q,0.0998,benign
p.P80R,0.1313,benign
p.P80S,0.0748,benign
p.P80T,0.0699,benign
p.P80V,0.1113,benign
p.P80W,0.3929,ambiguous
p.P80Y,0.2708,benign
p.T81A,0.0548,benign
p.T81C,0.2826,benign
p.T81D,0.1918,benign
p.T81E,0.1539,benign
p.T81F,0.1527,benign
p.T81G,0.1121,benign
p.T81H,0.1745,benign
p.T81I,0.1024,benign
p.T81K,0.1719,benign
p.T81L,0.0725,benign
p.T81M,0.0991,benign
p.T81N,0.0964,benign
p.T81P,0.0574,benign
p.T81Q,0.14,benign
p.T81R,0.1527,benign
p.T81S,0.0777,benign
p.T81V,0.0799,benign
p.T81W,0.4145,ambiguous
p.T81Y,0.21,benign
p.P82A,0.0505,benign
p.P82C,0.264,benign
p.P82D,0.2085,benign
p.P82E,0.1329,benign
p.P82F,0.2153,benign
p.P82G,0.1398,benign
p.P82H,0.1134,benign
p.P82I,0.1441,benign
p.P82K,0.1922,benign
p.P82L,0.0705,benign
p.P82M,0.162,benign
p.P82N,0.1719,benign
p.P82Q,0.0891,benign
p.P82R,0.1146,benign
p.P82S,0.0711,benign
p.P82T,0.0654,benign
p.P82V,0.0943,benign
p.P82W,0.318,benign
p.P82Y,0.2351,benign
p.A83C,0.3828,ambiguous
p.A83D,0.1853,benign
p.A83E,0.1583,benign
p.A83F,0.2443,benign
p.A83G,0.1023,benign
p.A83H,0.3458,ambiguous
p.A83I,0.1681,benign
p.A83K,0.3434,ambiguous
p.A83L,0.1277,benign
p.A83M,0.1852,benign
p.A83N,0.1988,benign
p.A83P,0.0898,benign
p.A83Q,0.226,benign
p.A83R,0.301,benign
p.A83S,0.0886,benign
p.A83T,0.0809,benign
p.A83V,0.0854,benign
p.A83W,0.5622,ambiguous
p.A83Y,0.3743,ambiguous
p.A84C,0.3637,ambiguous
p.A84D,0.1994,benign
p.A84E,0.1828,benign
p.A84F,0.2075,benign
p.A84G,0.1066,benign
p.A84H,0.3404,ambiguous
p.A84I,0.1525,benign
p.A84K,0.3666,ambiguous
p.A84L,0.1109,benign
p.A84M,0.1686,benign
p.A84N,0.1882,benign
p.A84P,0.0867,benign
p.A84Q,0.2319,benign
p.A84R,0.3263,benign
p.A84S,0.0863,benign
p.A84T,0.0742,benign
p.A84V,0.0832,benign
p.A84W,0.5816,pathogenic
p.A84Y,0.3495,ambiguous
p.P85A,0.0562,benign
p.P85C,0.3213,benign
p.P85D,0.2609,benign
p.P85E,0.1785,benign
p.P85F,0.268,benign
p.P85G,0.1569,benign
p.P85H,0.1482,benign
p.P85I,0.1837,benign
p.P85K,0.2575,benign
p.P85L,0.0915,benign
p.P85M,0.207,benign
p.P85N,0.1986,benign
p.P85Q,0.114,benign
p.P85R,0.157,benign
p.P85S,0.0797,benign
p.P85T,0.0727,benign
p.P85V,0.1142,benign
p.P85W,0.4103,ambiguous
p.P85Y,0.2886,benign
p.A86C,0.3336,benign
p.A86D,0.226,benign
p.A86E,0.2013,benign
p.A86F,0.2123,benign
p.A86G,0.1028,benign
p.A86H,0.3366,benign
p.A86I,0.147,benign
p.A86K,0.3689,ambiguous
p.A86L,0.1065,benign
p.A86M,0.1651,benign
p.A86N,0.1792,benign
p.A86P,0.0816,benign
p.A86Q,0.2344,benign
p.A86R,0.3348,benign
p.A86S,0.086,benign
p.A86T,0.0687,benign
p.A86V,0.0842,benign
p.A86W,0.574,pathogenic
p.A86Y,0.3467,ambiguous
p.P87A,0.0574,benign
p.P87C,0.3261,benign
p.P87D,0.2819,benign
p.P87E,0.1901,benign
p.P87F,0.2839,benign
p.P87G,0.1726,benign
p.P87H,0.1546,benign
p.P87I,0.1875,benign
p.P87K,0.2696,benign
p.P87L,0.0909,benign
p.P87M,0.2153,benign
p.P87N,0.2153,benign
p.P87Q,0.1232,benign
p.P87R,0.1636,benign
p.P87S,0.0852,benign
p.P87T,0.0752,benign
p.P87V,0.1167,benign
p.P87W,0.4514,ambiguous
p.P87Y,0.3175,benign
p.A88C,0.3282,benign
p.A88D,0.2519,benign
p.A88E,0.2228,benign
p.A88F,0.2443,benign
p.A88G,0.0998,benign
p.A88H,0.3774,ambiguous
p.A88I,0.168,benign
p.A88K,0.4193,ambiguous
p.A88L,0.1265,benign
p.A88M,0.1906,benign
p.A88N,0.205,benign
p.A88P,0.0963,benign
p.A88Q,0.2544,benign
p.A88R,0.3922,ambiguous
p.A88S,0.0849,benign
p.A88T,0.0783,benign
p.A88V,0.0895,benign
p.A88W,0.6292,pathogenic
p.A88Y,0.3784,ambiguous
p.P89A,0.0564,benign
p.P89C,0.2463,benign
p.P89D,0.2462,benign
p.P89E,0.1772,benign
p.P89F,0.2295,benign
p.P89G,0.1442,benign
p.P89H,0.134,benign
p.P89I,0.1319,benign
p.P89K,0.23,benign
p.P89L,0.0824,benign
p.P89M,0.1743,benign
p.P89N,0.1541,benign
p.P89Q,0.1136,benign
p.P89R,0.1496,benign
p.P89S,0.0753,benign
p.P89T,0.0564,benign
p.P89V,0.0972,benign
p.P89W,0.3932,ambiguous
p.P89Y,0.2565,benign
p.S90A,0.0644,benign
p.S90C,0.0954,benign
p.S90D,0.3675,ambiguous
p.S90E,0.4113,ambiguous
p.S90F,0.1653,benign
p.S90G,0.1025,benign
p.S90H,0.29,benign
p.S90I,0.15,benign
p.S90K,0.6135,pathogenic
p.S90L,0.103,benign
p.S90M,0.2063,benign
p.S90N,0.1714,benign
p.S90P,0.0731,benign
p.S90Q,0.3458,ambiguous
p.S90R,0.5254,ambiguous
p.S90T,0.0749,benign
p.S90V,0.1222,benign
p.S90W,0.3,benign
p.S90Y,0.1906,benign
p.W91A,0.5809,pathogenic
p.W91C,0.7778,pathogenic
p.W91D,0.914,pathogenic
p.W91E,0.9253,pathogenic
p.W91F,0.2249,benign
p.W91G,0.4171,ambiguous
p.W91H,0.8558,pathogenic
p.W91I,0.5898,pathogenic
p.W91K,0.9641,pathogenic
p.W91L,0.3707,ambiguous
p.W91M,0.6634,pathogenic
p.W91N,0.8586,pathogenic
p.W91P,0.6349,pathogenic
p.W91Q,0.9033,pathogenic
p.W91R,0.9346,pathogenic
p.W91S,0.447,ambiguous
p.W91T,0.5926,pathogenic
p.W91V,0.4933,ambiguous
p.W91Y,0.5289,ambiguous
p.P92A,0.1419,benign
p.P92C,0.555,ambiguous
p.P92D,0.6764,pathogenic
p.P92E,0.492,ambiguous
p.P92F,0.5921,pathogenic
p.P92G,0.3719,ambiguous
p.P92H,0.3065,benign
p.P92I,0.4249,ambiguous
p.P92K,0.5541,ambiguous
p.P92L,0.186,benign
p.P92M,0.4047,ambiguous
p.P92N,0.4425,ambiguous
p.P92Q,0.2507,benign
p.P92R,0.373,ambiguous
p.P92S,0.2002,benign
p.P92T,0.1425,benign
p.P92V,0.2723,benign
p.P92W,0.7573,pathogenic
p.P92Y,0.6056,pathogenic
p.L93A,0.3383,benign
p.L93C,0.6666,pathogenic
p.L93D,0.8585,pathogenic
p.L93E,0.6405,pathogenic
p.L93F,0.2765,benign
p.L93G,0.636,pathogenic
p.L93H,0.5051,ambiguous
p.L93I,0.1815,benign
p.L93K,0.6189,pathogenic
p.L93M,0.2185,benign
p.L93N,0.6043,pathogenic
p.L93P,0.2035,benign
p.L93Q,0.3316,benign
p.L93R,0.4359,ambiguous
p.L93S,0.4072,ambiguous
p.L93T,0.3346,benign
p.L93V,0.1396,benign
p.L93W,0.6015,pathogenic
p.L93Y,0.6637,pathogenic
p.S94A,0.1502,benign
p.S94C,0.309,benign
p.S94D,0.9271,pathogenic
p.S94E,0.9373,pathogenic
p.S94F,0.7408,pathogenic
p.S94G,0.3203,benign
p.S94H,0.8654,pathogenic
p.S94I,0.7723,pathogenic
p.S94K,0.9852,pathogenic
p.S94L,0.418,ambiguous
p.S94M,0.6504,pathogenic
p.S94N,0.7584,pathogenic
p.S94P,0.3757,ambiguous
p.S94Q,0.898,pathogenic
p.S94R,0.9766,pathogenic
p.S94T,0.1639,benign
p.S94V,0.6211,pathogenic
p.S94W,0.8429,pathogenic
p.S94Y,0.7639,pathogenic
p.S95A,0.1129,benign
p.S95C,0.1946,benign
p.S95D,0.9294,pathogenic
p.S95E,0.9511,pathogenic
p.S95F,0.5749,pathogenic
p.S95G,0.2855,benign
p.S95H,0.8547,pathogenic
p.S95I,0.7491,pathogenic
p.S95K,0.9885,pathogenic
p.S95L,0.4096,ambiguous
p.S95M,0.6351,pathogenic
p.S95N,0.753,pathogenic
p.S95P,0.3471,ambiguous
p.S95Q,0.9124,pathogenic
p.S95R,0.9791,pathogenic
p.S95T,0.208,benign
p.S95V,0.554,ambiguous
p.S95W,0.794,pathogenic
p.S95Y,0.6561,pathogenic
p.S96A,0.0705,benign
p.S96C,0.0735,benign
p.S96D,0.7525,pathogenic
p.S96E,0.7954,pathogenic
p.S96F,0.1005,benign
p.S96G,0.185,benign
p.S96H,0.5035,ambiguous
p.S96I,0.2336,benign
p.S96K,0.9203,pathogenic
p.S96L,0.1676,benign
p.S96M,0.2261,benign
p.S96N,0.3709,ambiguous
p.S96P,0.3417,ambiguous
p.S96Q,0.6892,pathogenic
p.S96R,0.8655,pathogenic
p.S96T,0.0875,benign
p.S96V,0.1595,benign
p.S96W,0.2772,benign
p.S96Y,0.176,benign
p.V97A,0.9394,pathogenic
p.V97C,0.9708,pathogenic
p.V97D,0.9926,pathogenic
p.V97E,0.9841,pathogenic
p.V97F,0.7555,pathogenic
p.V97G,0.9574,pathogenic
p.V97H,0.99,pathogenic
p.V97I,0.1238,benign
p.V97K,0.9895,pathogenic
p.V97L,0.7885,pathogenic
p.V97M,0.8026,pathogenic
p.V97N,0.9755,pathogenic
p.V97P,0.9644,pathogenic
p.V97Q,0.9779,pathogenic
p.V97R,0.9743,pathogenic
p.V97S,0.9384,pathogenic
p.V97T,0.9119,pathogenic
p.V97W,0.9928,pathogenic
p.V97Y,0.9762,pathogenic
p.P98A,0.9289,pathogenic
p.P98C,0.9931,pathogenic
p.P98D,0.9994,pathogenic
p.P98E,0.9979,pathogenic
p.P98F,0.9973,pathogenic
p.P98G,0.9947,pathogenic
p.P98H,0.9956,pathogenic
p.P98I,0.9759,pathogenic
p.P98K,0.9984,pathogenic
p.P98L,0.9328,pathogenic
p.P98M,0.9929,pathogenic
p.P98N,0.9989,pathogenic
p.P98Q,0.9956,pathogenic
p.P98R,0.9928,pathogenic
p.P98S,0.9911,pathogenic
p.P98T,0.9793,pathogenic
p.P98V,0.9425,pathogenic
p.P98W,0.999,pathogenic
p.P98Y,0.9982,pathogenic
p.S99A,0.1293,benign
p.S99C,0.1223,benign
p.S99D,0.9326,pathogenic
p.S99E,0.9424,pathogenic
p.S99F,0.7366,pathogenic
p.S99G,0.3498,ambiguous
p.S99H,0.8773,pathogenic
p.S99I,0.5937,pathogenic
p.S99K,0.99,pathogenic
p.S99L,0.3848,ambiguous
p.S99M,0.6321,pathogenic
p.S99N,0.6939,pathogenic
p.S99P,0.4968,ambiguous
p.S99Q,0.9232,pathogenic
p.S99R,0.9759,pathogenic
p.S99T,0.2426,benign
p.S99V,0.4336,ambiguous
p.S99W,0.8337,pathogenic
p.S99Y,0.7584,pathogenic
p.Q100A,0.1818,benign
p.Q100C,0.6333,pathogenic
p.Q100D,0.5576,ambiguous
p.Q100E,0.1196,benign
p.Q100F,0.74,pathogenic
p.Q100G,0.258,benign
p.Q100H,0.2951,benign
p.Q100I,0.4695,ambiguous
p.Q100K,0.2262,benign
p.Q100L,0.1766,benign
p.Q100M,0.3977,ambiguous
p.Q100N,0.3288,benign
p.Q100P,0.0763,benign
p.Q100R,0.2143,benign
p.Q100S,0.2055,benign
p.Q100T,0.1739,benign
p.Q100V,0.2841,benign
p.Q100W,0.6625,pathogenic
p.Q100Y,0.5987,pathogenic
p.K101A,0.2711,benign
p.K101C,0.5815,pathogenic
p.K101D,0.3363,benign
p.K101E,0.1266,benign
p.K101F,0.743,pathogenic
p.K101G,0.3471,ambiguous
p.K101H,0.2362,benign
p.K101I,0.385,ambiguous
p.K101L,0.3431,ambiguous
p.K101M,0.2284,benign
p.K101N,0.2094,benign
p.K101P,0.7863,pathogenic
p.K101Q,0.1082,benign
p.K101R,0.0904,benign
p.K101S,0.2764,benign
p.K101T,0.1361,benign
p.K101V,0.319,benign
p.K101W,0.7555,pathogenic
p.K101Y,0.5537,ambiguous
p.T102A,0.081,benign
p.T102C,0.3096,benign
p.T102D,0.2173,benign
p.T102E,0.2262,benign
p.T102F,0.2724,benign
p.T102G,0.1999,benign
p.T102H,0.2253,benign
p.T102I,0.1692,benign
p.T102K,0.2343,benign
p.T102L,0.1239,benign
p.T102M,0.1054,benign
p.T102N,0.0839,benign
p.T102P,0.076,benign
p.T102Q,0.2215,benign
p.T102R,0.1907,benign
p.T102S,0.0959,benign
p.T102V,0.1517,benign
p.T102W,0.5816,pathogenic
p.T102Y,0.286,benign
p.Y103A,0.9126,pathogenic
p.Y103C,0.4456,ambiguous
p.Y103D,0.8976,pathogenic
p.Y103E,0.9587,pathogenic
p.Y103F,0.1061,benign
p.Y103G,0.9121,pathogenic
p.Y103H,0.4862,ambiguous
p.Y103I,0.831,pathogenic
p.Y103K,0.9736,pathogenic
p.Y103L,0.8038,pathogenic
p.Y103M,0.8703,pathogenic
p.Y103N,0.7661,pathogenic
p.Y103P,0.9851,pathogenic
p.Y103Q,0.9228,pathogenic
p.Y103R,0.9142,pathogenic
p.Y103S,0.7037,pathogenic
p.Y103T,0.8908,pathogenic
p.Y103V,0.7661,pathogenic
p.Y103W,0.2683,benign
p.Q104A,0.0982,benign
p.Q104C,0.1754,benign
p.Q104D,0.1777,benign
p.Q104E,0.0752,benign
p.Q104F,0.3302,benign
p.Q104G,0.1249,benign
p.Q104H,0.0754,benign
p.Q104I,0.2682,benign
p.Q104K,0.0865,benign
p.Q104L,0.097,benign
p.Q104M,0.2587,benign
p.Q104N,0.1417,benign
p.Q104P,0.0597,benign
p.Q104R,0.0671,benign
p.Q104S,0.111,benign
p.Q104T,0.1203,benign
p.Q104V,0.1735,benign
p.Q104W,0.2238,benign
p.Q104Y,0.1931,benign
p.G105A,0.91,pathogenic
p.G105C,0.9886,pathogenic
p.G105D,0.9794,pathogenic
p.G105E,0.9905,pathogenic
p.G105F,0.9956,pathogenic
p.G105H,0.9965,pathogenic
p.G105I,0.995,pathogenic
p.G105K,0.9964,pathogenic
p.G105L,0.9936,pathogenic
p.G105M,0.9967,pathogenic
p.G105N,0.9872,pathogenic
p.G105P,0.994,pathogenic
p.G105Q,0.9956,pathogenic
p.G105R,0.9962,pathogenic
p.G105S,0.9562,pathogenic
p.G105T,0.9819,pathogenic
p.G105V,0.9868,pathogenic
p.G105W,0.9936,pathogenic
p.G105Y,0.9927,pathogenic
p.S106A,0.0748,benign
p.S106C,0.074,benign
p.S106D,0.0825,benign
p.S106E,0.1379,benign
p.S106F,0.2,benign
p.S106G,0.0688,benign
p.S106H,0.1117,benign
p.S106I,0.0984,benign
p.S106K,0.1643,benign
p.S106L,0.1206,benign
p.S106M,0.1661,benign
p.S106N,0.0567,benign
p.S106P,0.1161,benign
p.S106Q,0.1524,benign
p.S106R,0.1535,benign
p.S106T,0.066,benign
p.S106V,0.1084,benign
p.S106W,0.2967,benign
p.S106Y,0.1548,benign
p.Y107A,0.6824,pathogenic
p.Y107C,0.1054,benign
p.Y107D,0.8344,pathogenic
p.Y107E,0.8884,pathogenic
p.Y107F,0.0791,benign
p.Y107G,0.6677,pathogenic
p.Y107H,0.1966,benign
p.Y107I,0.6974,pathogenic
p.Y107K,0.8746,pathogenic
p.Y107L,0.456,ambiguous
p.Y107M,0.7267,pathogenic
p.Y107N,0.4591,ambiguous
p.Y107P,0.9417,pathogenic
p.Y107Q,0.7612,pathogenic
p.Y107R,0.6924,pathogenic
p.Y107S,0.448,ambiguous
p.Y107T,0.7256,pathogenic
p.Y107V,0.5588,ambiguous
p.Y107W,0.2791,benign
p.G108A,0.1908,benign
p.G108C,0.2214,benign
p.G108D,0.2549,benign
p.G108E,0.423,ambiguous
p.G108F,0.7637,pathogenic
p.G108H,0.3437,ambiguous
p.G108I,0.7466,pathogenic
p.G108K,0.5099,ambiguous
p.G108L,0.658,pathogenic
p.G108M,0.7367,pathogenic
p.G108N,0.206,benign
p.G108P,0.9416,pathogenic
p.G108Q,0.3805,ambiguous
p.G108R,0.3172,benign
p.G108S,0.1259,benign
p.G108T,0.3901,ambiguous
p.G108V,0.6061,pathogenic
p.G108W,0.6991,pathogenic
p.G108Y,0.5776,pathogenic
p.F109A,0.9976,pathogenic
p.F109C,0.9844,pathogenic
p.F109D,0.9995,pathogenic
p.F109E,0.9994,pathogenic
p.F109G,0.9973,pathogenic
p.F109H,0.9969,pathogenic
p.F109I,0.9571,pathogenic
p.F109K,0.9991,pathogenic
p.F109L,0.9839,pathogenic
p.F109M,0.9667,pathogenic
p.F109N,0.9983,pathogenic
p.F109P,0.9998,pathogenic
p.F109Q,0.9988,pathogenic
p.F109R,0.9975,pathogenic
p.F109S,0.9989,pathogenic
p.F109T,0.9984,pathogenic
p.F109V,0.9749,pathogenic
p.F109W,0.9532,pathogenic
p.F109Y,0.8463,pathogenic
p.R110A,0.3074,benign
p.R110C,0.0983,benign
p.R110D,0.389,ambiguous
p.R110E,0.2304,benign
p.R110F,0.3533,ambiguous
p.R110G,0.2211,benign
p.R110H,0.0631,benign
p.R110I,0.2669,benign
p.R110K,0.1216,benign
p.R110L,0.2152,benign
p.R110M,0.3399,benign
p.R110N,0.3016,benign
p.R110P,0.9045,pathogenic
p.R110Q,0.0792,benign
p.R110S,0.2343,benign
p.R110T,0.1674,benign
p.R110V,0.2727,benign
p.R110W,0.1749,benign
p.R110Y,0.2093,benign
p.L111A,0.8123,pathogenic
p.L111C,0.8415,pathogenic
p.L111D,0.9981,pathogenic
p.L111E,0.9862,pathogenic
p.L111F,0.7154,pathogenic
p.L111G,0.9746,pathogenic
p.L111H,0.9742,pathogenic
p.L111I,0.1694,benign
p.L111K,0.9828,pathogenic
p.L111M,0.3444,ambiguous
p.L111N,0.9897,pathogenic
p.L111P,0.9584,pathogenic
p.L111Q,0.9593,pathogenic
p.L111R,0.9601,pathogenic
p.L111S,0.9683,pathogenic
p.L111T,0.7846,pathogenic
p.L111V,0.1396,benign
p.L111W,0.9219,pathogenic
p.L111Y,0.961,pathogenic
p.G112A,0.1727,benign
p.G112C,0.3776,ambiguous
p.G112D,0.4302,ambiguous
p.G112E,0.3726,ambiguous
p.G112F,0.8513,pathogenic
p.G112H,0.6198,pathogenic
p.G112I,0.6777,pathogenic
p.G112K,0.7159,pathogenic
p.G112L,0.7101,pathogenic
p.G112M,0.7509,pathogenic
p.G112N,0.5211,ambiguous
p.G112P,0.9818,pathogenic
p.G112Q,0.4666,ambiguous
p.G112R,0.5622,ambiguous
p.G112S,0.1593,benign
p.G112T,0.3364,benign
p.G112V,0.5033,ambiguous
p.G112W,0.8065,pathogenic
p.G112Y,0.755,pathogenic
p.F113A,0.9963,pathogenic
p.F113C,0.9677,pathogenic
p.F113D,0.9985,pathogenic
p.F113E,0.9989,pathogenic
p.F113G,0.9967,pathogenic
p.F113H,0.9927,pathogenic
p.F113I,0.9262,pathogenic
p.F113K,0.9988,pathogenic
p.F113L,0.9964,pathogenic
p.F113M,0.9767,pathogenic
p.F113N,0.9951,pathogenic
p.F113P,0.9993,pathogenic
p.F113Q,0.9976,pathogenic
p.F113R,0.9966,pathogenic
p.F113S,0.9952,pathogenic
p.F113T,0.9968,pathogenic
p.F113V,0.9446,pathogenic
p.F113W,0.9397,pathogenic
p.F113Y,0.8085,pathogenic
p.L114A,0.4215,ambiguous
p.L114C,0.6481,pathogenic
p.L114D,0.8617,pathogenic
p.L114E,0.5565,ambiguous
p.L114F,0.2723,benign
p.L114G,0.6798,pathogenic
p.L114H,0.3797,ambiguous
p.L114I,0.1441,benign
p.L114K,0.5153,ambiguous
p.L114M,0.1838,benign
p.L114N,0.5681,pathogenic
p.L114P,0.3056,benign
p.L114Q,0.2211,benign
p.L114R,0.3325,benign
p.L114S,0.4267,ambiguous
p.L114T,0.375,ambiguous
p.L114V,0.1575,benign
p.L114W,0.4845,ambiguous
p.L114Y,0.6318,pathogenic
p.H115A,0.1469,benign
p.H115C,0.1408,benign
p.H115D,0.1065,benign
p.H115E,0.1491,benign
p.H115F,0.3412,ambiguous
p.H115G,0.1632,benign
p.H115I,0.2678,benign
p.H115K,0.14,benign
p.H115L,0.1167,benign
p.H115M,0.363,ambiguous
p.H115N,0.059,benign
p.H115P,0.0802,benign
p.H115Q,0.0936,benign
p.H115R,0.0837,benign
p.H115S,0.1089,benign
p.H115T,0.1342,benign
p.H115V,0.1977,benign
p.H115W,0.3966,ambiguous
p.H115Y,0.1234,benign
p.S116A,0.1921,benign
p.S116C,0.2552,benign
p.S116D,0.9092,pathogenic
p.S116E,0.9212,pathogenic
p.S116F,0.6667,pathogenic
p.S116G,0.2886,benign
p.S116H,0.7848,pathogenic
p.S116I,0.7785,pathogenic
p.S116K,0.9772,pathogenic
p.S116L,0.4045,ambiguous
p.S116M,0.5745,pathogenic
p.S116N,0.6127,pathogenic
p.S116P,0.693,pathogenic
p.S116Q,0.8732,pathogenic
p.S116R,0.9606,pathogenic
p.S116T,0.1472,benign
p.S116V,0.6613,pathogenic
p.S116W,0.7456,pathogenic
p.S116Y,0.6522,pathogenic
p.G117A,0.539,ambiguous
p.G117C,0.8203,pathogenic
p.G117D,0.9325,pathogenic
p.G117E,0.9517,pathogenic
p.G117F,0.9816,pathogenic
p.G117H,0.95,pathogenic
p.G117I,0.9577,pathogenic
p.G117K,0.9665,pathogenic
p.G117L,0.9558,pathogenic
p.G117M,0.9644,pathogenic
p.G117N,0.8732,pathogenic
p.G117P,0.9748,pathogenic
p.G117Q,0.9267,pathogenic
p.G117R,0.9297,pathogenic
p.G117S,0.2758,benign
p.G117T,0.663,pathogenic
p.G117V,0.8929,pathogenic
p.G117W,0.9691,pathogenic
p.G117Y,0.9759,pathogenic
p.T118A,0.3644,ambiguous
p.T118C,0.8132,pathogenic
p.T118D,0.9499,pathogenic
p.T118E,0.8606,pathogenic
p.T118F,0.7931,pathogenic
p.T118G,0.779,pathogenic
p.T118H,0.842,pathogenic
p.T118I,0.7032,pathogenic
p.T118K,0.7421,pathogenic
p.T118L,0.3972,ambiguous
p.T118M,0.2056,benign
p.T118N,0.6829,pathogenic
p.T118P,0.5204,ambiguous
p.T118Q,0.7177,pathogenic
p.T118R,0.6794,pathogenic
p.T118S,0.5334,ambiguous
p.T118V,0.4668,ambiguous
p.T118W,0.9448,pathogenic
p.T118Y,0.8869,pathogenic
p.A119C,0.9391,pathogenic
p.A119D,0.9957,pathogenic
p.A119E,0.9839,pathogenic
p.A119F,0.9736,pathogenic
p.A119G,0.8488,pathogenic
p.A119H,0.972,pathogenic
p.A119I,0.9856,pathogenic
p.A119K,0.9794,pathogenic
p.A119L,0.8575,pathogenic
p.A119M,0.9288,pathogenic
p.A119N,0.9586,pathogenic
p.A119P,0.9356,pathogenic
p.A119Q,0.9055,pathogenic
p.A119R,0.91,pathogenic
p.A119S,0.4178,ambiguous
p.A119T,0.6385,pathogenic
p.A119V,0.9157,pathogenic
p.A119W,0.9949,pathogenic
p.A119Y,0.9863,pathogenic
p.K120A,0.9942,pathogenic
p.K120C,0.9994,pathogenic
p.K120D,0.9983,pathogenic
p.K120E,0.9978,pathogenic
p.K120F,0.9997,pathogenic
p.K120G,0.9951,pathogenic
p.K120H,0.9946,pathogenic
p.K120I,0.9992,pathogenic
p.K120L,0.9973,pathogenic
p.K120M,0.997,pathogenic
p.K120N,0.9987,pathogenic
p.K120P,0.9866,pathogenic
p.K120Q,0.9942,pathogenic
p.K120R,0.6345,pathogenic
p.K120S,0.9962,pathogenic
p.K120T,0.9939,pathogenic
p.K120V,0.9979,pathogenic
p.K120W,0.9993,pathogenic
p.K120Y,0.9987,pathogenic
p.S121A,0.7746,pathogenic
p.S121C,0.9438,pathogenic
p.S121D,0.9965,pathogenic
p.S121E,0.9959,pathogenic
p.S121F,0.9907,pathogenic
p.S121G,0.907,pathogenic
p.S121H,0.9875,pathogenic
p.S121I,0.9901,pathogenic
p.S121K,0.9986,pathogenic
p.S121L,0.9858,pathogenic
p.S121M,0.9709,pathogenic
p.S121N,0.9749,pathogenic
p.S121P,0.9975,pathogenic
p.S121Q,0.9903,pathogenic
p.S121R,0.9978,pathogenic
p.S121T,0.8597,pathogenic
p.S121V,0.9869,pathogenic
p.S121W,0.9743,pathogenic
p.S121Y,0.977,pathogenic
p.V122A,0.7958,pathogenic
p.V122C,0.9758,pathogenic
p.V122D,0.9947,pathogenic
p.V122E,0.9809,pathogenic
p.V122F,0.9381,pathogenic
p.V122G,0.9441,pathogenic
p.V122H,0.9936,pathogenic
p.V122I,0.4737,ambiguous
p.V122K,0.9834,pathogenic
p.V122L,0.9597,pathogenic
p.V122M,0.8281,pathogenic
p.V122N,0.974,pathogenic
p.V122P,0.9936,pathogenic
p.V122Q,0.9496,pathogenic
p.V122R,0.9576,pathogenic
p.V122S,0.867,pathogenic
p.V122T,0.8814,pathogenic
p.V122W,0.9988,pathogenic
p.V122Y,0.9925,pathogenic
p.T123A,0.4842,ambiguous
p.T123C,0.8758,pathogenic
p.T123D,0.9735,pathogenic
p.T123E,0.96,pathogenic
p.T123F,0.8463,pathogenic
p.T123G,0.7888,pathogenic
p.T123H,0.8737,pathogenic
p.T123I,0.7275,pathogenic
p.T123K,0.9036,pathogenic
p.T123L,0.3986,ambiguous
p.T123M,0.2237,benign
p.T123N,0.6684,pathogenic
p.T123P,0.5174,ambiguous
p.T123Q,0.7822,pathogenic
p.T123R,0.8629,pathogenic
p.T123S,0.5218,ambiguous
p.T123V,0.5358,ambiguous
p.T123W,0.9634,pathogenic
p.T123Y,0.9199,pathogenic
p.C124A,0.718,pathogenic
p.C124D,0.9838,pathogenic
p.C124E,0.9944,pathogenic
p.C124F,0.4765,ambiguous
p.C124G,0.5754,pathogenic
p.C124H,0.915,pathogenic
p.C124I,0.9129,pathogenic
p.C124K,0.9973,pathogenic
p.C124L,0.8639,pathogenic
p.C124M,0.8807,pathogenic
p.C124N,0.8774,pathogenic
p.C124P,0.9959,pathogenic
p.C124Q,0.9756,pathogenic
p.C124R,0.9764,pathogenic
p.C124S,0.4372,ambiguous
p.C124T,0.7823,pathogenic
p.C124V,0.7651,pathogenic
p.C124W,0.7055,pathogenic
p.C124Y,0.6263,pathogenic
p.T125A,0.9598,pathogenic
p.T125C,0.9876,pathogenic
p.T125D,0.9926,pathogenic
p.T125E,0.9907,pathogenic
p.T125F,0.99,pathogenic
p.T125G,0.9735,pathogenic
p.T125H,0.9905,pathogenic
p.T125I,0.9893,pathogenic
p.T125K,0.9893,pathogenic
p.T125L,0.9686,pathogenic
p.T125M,0.9602,pathogenic
p.T125N,0.9794,pathogenic
p.T125P,0.9855,pathogenic
p.T125Q,0.9775,pathogenic
p.T125R,0.9823,pathogenic
p.T125S,0.9221,pathogenic
p.T125V,0.9546,pathogenic
p.T125W,0.9964,pathogenic
p.T125Y,0.9938,pathogenic
p.Y126A,0.9931,pathogenic
p.Y126C,0.8716,pathogenic
p.Y126D,0.995,pathogenic
p.Y126E,0.9985,pathogenic
p.Y126F,0.1219,benign
p.Y126G,0.9882,pathogenic
p.Y126H,0.9448,pathogenic
p.Y126I,0.9676,pathogenic
p.Y126K,0.9984,pathogenic
p.Y126L,0.9741,pathogenic
p.Y126M,0.9839,pathogenic
p.Y126N,0.9806,pathogenic
p.Y126P,0.9978,pathogenic
p.Y126Q,0.9972,pathogenic
p.Y126R,0.9915,pathogenic
p.Y126S,0.97,pathogenic
p.Y126T,0.9914,pathogenic
p.Y126V,0.9201,pathogenic
p.Y126W,0.5503,ambiguous
p.S127A,0.7237,pathogenic
p.S127C,0.8325,pathogenic
p.S127D,0.9841,pathogenic
p.S127E,0.9927,pathogenic
p.S127F,0.9947,pathogenic
p.S127G,0.9187,pathogenic
p.S127H,0.9673,pathogenic
p.S127I,0.9853,pathogenic
p.S127K,0.999,pathogenic
p.S127L,0.9614,pathogenic
p.S127M,0.9874,pathogenic
p.S127N,0.9739,pathogenic
p.S127P,0.9962,pathogenic
p.S127Q,0.9913,pathogenic
p.S127R,0.9975,pathogenic
p.S127T,0.8718,pathogenic
p.S127V,0.977,pathogenic
p.S127W,0.9882,pathogenic
p.S127Y,0.9839,pathogenic
p.P128A,0.0757,benign
p.P128C,0.384,ambiguous
p.P128D,0.3015,benign
p.P128E,0.1674,benign
p.P128F,0.4162,ambiguous
p.P128G,0.2599,benign
p.P128H,0.155,benign
p.P128I,0.2671,benign
p.P128K,0.2082,benign
p.P128L,0.1109,benign
p.P128M,0.2683,benign
p.P128N,0.2561,benign
p.P128Q,0.1312,benign
p.P128R,0.1368,benign
p.P128S,0.1068,benign
p.P128T,0.0922,benign
p.P128V,0.1629,benign
p.P128W,0.5028,ambiguous
p.P128Y,0.3629,ambiguous
p.A129C,0.2084,benign
p.A129D,0.0679,benign
p.A129E,0.0903,benign
p.A129F,0.1479,benign
p.A129G,0.0979,benign
p.A129H,0.1559,benign
p.A129I,0.0928,benign
p.A129K,0.1659,benign
p.A129L,0.079,benign
p.A129M,0.1101,benign
p.A129N,0.0842,benign
p.A129P,0.1234,benign
p.A129Q,0.1251,benign
p.A129R,0.1549,benign
p.A129S,0.0672,benign
p.A129T,0.063,benign
p.A129V,0.0707,benign
p.A129W,0.3789,ambiguous
p.A129Y,0.1912,benign
p.L130A,0.7907,pathogenic
p.L130C,0.8165,pathogenic
p.L130D,0.9925,pathogenic
p.L130E,0.9407,pathogenic
p.L130F,0.8335,pathogenic
p.L130G,0.9319,pathogenic
p.L130H,0.916,pathogenic
p.L130I,0.4647,ambiguous
p.L130K,0.812,pathogenic
p.L130M,0.4372,ambiguous
p.L130N,0.9351,pathogenic
p.L130P,0.9844,pathogenic
p.L130Q,0.767,pathogenic
p.L130R,0.6991,pathogenic
p.L130S,0.926,pathogenic
p.L130T,0.7858,pathogenic
p.L130V,0.4003,ambiguous
p.L130W,0.9391,pathogenic
p.L130Y,0.952,pathogenic
p.N131A,0.5899,pathogenic
p.N131C,0.4411,ambiguous
p.N131D,0.1983,benign
p.N131E,0.5432,ambiguous
p.N131F,0.9198,pathogenic
p.N131G,0.2684,benign
p.N131H,0.1721,benign
p.N131I,0.9111,pathogenic
p.N131K,0.3836,ambiguous
p.N131L,0.7251,pathogenic
p.N131M,0.7767,pathogenic
p.N131P,0.9555,pathogenic
p.N131Q,0.3629,ambiguous
p.N131R,0.3838,ambiguous
p.N131S,0.1566,benign
p.N131T,0.5533,ambiguous
p.N131V,0.8591,pathogenic
p.N131W,0.9305,pathogenic
p.N131Y,0.5291,ambiguous
p.K132A,0.9962,pathogenic
p.K132C,0.9951,pathogenic
p.K132D,0.9994,pathogenic
p.K132E,0.9978,pathogenic
p.K132F,0.9995,pathogenic
p.K132G,0.9969,pathogenic
p.K132H,0.9837,pathogenic
p.K132I,0.997,pathogenic
p.K132L,0.9933,pathogenic
p.K132M,0.9874,pathogenic
p.K132N,0.9987,pathogenic
p.K132P,0.9989,pathogenic
p.K132Q,0.9807,pathogenic
p.K132R,0.5077,ambiguous
p.K132S,0.9982,pathogenic
p.K132T,0.9872,pathogenic
p.K132V,0.9928,pathogenic
p.K132W,0.9994,pathogenic
p.K132Y,0.9976,pathogenic
p.M133A,0.8922,pathogenic
p.M133C,0.8983,pathogenic
p.M133D,0.9987,pathogenic
p.M133E,0.9916,pathogenic
p.M133F,0.7425,pathogenic
p.M133G,0.9764,pathogenic
p.M133H,0.9849,pathogenic
p.M133I,0.5785,pathogenic
p.M133K,0.9651,pathogenic
p.M133L,0.0735,benign
p.M133N,0.9848,pathogenic
p.M133P,0.9952,pathogenic
p.M133Q,0.9499,pathogenic
p.M133R,0.969,pathogenic
p.M133S,0.9731,pathogenic
p.M133T,0.9114,pathogenic
p.M133V,0.2123,benign
p.M133W,0.9727,pathogenic
p.M133Y,0.9556,pathogenic
p.F134A,0.9995,pathogenic
p.F134C,0.9992,pathogenic
p.F134D,0.9995,pathogenic
p.F134E,0.9998,pathogenic
p.F134G,0.9994,pathogenic
p.F134H,0.9971,pathogenic
p.F134I,0.9978,pathogenic
p.F134K,0.9998,pathogenic
p.F134L,0.9996,pathogenic
p.F134M,0.9989,pathogenic
p.F134N,0.9984,pathogenic
p.F134P,0.9999,pathogenic
p.F134Q,0.9998,pathogenic
p.F134R,0.9991,pathogenic
p.F134S,0.9992,pathogenic
p.F134T,0.9997,pathogenic
p.F134V,0.9977,pathogenic
p.F134W,0.964,pathogenic
p.F134Y,0.4046,ambiguous
p.C135A,0.9583,pathogenic
p.C135D,0.9998,pathogenic
p.C135E,0.9999,pathogenic
p.C135F,0.986,pathogenic
p.C135G,0.9352,pathogenic
p.C135H,0.999,pathogenic
p.C135I,0.9614,pathogenic
p.C135K,0.9999,pathogenic
p.C135L,0.9613,pathogenic
p.C135M,0.9913,pathogenic
p.C135N,0.9981,pathogenic
p.C135P,0.9992,pathogenic
p.C135Q,0.9992,pathogenic
p.C135R,0.9978,pathogenic
p.C135S,0.958,pathogenic
p.C135T,0.9364,pathogenic
p.C135V,0.8707,pathogenic
p.C135W,0.9986,pathogenic
p.C135Y,0.998,pathogenic
p.Q136A,0.7569,pathogenic
p.Q136C,0.9825,pathogenic
p.Q136D,0.9794,pathogenic
p.Q136E,0.7507,pathogenic
p.Q136F,0.9884,pathogenic
p.Q136G,0.8554,pathogenic
p.Q136H,0.9347,pathogenic
p.Q136I,0.9617,pathogenic
p.Q136K,0.7678,pathogenic
p.Q136L,0.7798,pathogenic
p.Q136M,0.8546,pathogenic
p.Q136N,0.8454,pathogenic
p.Q136P,0.9437,pathogenic
p.Q136R,0.6506,pathogenic
p.Q136S,0.707,pathogenic
p.Q136T,0.8488,pathogenic
p.Q136V,0.9014,pathogenic
p.Q136W,0.99,pathogenic
p.Q136Y,0.9841,pathogenic
p.L137A,0.9163,pathogenic
p.L137C,0.979,pathogenic
p.L137D,0.9968,pathogenic
p.L137E,0.98,pathogenic
p.L137F,0.9135,pathogenic
p.L137G,0.9819,pathogenic
p.L137H,0.976,pathogenic
p.L137I,0.3715,ambiguous
p.L137K,0.9115,pathogenic
p.L137M,0.3219,benign
p.L137N,0.9693,pathogenic
p.L137P,0.9377,pathogenic
p.L137Q,0.9075,pathogenic
p.L137R,0.8728,pathogenic
p.L137S,0.9802,pathogenic
p.L137T,0.9389,pathogenic
p.L137V,0.4695,ambiguous
p.L137W,0.9609,pathogenic
p.L137Y,0.972,pathogenic
p.A138C,0.8354,pathogenic
p.A138D,0.9364,pathogenic
p.A138E,0.884,pathogenic
p.A138F,0.8895,pathogenic
p.A138G,0.2073,benign
p.A138H,0.9196,pathogenic
p.A138I,0.9865,pathogenic
p.A138K,0.9621,pathogenic
p.A138L,0.8123,pathogenic
p.A138M,0.8812,pathogenic
p.A138N,0.7196,pathogenic
p.A138P,0.9887,pathogenic
p.A138Q,0.7173,pathogenic
p.A138R,0.8602,pathogenic
p.A138S,0.174,benign
p.A138T,0.7817,pathogenic
p.A138V,0.9331,pathogenic
p.A138W,0.9817,pathogenic
p.A138Y,0.9298,pathogenic
p.K139A,0.9585,pathogenic
p.K139C,0.9748,pathogenic
p.K139D,0.994,pathogenic
p.K139E,0.9567,pathogenic
p.K139F,0.9972,pathogenic
p.K139G,0.9722,pathogenic
p.K139H,0.8916,pathogenic
p.K139I,0.9804,pathogenic
p.K139L,0.965,pathogenic
p.K139M,0.9403,pathogenic
p.K139N,0.9818,pathogenic
p.K139P,0.992,pathogenic
p.K139Q,0.772,pathogenic
p.K139R,0.174,benign
p.K139S,0.9706,pathogenic
p.K139T,0.8955,pathogenic
p.K139V,0.9295,pathogenic
p.K139W,0.9951,pathogenic
p.K139Y,0.991,pathogenic
p.T140A,0.559,ambiguous
p.T140C,0.9361,pathogenic
p.T140D,0.9686,pathogenic
p.T140E,0.9721,pathogenic
p.T140F,0.9683,pathogenic
p.T140G,0.8458,pathogenic
p.T140H,0.9387,pathogenic
p.T140I,0.9262,pathogenic
p.T140K,0.9451,pathogenic
p.T140L,0.78,pathogenic
p.T140M,0.7084,pathogenic
p.T140N,0.7784,pathogenic
p.T140P,0.3055,benign
p.T140Q,0.9396,pathogenic
p.T140R,0.9108,pathogenic
p.T140S,0.6699,pathogenic
p.T140V,0.7853,pathogenic
p.T140W,0.99,pathogenic
p.T140Y,0.956,pathogenic
p.C141A,0.8948,pathogenic
p.C141D,0.9982,pathogenic
p.C141E,0.9992,pathogenic
p.C141F,0.8882,pathogenic
p.C141G,0.906,pathogenic
p.C141H,0.9922,pathogenic
p.C141I,0.8966,pathogenic
p.C141K,0.9995,pathogenic
p.C141L,0.9124,pathogenic
p.C141M,0.9493,pathogenic
p.C141N,0.977,pathogenic
p.C141P,0.9983,pathogenic
p.C141Q,0.9951,pathogenic
p.C141R,0.9943,pathogenic
p.C141S,0.8319,pathogenic
p.C141T,0.8897,pathogenic
p.C141V,0.7556,pathogenic
p.C141W,0.9877,pathogenic
p.C141Y,0.9774,pathogenic
p.P142A,0.6572,pathogenic
p.P142C,0.9781,pathogenic
p.P142D,0.9952,pathogenic
p.P142E,0.9805,pathogenic
p.P142F,0.9934,pathogenic
p.P142G,0.9686,pathogenic
p.P142H,0.9499,pathogenic
p.P142I,0.9726,pathogenic
p.P142K,0.9794,pathogenic
p.P142L,0.8091,pathogenic
p.P142M,0.958,pathogenic
p.P142N,0.99,pathogenic
p.P142Q,0.9289,pathogenic
p.P142R,0.9261,pathogenic
p.P142S,0.8928,pathogenic
p.P142T,0.8496,pathogenic
p.P142V,0.9207,pathogenic
p.P142W,0.995,pathogenic
p.P142Y,0.993,pathogenic
p.V143A,0.9245,pathogenic
p.V143C,0.9765,pathogenic
p.V143D,0.9995,pathogenic
p.V143E,0.997,pathogenic
p.V143F,0.8238,pathogenic
p.V143G,0.9773,pathogenic
p.V143H,0.9989,pathogenic
p.V143I,0.1019,benign
p.V143K,0.998,pathogenic
p.V143L,0.5804,pathogenic
p.V143M,0.6458,pathogenic
p.V143N,0.9975,pathogenic
p.V143P,0.9976,pathogenic
p.V143Q,0.9952,pathogenic
p.V143R,0.9952,pathogenic
p.V143S,0.9884,pathogenic
p.V143T,0.9674,pathogenic
p.V143W,0.9981,pathogenic
p.V143Y,0.9934,pathogenic
p.Q144A,0.6137,pathogenic
p.Q144C,0.8954,pathogenic
p.Q144D,0.8812,pathogenic
p.Q144E,0.1697,benign
p.Q144F,0.9385,pathogenic
p.Q144G,0.7243,pathogenic
p.Q144H,0.628,pathogenic
p.Q144I,0.7989,pathogenic
p.Q144K,0.335,benign
p.Q144L,0.344,ambiguous
p.Q144M,0.6092,pathogenic
p.Q144N,0.6816,pathogenic
p.Q144P,0.9497,pathogenic
p.Q144R,0.3028,benign
p.Q144S,0.6153,pathogenic
p.Q144T,0.5895,pathogenic
p.Q144V,0.6377,pathogenic
p.Q144W,0.9178,pathogenic
p.Q144Y,0.8611,pathogenic
p.L145A,0.9049,pathogenic
p.L145C,0.8445,pathogenic
p.L145D,0.9993,pathogenic
p.L145E,0.9948,pathogenic
p.L145F,0.4941,ambiguous
p.L145G,0.9865,pathogenic
p.L145H,0.9861,pathogenic
p.L145I,0.1191,benign
p.L145K,0.9946,pathogenic
p.L145M,0.2145,benign
p.L145N,0.9951,pathogenic
p.L145P,0.9946,pathogenic
p.L145Q,0.9799,pathogenic
p.L145R,0.9863,pathogenic
p.L145S,0.9872,pathogenic
p.L145T,0.9443,pathogenic
p.L145V,0.1076,benign
p.L145W,0.9454,pathogenic
p.L145Y,0.9558,pathogenic
p.W146A,0.5144,ambiguous
p.W146C,0.6342,pathogenic
p.W146D,0.8742,pathogenic
p.W146E,0.7421,pathogenic
p.W146F,0.2585,benign
p.W146G,0.5479,ambiguous
p.W146H,0.5021,ambiguous
p.W146I,0.5628,ambiguous
p.W146K,0.675,pathogenic
p.W146L,0.3508,ambiguous
p.W146M,0.514,ambiguous
p.W146N,0.805,pathogenic
p.W146P,0.9937,pathogenic
p.W146Q,0.5876,pathogenic
p.W146R,0.5671,pathogenic
p.W146S,0.3925,ambiguous
p.W146T,0.4427,ambiguous
p.W146V,0.4597,ambiguous
p.W146Y,0.3846,ambiguous
p.V147A,0.5938,pathogenic
p.V147C,0.8732,pathogenic
p.V147D,0.9858,pathogenic
p.V147E,0.9668,pathogenic
p.V147F,0.6895,pathogenic
p.V147G,0.6169,pathogenic
p.V147H,0.9883,pathogenic
p.V147I,0.2039,benign
p.V147K,0.9786,pathogenic
p.V147L,0.4268,ambiguous
p.V147M,0.3729,ambiguous
p.V147N,0.9533,pathogenic
p.V147P,0.9883,pathogenic
p.V147Q,0.9648,pathogenic
p.V147R,0.9647,pathogenic
p.V147S,0.8128,pathogenic
p.V147T,0.3624,ambiguous
p.V147W,0.9882,pathogenic
p.V147Y,0.9724,pathogenic
p.D148A,0.1061,benign
p.D148C,0.339,benign
p.D148E,0.1156,benign
p.D148F,0.4713,ambiguous
p.D148G,0.1079,benign
p.D148H,0.1571,benign
p.D148I,0.2932,benign
p.D148K,0.2374,benign
p.D148L,0.2614,benign
p.D148M,0.4263,ambiguous
p.D148N,0.0719,benign
p.D148P,0.6418,pathogenic
p.D148Q,0.1844,benign
p.D148R,0.2281,benign
p.D148S,0.0713,benign
p.D148T,0.1162,benign
p.D148V,0.1965,benign
p.D148W,0.7607,pathogenic
p.D148Y,0.208,benign
p.S149A,0.0651,benign
p.S149C,0.0758,benign
p.S149D,0.2592,benign
p.S149E,0.3048,benign
p.S149F,0.1304,benign
p.S149G,0.0908,benign
p.S149H,0.195,benign
p.S149I,0.1517,benign
p.S149K,0.3828,ambiguous
p.S149L,0.0907,benign
p.S149M,0.1457,benign
p.S149N,0.1281,benign
p.S149P,0.5992,pathogenic
p.S149Q,0.2758,benign
p.S149R,0.3187,benign
p.S149T,0.0641,benign
p.S149V,0.1229,benign
p.S149W,0.27,benign
p.S149Y,0.1357,benign
p.T150A,0.0591,benign
p.T150C,0.1784,benign
p.T150D,0.2075,benign
p.T150E,0.1734,benign
p.T150F,0.14,benign
p.T150G,0.1689,benign
p.T150H,0.1355,benign
p.T150I,0.0817,benign
p.T150K,0.1507,benign
p.T150L,0.0579,benign
p.T150M,0.0712,benign
p.T150N,0.0873,benign
p.T150P,0.0473,benign
p.T150Q,0.1288,benign
p.T150R,0.123,benign
p.T150S,0.0791,benign
p.T150V,0.0733,benign
p.T150W,0.3901,ambiguous
p.T150Y,0.1817,benign
p.P151A,0.6047,pathogenic
p.P151C,0.9338,pathogenic
p.P151D,0.9991,pathogenic
p.P151E,0.9961,pathogenic
p.P151F,0.9875,pathogenic
p.P151G,0.9777,pathogenic
p.P151H,0.992,pathogenic
p.P151I,0.733,pathogenic
p.P151K,0.9968,pathogenic
p.P151L,0.5469,ambiguous
p.P151M,0.9153,pathogenic
p.P151N,0.9971,pathogenic
p.P151Q,0.9907,pathogenic
p.P151R,0.9897,pathogenic
p.P151S,0.961,pathogenic
p.P151T,0.8944,pathogenic
p.P151V,0.587,pathogenic
p.P151W,0.998,pathogenic
p.P151Y,0.9965,pathogenic
p.P152A,0.3011,benign
p.P152C,0.8229,pathogenic
p.P152D,0.9006,pathogenic
p.P152E,0.7486,pathogenic
p.P152F,0.8822,pathogenic
p.P152G,0.698,pathogenic
p.P152H,0.6865,pathogenic
p.P152I,0.7032,pathogenic
p.P152K,0.7899,pathogenic
p.P152L,0.3559,ambiguous
p.P152M,0.7186,pathogenic
p.P152N,0.8625,pathogenic
p.P152Q,0.5994,pathogenic
p.P152R,0.6385,pathogenic
p.P152S,0.4796,ambiguous
p.P152T,0.4973,ambiguous
p.P152V,0.5521,ambiguous
p.P152W,0.9495,pathogenic
p.P152Y,0.8867,pathogenic
p.P153A,0.0565,benign
p.P153C,0.2572,benign
p.P153D,0.2563,benign
p.P153E,0.1445,benign
p.P153F,0.2715,benign
p.P153G,0.2054,benign
p.P153H,0.1129,benign
p.P153I,0.1665,benign
p.P153K,0.1727,benign
p.P153L,0.0741,benign
p.P153M,0.1725,benign
p.P153N,0.1908,benign
p.P153Q,0.0872,benign
p.P153R,0.0975,benign
p.P153S,0.0929,benign
p.P153T,0.0862,benign
p.P153V,0.1116,benign
p.P153W,0.3747,ambiguous
p.P153Y,0.2758,benign
p.G154A,0.2768,benign
p.G154C,0.3408,ambiguous
p.G154D,0.261,benign
p.G154E,0.3976,ambiguous
p.G154F,0.6849,pathogenic
p.G154H,0.479,ambiguous
p.G154I,0.7892,pathogenic
p.G154K,0.7454,pathogenic
p.G154L,0.6683,pathogenic
p.G154M,0.6961,pathogenic
p.G154N,0.2439,benign
p.G154P,0.94,pathogenic
p.G154Q,0.4827,ambiguous
p.G154R,0.5843,pathogenic
p.G154S,0.1525,benign
p.G154T,0.3805,ambiguous
p.G154V,0.5817,pathogenic
p.G154W,0.6447,pathogenic
p.G154Y,0.5469,ambiguous
p.T155A,0.086,benign
p.T155C,0.2118,benign
p.T155D,0.9629,pathogenic
p.T155E,0.9695,pathogenic
p.T155F,0.8902,pathogenic
p.T155G,0.3793,ambiguous
p.T155H,0.8989,pathogenic
p.T155I,0.833,pathogenic
p.T155K,0.974,pathogenic
p.T155L,0.581,pathogenic
p.T155M,0.4361,ambiguous
p.T155N,0.7722,pathogenic
p.T155P,0.9028,pathogenic
p.T155Q,0.9165,pathogenic
p.T155R,0.9479,pathogenic
p.T155S,0.0875,benign
p.T155V,0.517,ambiguous
p.T155W,0.9699,pathogenic
p.T155Y,0.9178,pathogenic
p.R156A,0.6224,pathogenic
p.R156C,0.1809,benign
p.R156D,0.9323,pathogenic
p.R156E,0.6494,pathogenic
p.R156F,0.5958,pathogenic
p.R156G,0.6544,pathogenic
p.R156H,0.1586,benign
p.R156I,0.3879,ambiguous
p.R156K,0.18,benign
p.R156L,0.3339,benign
p.R156M,0.4523,ambiguous
p.R156N,0.8244,pathogenic
p.R156P,0.9793,pathogenic
p.R156Q,0.1429,benign
p.R156S,0.6905,pathogenic
p.R156T,0.4236,ambiguous
p.R156V,0.3593,ambiguous
p.R156W,0.2709,benign
p.R156Y,0.4762,ambiguous
p.V157A,0.9464,pathogenic
p.V157C,0.9744,pathogenic
p.V157D,0.9992,pathogenic
p.V157E,0.9966,pathogenic
p.V157F,0.9349,pathogenic
p.V157G,0.9524,pathogenic
p.V157H,0.9988,pathogenic
p.V157I,0.1052,benign
p.V157K,0.9971,pathogenic
p.V157L,0.6073,pathogenic
p.V157M,0.856,pathogenic
p.V157N,0.997,pathogenic
p.V157P,0.9948,pathogenic
p.V157Q,0.9957,pathogenic
p.V157R,0.9941,pathogenic
p.V157S,0.9901,pathogenic
p.V157T,0.9748,pathogenic
p.V157W,0.9983,pathogenic
p.V157Y,0.9927,pathogenic
p.R158A,0.9977,pathogenic
p.R158C,0.9622,pathogenic
p.R158D,0.9994,pathogenic
p.R158E,0.9952,pathogenic
p.R158F,0.9992,pathogenic
p.R158G,0.9963,pathogenic
p.R158H,0.9236,pathogenic
p.R158I,0.9971,pathogenic
p.R158K,0.9285,pathogenic
p.R158L,0.9902,pathogenic
p.R158M,0.9989,pathogenic
p.R158N,0.9989,pathogenic
p.R158P,0.9986,pathogenic
p.R158Q,0.9552,pathogenic
p.R158S,0.9981,pathogenic
p.R158T,0.9979,pathogenic
p.R158V,0.9953,pathogenic
p.R158W,0.9826,pathogenic
p.R158Y,0.9961,pathogenic
p.A159C,0.7688,pathogenic
p.A159D,0.9985,pathogenic
p.A159E,0.9976,pathogenic
p.A159F,0.979,pathogenic
p.A159G,0.5551,ambiguous
p.A159H,0.9973,pathogenic
p.A159I,0.9256,pathogenic
p.A159K,0.9994,pathogenic
p.A159L,0.8367,pathogenic
p.A159M,0.8932,pathogenic
p.A159N,0.9914,pathogenic
p.A159P,0.9973,pathogenic
p.A159Q,0.9938,pathogenic
p.A159R,0.9967,pathogenic
p.A159S,0.4783,ambiguous
p.A159T,0.4315,ambiguous
p.A159V,0.6808,pathogenic
p.A159W,0.999,pathogenic
p.A159Y,0.9967,pathogenic
p.M160A,0.9231,pathogenic
p.M160C,0.9567,pathogenic
p.M160D,0.9993,pathogenic
p.M160E,0.9884,pathogenic
p.M160F,0.9205,pathogenic
p.M160G,0.9861,pathogenic
p.M160H,0.9933,pathogenic
p.M160I,0.9318,pathogenic
p.M160K,0.9752,pathogenic
p.M160L,0.4727,ambiguous
p.M160N,0.9874,pathogenic
p.M160P,0.9996,pathogenic
p.M160Q,0.9302,pathogenic
p.M160R,0.978,pathogenic
p.M160S,0.9369,pathogenic
p.M160T,0.5246,ambiguous
p.M160V,0.2649,benign
p.M160W,0.9944,pathogenic
p.M160Y,0.9933,pathogenic
p.A161C,0.9503,pathogenic
p.A161D,0.9987,pathogenic
p.A161E,0.9983,pathogenic
p.A161F,0.995,pathogenic
p.A161G,0.7679,pathogenic
p.A161H,0.999,pathogenic
p.A161I,0.984,pathogenic
p.A161K,0.9996,pathogenic
p.A161L,0.8551,pathogenic
p.A161M,0.9748,pathogenic
p.A161N,0.996,pathogenic
p.A161P,0.6616,pathogenic
p.A161Q,0.9959,pathogenic
p.A161R,0.9971,pathogenic
p.A161S,0.782,pathogenic
p.A161T,0.9563,pathogenic
p.A161V,0.8937,pathogenic
p.A161W,0.9997,pathogenic
p.A161Y,0.9988,pathogenic
p.I162A,0.95,pathogenic
p.I162C,0.956,pathogenic
p.I162D,0.9994,pathogenic
p.I162E,0.9975,pathogenic
p.I162F,0.7741,pathogenic
p.I162G,0.9946,pathogenic
p.I162H,0.9946,pathogenic
p.I162K,0.9923,pathogenic
p.I162L,0.4472,ambiguous
p.I162M,0.4763,ambiguous
p.I162N,0.9882,pathogenic
p.I162P,0.9976,pathogenic
p.I162Q,0.9926,pathogenic
p.I162R,0.9843,pathogenic
p.I162S,0.9693,pathogenic
p.I162T,0.9144,pathogenic
p.I162V,0.0931,benign
p.I162W,0.9929,pathogenic
p.I162Y,0.9763,pathogenic
p.Y163A,0.9992,pathogenic
p.Y163C,0.9824,pathogenic
p.Y163D,0.9992,pathogenic
p.Y163E,0.9998,pathogenic
p.Y163F,0.2372,benign
p.Y163G,0.9958,pathogenic
p.Y163H,0.9929,pathogenic
p.Y163I,0.9983,pathogenic
p.Y163K,0.9996,pathogenic
p.Y163L,0.9894,pathogenic
p.Y163M,0.9977,pathogenic
p.Y163N,0.9958,pathogenic
p.Y163P,0.9985,pathogenic
p.Y163Q,0.9995,pathogenic
p.Y163R,0.9974,pathogenic
p.Y163S,0.9949,pathogenic
p.Y163T,0.999,pathogenic
p.Y163V,0.9965,pathogenic
p.Y163W,0.8813,pathogenic
p.K164A,0.9414,pathogenic
p.K164C,0.9482,pathogenic
p.K164D,0.9935,pathogenic
p.K164E,0.9696,pathogenic
p.K164F,0.9952,pathogenic
p.K164G,0.9522,pathogenic
p.K164H,0.8487,pathogenic
p.K164I,0.9769,pathogenic
p.K164L,0.9306,pathogenic
p.K164M,0.901,pathogenic
p.K164N,0.983,pathogenic
p.K164P,0.9931,pathogenic
p.K164Q,0.5962,pathogenic
p.K164R,0.1385,benign
p.K164S,0.9419,pathogenic
p.K164T,0.8969,pathogenic
p.K164V,0.952,pathogenic
p.K164W,0.9896,pathogenic
p.K164Y,0.9784,pathogenic
p.Q165A,0.3009,benign
p.Q165C,0.8166,pathogenic
p.Q165D,0.6544,pathogenic
p.Q165E,0.238,benign
p.Q165F,0.8864,pathogenic
p.Q165G,0.4131,ambiguous
p.Q165H,0.3948,ambiguous
p.Q165I,0.7338,pathogenic
p.Q165K,0.1186,benign
p.Q165L,0.2476,benign
p.Q165M,0.4253,ambiguous
p.Q165N,0.3741,ambiguous
p.Q165P,0.5766,pathogenic
p.Q165R,0.2235,benign
p.Q165S,0.3367,benign
p.Q165T,0.3102,benign
p.Q165V,0.5143,ambiguous
p.Q165W,0.8866,pathogenic
p.Q165Y,0.7491,pathogenic
p.S166A,0.0945,benign
p.S166C,0.3307,benign
p.S166D,0.8878,pathogenic
p.S166E,0.8608,pathogenic
p.S166F,0.5969,pathogenic
p.S166G,0.3208,benign
p.S166H,0.7686,pathogenic
p.S166I,0.5185,ambiguous
p.S166K,0.9574,pathogenic
p.S166L,0.1355,benign
p.S166M,0.2784,benign
p.S166N,0.5809,pathogenic
p.S166P,0.3253,benign
p.S166Q,0.7497,pathogenic
p.S166R,0.9586,pathogenic
p.S166T,0.157,benign
p.S166V,0.3909,ambiguous
p.S166W,0.6894,pathogenic
p.S166Y,0.5873,pathogenic
p.Q167A,0.2839,benign
p.Q167C,0.883,pathogenic
p.Q167D,0.6807,pathogenic
p.Q167E,0.0935,benign
p.Q167F,0.9381,pathogenic
p.Q167G,0.466,ambiguous
p.Q167H,0.5183,ambiguous
p.Q167I,0.6934,pathogenic
p.Q167K,0.3089,benign
p.Q167L,0.3813,ambiguous
p.Q167M,0.5716,pathogenic
p.Q167N,0.4789,ambiguous
p.Q167P,0.287,benign
p.Q167R,0.3113,benign
p.Q167S,0.3445,ambiguous
p.Q167T,0.3604,ambiguous
p.Q167V,0.4895,ambiguous
p.Q167W,0.9049,pathogenic
p.Q167Y,0.8878,pathogenic
p.H168A,0.9222,pathogenic
p.H168C,0.5888,pathogenic
p.H168D,0.6778,pathogenic
p.H168E,0.9297,pathogenic
p.H168F,0.304,benign
p.H168G,0.9164,pathogenic
p.H168I,0.9492,pathogenic
p.H168K,0.9385,pathogenic
p.H168L,0.7531,pathogenic
p.H168M,0.922,pathogenic
p.H168N,0.4148,ambiguous
p.H168P,0.9646,pathogenic
p.H168Q,0.8384,pathogenic
p.H168R,0.8669,pathogenic
p.H168S,0.8036,pathogenic
p.H168T,0.9415,pathogenic
p.H168V,0.9113,pathogenic
p.H168W,0.5773,pathogenic
p.H168Y,0.1263,benign
p.M169A,0.7727,pathogenic
p.M169C,0.8643,pathogenic
p.M169D,0.9912,pathogenic
p.M169E,0.9216,pathogenic
p.M169F,0.688,pathogenic
p.M169G,0.9474,pathogenic
p.M169H,0.9264,pathogenic
p.M169I,0.6481,pathogenic
p.M169K,0.7249,pathogenic
p.M169L,0.3431,ambiguous
p.M169N,0.9339,pathogenic
p.M169P,0.9904,pathogenic
p.M169Q,0.6168,pathogenic
p.M169R,0.6324,pathogenic
p.M169S,0.8511,pathogenic
p.M169T,0.7014,pathogenic
p.M169V,0.1036,benign
p.M169W,0.9349,pathogenic
p.M169Y,0.9203,pathogenic
p.T170A,0.2803,benign
p.T170C,0.8137,pathogenic
p.T170D,0.9157,pathogenic
p.T170E,0.8414,pathogenic
p.T170F,0.9103,pathogenic
p.T170G,0.5247,ambiguous
p.T170H,0.8188,pathogenic
p.T170I,0.8872,pathogenic
p.T170K,0.7513,pathogenic
p.T170L,0.4268,ambiguous
p.T170M,0.2516,benign
p.T170N,0.5438,ambiguous
p.T170P,0.6747,pathogenic
p.T170Q,0.6245,pathogenic
p.T170R,0.6801,pathogenic
p.T170S,0.4327,ambiguous
p.T170V,0.6648,pathogenic
p.T170W,0.9631,pathogenic
p.T170Y,0.925,pathogenic
p.E171A,0.8731,pathogenic
p.E171C,0.9944,pathogenic
p.E171D,0.3892,ambiguous
p.E171F,0.9972,pathogenic
p.E171G,0.9178,pathogenic
p.E171H,0.9814,pathogenic
p.E171I,0.9846,pathogenic
p.E171K,0.926,pathogenic
p.E171L,0.976,pathogenic
p.E171M,0.9731,pathogenic
p.E171N,0.9208,pathogenic
p.E171P,0.9985,pathogenic
p.E171Q,0.8251,pathogenic
p.E171R,0.9552,pathogenic
p.E171S,0.8916,pathogenic
p.E171T,0.9385,pathogenic
p.E171V,0.9389,pathogenic
p.E171W,0.9985,pathogenic
p.E171Y,0.9934,pathogenic
p.V172A,0.7232,pathogenic
p.V172C,0.9718,pathogenic
p.V172D,0.9749,pathogenic
p.V172E,0.9553,pathogenic
p.V172F,0.9499,pathogenic
p.V172G,0.8569,pathogenic
p.V172H,0.9935,pathogenic
p.V172I,0.1538,benign
p.V172K,0.9808,pathogenic
p.V172L,0.9284,pathogenic
p.V172M,0.8346,pathogenic
p.V172N,0.9103,pathogenic
p.V172P,0.8202,pathogenic
p.V172Q,0.9691,pathogenic
p.V172R,0.9689,pathogenic
p.V172S,0.8663,pathogenic
p.V172T,0.6829,pathogenic
p.V172W,0.9974,pathogenic
p.V172Y,0.9897,pathogenic
p.V173A,0.9926,pathogenic
p.V173C,0.9952,pathogenic
p.V173D,0.9997,pathogenic
p.V173E,0.9987,pathogenic
p.V173F,0.9982,pathogenic
p.V173G,0.9863,pathogenic
p.V173H,0.9998,pathogenic
p.V173I,0.6823,pathogenic
p.V173K,0.9991,pathogenic
p.V173L,0.9942,pathogenic
p.V173M,0.9974,pathogenic
p.V173N,0.9992,pathogenic
p.V173P,0.9825,pathogenic
p.V173Q,0.9983,pathogenic
p.V173R,0.9955,pathogenic
p.V173S,0.9936,pathogenic
p.V173T,0.9878,pathogenic
p.V173W,0.9999,pathogenic
p.V173Y,0.9996,pathogenic
p.R174A,0.9391,pathogenic
p.R174C,0.5178,ambiguous
p.R174D,0.9914,pathogenic
p.R174E,0.9157,pathogenic
p.R174F,0.9662,pathogenic
p.R174G,0.8976,pathogenic
p.R174H,0.4461,ambiguous
p.R174I,0.8266,pathogenic
p.R174K,0.1746,benign
p.R174L,0.7229,pathogenic
p.R174M,0.8398,pathogenic
p.R174N,0.9769,pathogenic
p.R174P,0.9894,pathogenic
p.R174Q,0.3163,benign
p.R174S,0.9558,pathogenic
p.R174T,0.8583,pathogenic
p.R174V,0.8273,pathogenic
p.R174W,0.7385,pathogenic
p.R174Y,0.9223,pathogenic
p.R175A,0.9957,pathogenic
p.R175C,0.9186,pathogenic
p.R175D,0.9996,pathogenic
p.R175E,0.9975,pathogenic
p.R175F,0.9995,pathogenic
p.R175G,0.9953,pathogenic
p.R175H,0.9857,pathogenic
p.R175I,0.9939,pathogenic
p.R175K,0.9728,pathogenic
p.R175L,0.9907,pathogenic
p.R175M,0.999,pathogenic
p.R175N,0.9985,pathogenic
p.R175P,0.9906,pathogenic
p.R175Q,0.9764,pathogenic
p.R175S,0.9988,pathogenic
p.R175T,0.997,pathogenic
p.R175V,0.9898,pathogenic
p.R175W,0.9938,pathogenic
p.R175Y,0.9977,pathogenic
p.C176A,0.9997,pathogenic
p.C176D,0.9998,pathogenic
p.C176E,1.0,pathogenic
p.C176F,0.999,pathogenic
p.C176G,0.999,pathogenic
p.C176H,0.9995,pathogenic
p.C176I,0.9998,pathogenic
p.C176K,1.0,pathogenic
p.C176L,0.9993,pathogenic
p.C176M,0.9998,pathogenic
p.C176N,0.9999,pathogenic
p.C176P,0.9997,pathogenic
p.C176Q,1.0,pathogenic
p.C176R,0.9999,pathogenic
p.C176S,0.9997,pathogenic
p.C176T,0.9999,pathogenic
p.C176V,0.9997,pathogenic
p.C176W,0.9993,pathogenic
p.C176Y,0.9994,pathogenic
p.P177A,0.9442,pathogenic
p.P177C,0.9933,pathogenic
p.P177D,0.9991,pathogenic
p.P177E,0.9968,pathogenic
p.P177F,0.9953,pathogenic
p.P177G,0.993,pathogenic
p.P177H,0.9769,pathogenic
p.P177I,0.9819,pathogenic
p.P177K,0.9954,pathogenic
p.P177L,0.9256,pathogenic
p.P177M,0.9905,pathogenic
p.P177N,0.9975,pathogenic
p.P177Q,0.9875,pathogenic
p.P177R,0.9661,pathogenic
p.P177S,0.9845,pathogenic
p.P177T,0.978,pathogenic
p.P177V,0.9678,pathogenic
p.P177W,0.9959,pathogenic
p.P177Y,0.9945,pathogenic
p.H178A,0.9942,pathogenic
p.H178C,0.942,pathogenic
p.H178D,0.9988,pathogenic
p.H178E,0.9991,pathogenic
p.H178F,0.9358,pathogenic
p.H178G,0.9965,pathogenic
p.H178I,0.9893,pathogenic
p.H178K,0.9974,pathogenic
p.H178L,0.9223,pathogenic
p.H178M,0.99,pathogenic
p.H178N,0.9457,pathogenic
p.H178P,0.9813,pathogenic
p.H178Q,0.9953,pathogenic
p.H178R,0.9907,pathogenic
p.H178S,0.9867,pathogenic
p.H178T,0.9929,pathogenic
p.H178V,0.9864,pathogenic
p.H178W,0.9512,pathogenic
p.H178Y,0.9159,pathogenic
p.H179A,0.9996,pathogenic
p.H179C,0.9878,pathogenic
p.H179D,0.9985,pathogenic
p.H179E,0.9992,pathogenic
p.H179F,0.9988,pathogenic
p.H179G,0.9994,pathogenic
p.H179I,0.9998,pathogenic
p.H179K,0.9972,pathogenic
p.H179L,0.996,pathogenic
p.H179M,0.9994,pathogenic
p.H179N,0.9987,pathogenic
p.H179P,0.9947,pathogenic
p.H179Q,0.999,pathogenic
p.H179R,0.9963,pathogenic
p.H179S,0.9994,pathogenic
p.H179T,0.9997,pathogenic
p.H179V,0.9997,pathogenic
p.H179W,0.9918,pathogenic
p.H179Y,0.9976,pathogenic
p.E180A,0.8966,pathogenic
p.E180C,0.9957,pathogenic
p.E180D,0.9843,pathogenic
p.E180F,0.9983,pathogenic
p.E180G,0.9391,pathogenic
p.E180H,0.9961,pathogenic
p.E180I,0.9876,pathogenic
p.E180K,0.9545,pathogenic
p.E180L,0.9876,pathogenic
p.E180M,0.9785,pathogenic
p.E180N,0.9947,pathogenic
p.E180P,0.9995,pathogenic
p.E180Q,0.6972,pathogenic
p.E180R,0.9686,pathogenic
p.E180S,0.939,pathogenic
p.E180T,0.9784,pathogenic
p.E180V,0.9619,pathogenic
p.E180W,0.9995,pathogenic
p.E180Y,0.9977,pathogenic
p.R181A,0.9365,pathogenic
p.R181C,0.7821,pathogenic
p.R181D,0.969,pathogenic
p.R181E,0.918,pathogenic
p.R181F,0.9698,pathogenic
p.R181G,0.8319,pathogenic
p.R181H,0.5897,pathogenic
p.R181I,0.8978,pathogenic
p.R181K,0.5021,ambiguous
p.R181L,0.7789,pathogenic
p.R181M,0.92,pathogenic
p.R181N,0.9303,pathogenic
p.R181P,0.9881,pathogenic
p.R181Q,0.5038,ambiguous
p.R181S,0.9524,pathogenic
p.R181T,0.9137,pathogenic
p.R181V,0.9178,pathogenic
p.R181W,0.8386,pathogenic
p.R181Y,0.9175,pathogenic
p.C182A,0.303,benign
p.C182D,0.6467,pathogenic
p.C182E,0.8029,pathogenic
p.C182F,0.2808,benign
p.C182G,0.1252,benign
p.C182H,0.56,ambiguous
p.C182I,0.5509,ambiguous
p.C182K,0.8636,pathogenic
p.C182L,0.4904,ambiguous
p.C182M,0.5763,pathogenic
p.C182N,0.2772,benign
p.C182P,0.8677,pathogenic
p.C182Q,0.6167,pathogenic
p.C182R,0.577,pathogenic
p.C182S,0.1432,benign
p.C182T,0.2763,benign
p.C182V,0.3973,ambiguous
p.C182W,0.6232,pathogenic
p.C182Y,0.4342,ambiguous
p.S183A,0.0844,benign
p.S183C,0.1329,benign
p.S183D,0.5895,pathogenic
p.S183E,0.6969,pathogenic
p.S183F,0.3462,ambiguous
p.S183G,0.0997,benign
p.S183H,0.5481,ambiguous
p.S183I,0.302,benign
p.S183K,0.8672,pathogenic
p.S183L,0.1353,benign
p.S183M,0.2572,benign
p.S183N,0.2328,benign
p.S183P,0.1431,benign
p.S183Q,0.6339,pathogenic
p.S183R,0.8145,pathogenic
p.S183T,0.0928,benign
p.S183V,0.2396,benign
p.S183W,0.5124,ambiguous
p.S183Y,0.4008,ambiguous
p.D184A,0.3377,benign
p.D184C,0.702,pathogenic
p.D184E,0.1615,benign
p.D184F,0.7036,pathogenic
p.D184G,0.2792,benign
p.D184H,0.5343,ambiguous
p.D184I,0.5842,pathogenic
p.D184K,0.6912,pathogenic
p.D184L,0.5756,pathogenic
p.D184M,0.7759,pathogenic
p.D184N,0.1931,benign
p.D184P,0.7166,pathogenic
p.D184Q,0.5513,ambiguous
p.D184R,0.6854,pathogenic
p.D184S,0.2213,benign
p.D184T,0.3938,ambiguous
p.D184V,0.3933,ambiguous
p.D184W,0.9257,pathogenic
p.D184Y,0.451,ambiguous
p.S185A,0.1073,benign
p.S185C,0.1144,benign
p.S185D,0.3869,ambiguous
p.S185E,0.5751,pathogenic
p.S185F,0.376,ambiguous
p.S185G,0.0635,benign
p.S185H,0.3539,ambiguous
p.S185I,0.2053,benign
p.S185K,0.7004,pathogenic
p.S185L,0.1892,benign
p.S185M,0.2443,benign
p.S185N,0.0957,benign
p.S185P,0.3448,ambiguous
p.S185Q,0.4911,ambiguous
p.S185R,0.6104,pathogenic
p.S185T,0.0858,benign
p.S185V,0.2128,benign
p.S185W,0.5161,ambiguous
p.S185Y,0.3444,ambiguous
p.D186A,0.6348,pathogenic
p.D186C,0.8978,pathogenic
p.D186E,0.4078,ambiguous
p.D186F,0.9112,pathogenic
p.D186G,0.5048,ambiguous
p.D186H,0.803,pathogenic
p.D186I,0.8904,pathogenic
p.D186K,0.8827,pathogenic
p.D186L,0.8285,pathogenic
p.D186M,0.9369,pathogenic
p.D186N,0.3448,ambiguous
p.D186P,0.8725,pathogenic
p.D186Q,0.8221,pathogenic
p.D186R,0.8559,pathogenic
p.D186S,0.4325,ambiguous
p.D186T,0.659,pathogenic
p.D186V,0.7499,pathogenic
p.D186W,0.9714,pathogenic
p.D186Y,0.7262,pathogenic
p.G187A,0.2047,benign
p.G187C,0.2974,benign
p.G187D,0.4916,ambiguous
p.G187E,0.5275,ambiguous
p.G187F,0.6951,pathogenic
p.G187H,0.627,pathogenic
p.G187I,0.4464,ambiguous
p.G187K,0.8056,pathogenic
p.G187L,0.5779,pathogenic
p.G187M,0.6439,pathogenic
p.G187N,0.3905,ambiguous
p.G187P,0.8414,pathogenic
p.G187Q,0.6098,pathogenic
p.G187R,0.6489,pathogenic
p.G187S,0.1262,benign
p.G187T,0.2514,benign
p.G187V,0.3175,benign
p.G187W,0.6932,pathogenic
p.G187Y,0.6616,pathogenic
p.L188A,0.2332,benign
p.L188C,0.5863,pathogenic
p.L188D,0.6577,pathogenic
p.L188E,0.4127,ambiguous
p.L188F,0.2063,benign
p.L188G,0.5033,ambiguous
p.L188H,0.2979,benign
p.L188I,0.1269,benign
p.L188K,0.3779,ambiguous
p.L188M,0.1544,benign
p.L188N,0.3632,ambiguous
p.L188P,0.1339,benign
p.L188Q,0.1893,benign
p.L188R,0.2609,benign
p.L188S,0.2905,benign
p.L188T,0.2467,benign
p.L188V,0.1186,benign
p.L188W,0.3995,ambiguous
p.L188Y,0.5037,ambiguous
p.A189C,0.7797,pathogenic
p.A189D,0.9857,pathogenic
p.A189E,0.9731,pathogenic
p.A189F,0.8472,pathogenic
p.A189G,0.6979,pathogenic
p.A189H,0.956,pathogenic
p.A189I,0.798,pathogenic
p.A189K,0.9917,pathogenic
p.A189L,0.6483,pathogenic
p.A189M,0.8523,pathogenic
p.A189N,0.959,pathogenic
p.A189P,0.7205,pathogenic
p.A189Q,0.9461,pathogenic
p.A189R,0.9618,pathogenic
p.A189S,0.3994,ambiguous
p.A189T,0.7003,pathogenic
p.A189V,0.5887,pathogenic
p.A189W,0.9773,pathogenic
p.A189Y,0.932,pathogenic
p.P190A,0.4869,ambiguous
p.P190C,0.9435,pathogenic
p.P190D,0.9678,pathogenic
p.P190E,0.9358,pathogenic
p.P190F,0.966,pathogenic
p.P190G,0.8994,pathogenic
p.P190H,0.7649,pathogenic
p.P190I,0.953,pathogenic
p.P190K,0.9297,pathogenic
p.P190L,0.7083,pathogenic
p.P190M,0.9414,pathogenic
p.P190N,0.9398,pathogenic
p.P190Q,0.8424,pathogenic
p.P190R,0.8268,pathogenic
p.P190S,0.6927,pathogenic
p.P190T,0.8083,pathogenic
p.P190V,0.8915,pathogenic
p.P190W,0.9834,pathogenic
p.P190Y,0.9581,pathogenic
p.P191A,0.1423,benign
p.P191C,0.8088,pathogenic
p.P191D,0.945,pathogenic
p.P191E,0.8377,pathogenic
p.P191F,0.9425,pathogenic
p.P191G,0.6704,pathogenic
p.P191H,0.6467,pathogenic
p.P191I,0.8878,pathogenic
p.P191K,0.7883,pathogenic
p.P191L,0.5851,pathogenic
p.P191M,0.8586,pathogenic
p.P191N,0.8511,pathogenic
p.P191Q,0.5141,ambiguous
p.P191R,0.5246,ambiguous
p.P191S,0.3445,ambiguous
p.P191T,0.5102,ambiguous
p.P191V,0.7007,pathogenic
p.P191W,0.9586,pathogenic
p.P191Y,0.9189,pathogenic
p.Q192A,0.2354,benign
p.Q192C,0.7827,pathogenic
p.Q192D,0.5891,pathogenic
p.Q192E,0.1097,benign
p.Q192F,0.8753,pathogenic
p.Q192G,0.261,benign
p.Q192H,0.3598,ambiguous
p.Q192I,0.7849,pathogenic
p.Q192K,0.2843,benign
p.Q192L,0.3186,benign
p.Q192M,0.5933,pathogenic
p.Q192N,0.3832,ambiguous
p.Q192P,0.3204,benign
p.Q192R,0.2727,benign
p.Q192S,0.2403,benign
p.Q192T,0.3754,ambiguous
p.Q192V,0.5828,pathogenic
p.Q192W,0.8096,pathogenic
p.Q192Y,0.7393,pathogenic
p.H193A,0.9991,pathogenic
p.H193C,0.9677,pathogenic
p.H193D,0.998,pathogenic
p.H193E,0.9989,pathogenic
p.H193F,0.983,pathogenic
p.H193G,0.999,pathogenic
p.H193I,0.9993,pathogenic
p.H193K,0.9992,pathogenic
p.H193L,0.9942,pathogenic
p.H193M,0.9981,pathogenic
p.H193N,0.9845,pathogenic
p.H193P,0.9975,pathogenic
p.H193Q,0.9979,pathogenic
p.H193R,0.9982,pathogenic
p.H193S,0.9971,pathogenic
p.H193T,0.9995,pathogenic
p.H193V,0.9992,pathogenic
p.H193W,0.9784,pathogenic
p.H193Y,0.9627,pathogenic
p.L194A,0.9926,pathogenic
p.L194C,0.9933,pathogenic
p.L194D,0.9998,pathogenic
p.L194E,0.9993,pathogenic
p.L194F,0.9428,pathogenic
p.L194G,0.9986,pathogenic
p.L194H,0.9974,pathogenic
p.L194I,0.5835,pathogenic
p.L194K,0.9978,pathogenic
p.L194M,0.8253,pathogenic
p.L194N,0.9987,pathogenic
p.L194P,0.9989,pathogenic
p.L194Q,0.9979,pathogenic
p.L194R,0.9952,pathogenic
p.L194S,0.9988,pathogenic
p.L194T,0.9936,pathogenic
p.L194V,0.7109,pathogenic
p.L194W,0.9939,pathogenic
p.L194Y,0.996,pathogenic
p.I195A,0.9945,pathogenic
p.I195C,0.9942,pathogenic
p.I195D,0.9999,pathogenic
p.I195E,0.9993,pathogenic
p.I195F,0.9288,pathogenic
p.I195G,0.999,pathogenic
p.I195H,0.9992,pathogenic
p.I195K,0.9982,pathogenic
p.I195L,0.2338,benign
p.I195M,0.4112,ambiguous
p.I195N,0.998,pathogenic
p.I195P,0.9979,pathogenic
p.I195Q,0.9973,pathogenic
p.I195R,0.9977,pathogenic
p.I195S,0.9967,pathogenic
p.I195T,0.9962,pathogenic
p.I195V,0.4167,ambiguous
p.I195W,0.9984,pathogenic
p.I195Y,0.9948,pathogenic
p.R196A,0.9941,pathogenic
p.R196C,0.906,pathogenic
p.R196D,0.9986,pathogenic
p.R196E,0.9856,pathogenic
p.R196F,0.9938,pathogenic
p.R196G,0.9907,pathogenic
p.R196H,0.8171,pathogenic
p.R196I,0.9865,pathogenic
p.R196K,0.8812,pathogenic
p.R196L,0.9763,pathogenic
p.R196M,0.9927,pathogenic
p.R196N,0.9966,pathogenic
p.R196P,0.9985,pathogenic
p.R196Q,0.8076,pathogenic
p.R196S,0.9935,pathogenic
p.R196T,0.9897,pathogenic
p.R196V,0.9843,pathogenic
p.R196W,0.8582,pathogenic
p.R196Y,0.9837,pathogenic
p.V197A,0.7733,pathogenic
p.V197C,0.9432,pathogenic
p.V197D,0.9975,pathogenic
p.V197E,0.9891,pathogenic
p.V197F,0.9737,pathogenic
p.V197G,0.9,pathogenic
p.V197H,0.9986,pathogenic
p.V197I,0.2531,benign
p.V197K,0.9954,pathogenic
p.V197L,0.9179,pathogenic
p.V197M,0.8149,pathogenic
p.V197N,0.9925,pathogenic
p.V197P,0.9945,pathogenic
p.V197Q,0.9879,pathogenic
p.V197R,0.9904,pathogenic
p.V197S,0.9227,pathogenic
p.V197T,0.8551,pathogenic
p.V197W,0.9992,pathogenic
p.V197Y,0.9974,pathogenic
p.E198A,0.9123,pathogenic
p.E198C,0.9925,pathogenic
p.E198D,0.9126,pathogenic
p.E198F,0.9977,pathogenic
p.E198G,0.8918,pathogenic
p.E198H,0.991,pathogenic
p.E198I,0.9911,pathogenic
p.E198K,0.9619,pathogenic
p.E198L,0.9908,pathogenic
p.E198M,0.9884,pathogenic
p.E198N,0.9839,pathogenic
p.E198P,0.9952,pathogenic
p.E198Q,0.8704,pathogenic
p.E198R,0.9637,pathogenic
p.E198S,0.9341,pathogenic
p.E198T,0.9712,pathogenic
p.E198V,0.9698,pathogenic
p.E198W,0.9988,pathogenic
p.E198Y,0.9964,pathogenic
p.G199A,0.7779,pathogenic
p.G199C,0.9256,pathogenic
p.G199D,0.9505,pathogenic
p.G199E,0.9647,pathogenic
p.G199F,0.9939,pathogenic
p.G199H,0.9886,pathogenic
p.G199I,0.9905,pathogenic
p.G199K,0.9923,pathogenic
p.G199L,0.9872,pathogenic
p.G199M,0.9883,pathogenic
p.G199N,0.9299,pathogenic
p.G199P,0.9976,pathogenic
p.G199Q,0.9798,pathogenic
p.G199R,0.9824,pathogenic
p.G199S,0.7501,pathogenic
p.G199T,0.9385,pathogenic
p.G199V,0.9687,pathogenic
p.G199W,0.9862,pathogenic
p.G199Y,0.9849,pathogenic
p.N200A,0.8658,pathogenic
p.N200C,0.5899,pathogenic
p.N200D,0.7248,pathogenic
p.N200E,0.963,pathogenic
p.N200F,0.954,pathogenic
p.N200G,0.8668,pathogenic
p.N200H,0.5591,ambiguous
p.N200I,0.8104,pathogenic
p.N200K,0.9759,pathogenic
p.N200L,0.8329,pathogenic
p.N200M,0.8712,pathogenic
p.N200P,0.9559,pathogenic
p.N200Q,0.9355,pathogenic
p.N200R,0.9725,pathogenic
p.N200S,0.2322,benign
p.N200T,0.6728,pathogenic
p.N200V,0.8136,pathogenic
p.N200W,0.9867,pathogenic
p.N200Y,0.7838,pathogenic
p.L201A,0.1339,benign
p.L201C,0.3744,ambiguous
p.L201D,0.4619,ambiguous
p.L201E,0.2412,benign
p.L201F,0.1485,benign
p.L201G,0.2483,benign
p.L201H,0.175,benign
p.L201I,0.1171,benign
p.L201K,0.2691,benign
p.L201M,0.0943,benign
p.L201N,0.2196,benign
p.L201P,0.0876,benign
p.L201Q,0.0982,benign
p.L201R,0.1793,benign
p.L201S,0.1323,benign
p.L201T,0.1305,benign
p.L201V,0.0939,benign
p.L201W,0.2357,benign
p.L201Y,0.3429,ambiguous
p.R202A,0.2512,benign
p.R202C,0.116,benign
p.R202D,0.325,benign
p.R202E,0.2762,benign
p.R202F,0.3891,ambiguous
p.R202G,0.1515,benign
p.R202H,0.0714,benign
p.R202I,0.4061,ambiguous
p.R202K,0.1535,benign
p.R202L,0.1554,benign
p.R202M,0.3412,ambiguous
p.R202N,0.2568,benign
p.R202P,0.5449,ambiguous
p.R202Q,0.0845,benign
p.R202S,0.28,benign
p.R202T,0.263,benign
p.R202V,0.3739,ambiguous
p.R202W,0.1695,benign
p.R202Y,0.2333,benign
p.V203A,0.1,benign
p.V203C,0.6638,pathogenic
p.V203D,0.921,pathogenic
p.V203E,0.8955,pathogenic
p.V203F,0.865,pathogenic
p.V203G,0.3338,benign
p.V203H,0.9702,pathogenic
p.V203I,0.228,benign
p.V203K,0.9634,pathogenic
p.V203L,0.7401,pathogenic
p.V203M,0.5787,pathogenic
p.V203N,0.8106,pathogenic
p.V203P,0.7184,pathogenic
p.V203Q,0.8935,pathogenic
p.V203R,0.9252,pathogenic
p.V203S,0.234,benign
p.V203T,0.2401,benign
p.V203W,0.9909,pathogenic
p.V203Y,0.9737,pathogenic
p.E204A,0.2159,benign
p.E204C,0.8336,pathogenic
p.E204D,0.1919,benign
p.E204F,0.8283,pathogenic
p.E204G,0.394,ambiguous
p.E204H,0.4794,ambiguous
p.E204I,0.4776,ambiguous
p.E204K,0.2764,benign
p.E204L,0.5007,ambiguous
p.E204M,0.512,ambiguous
p.E204N,0.3671,ambiguous
p.E204P,0.9601,pathogenic
p.E204Q,0.1258,benign
p.E204R,0.3603,ambiguous
p.E204S,0.2584,benign
p.E204T,0.2644,benign
p.E204V,0.3037,benign
p.E204W,0.9271,pathogenic
p.E204Y,0.753,pathogenic
p.Y205A,0.9987,pathogenic
p.Y205C,0.9974,pathogenic
p.Y205D,0.9971,pathogenic
p.Y205E,0.9995,pathogenic
p.Y205F,0.787,pathogenic
p.Y205G,0.9901,pathogenic
p.Y205H,0.9986,pathogenic
p.Y205I,0.9917,pathogenic
p.Y205K,0.9996,pathogenic
p.Y205L,0.9799,pathogenic
p.Y205M,0.9963,pathogenic
p.Y205N,0.9856,pathogenic
p.Y205P,0.997,pathogenic
p.Y205Q,0.9998,pathogenic
p.Y205R,0.9992,pathogenic
p.Y205S,0.9955,pathogenic
p.Y205T,0.9982,pathogenic
p.Y205V,0.9875,pathogenic
p.Y205W,0.9814,pathogenic
p.L206A,0.1294,benign
p.L206C,0.2169,benign
p.L206D,0.6253,pathogenic
p.L206E,0.2341,benign
p.L206F,0.1276,benign
p.L206G,0.4231,ambiguous
p.L206H,0.1235,benign
p.L206I,0.0898,benign
p.L206K,0.2252,benign
p.L206M,0.0836,benign
p.L206N,0.3178,benign
p.L206P,0.9462,pathogenic
p.L206Q,0.088,benign
p.L206R,0.1358,benign
p.L206S,0.1231,benign
p.L206T,0.1118,benign
p.L206V,0.0691,benign
p.L206W,0.1824,benign
p.L206Y,0.2663,benign
p.D207A,0.4022,ambiguous
p.D207C,0.8244,pathogenic
p.D207E,0.2799,benign
p.D207F,0.8629,pathogenic
p.D207G,0.5033,ambiguous
p.D207H,0.6425,pathogenic
p.D207I,0.7299,pathogenic
p.D207K,0.8223,pathogenic
p.D207L,0.7412,pathogenic
p.D207M,0.849,pathogenic
p.D207N,0.267,benign
p.D207P,0.9147,pathogenic
p.D207Q,0.637,pathogenic
p.D207R,0.8124,pathogenic
p.D207S,0.2727,benign
p.D207T,0.4691,ambiguous
p.D207V,0.5058,ambiguous
p.D207W,0.9553,pathogenic
p.D207Y,0.5888,pathogenic
p.D208A,0.9084,pathogenic
p.D208C,0.8798,pathogenic
p.D208E,0.9192,pathogenic
p.D208F,0.9936,pathogenic
p.D208G,0.9278,pathogenic
p.D208H,0.9284,pathogenic
p.D208I,0.9852,pathogenic
p.D208K,0.9897,pathogenic
p.D208L,0.9822,pathogenic
p.D208M,0.9938,pathogenic
p.D208N,0.5927,pathogenic
p.D208P,0.9908,pathogenic
p.D208Q,0.9775,pathogenic
p.D208R,0.9835,pathogenic
p.D208S,0.755,pathogenic
p.D208T,0.9442,pathogenic
p.D208V,0.9529,pathogenic
p.D208W,0.998,pathogenic
p.D208Y,0.948,pathogenic
p.R209A,0.1483,benign
p.R209C,0.1559,benign
p.R209D,0.3081,benign
p.R209E,0.1404,benign
p.R209F,0.3972,ambiguous
p.R209G,0.1043,benign
p.R209H,0.1087,benign
p.R209I,0.1491,benign
p.R209K,0.0655,benign
p.R209L,0.1549,benign
p.R209M,0.1626,benign
p.R209N,0.2598,benign
p.R209P,0.1292,benign
p.R209Q,0.0751,benign
p.R209S,0.1899,benign
p.R209T,0.1071,benign
p.R209V,0.1694,benign
p.R209W,0.1651,benign
p.R209Y,0.3116,benign
p.N210A,0.1591,benign
p.N210C,0.1937,benign
p.N210D,0.1612,benign
p.N210E,0.2682,benign
p.N210F,0.3628,ambiguous
p.N210G,0.2199,benign
p.N210H,0.0826,benign
p.N210I,0.1668,benign
p.N210K,0.2679,benign
p.N210L,0.1928,benign
p.N210M,0.2232,benign
p.N210P,0.5182,ambiguous
p.N210Q,0.1922,benign
p.N210R,0.2681,benign
p.N210S,0.0892,benign
p.N210T,0.0949,benign
p.N210V,0.1558,benign
p.N210W,0.5747,pathogenic
p.N210Y,0.1341,benign
p.T211A,0.7434,pathogenic
p.T211C,0.8913,pathogenic
p.T211D,0.8989,pathogenic
p.T211E,0.9739,pathogenic
p.T211F,0.9679,pathogenic
p.T211G,0.6999,pathogenic
p.T211H,0.8303,pathogenic
p.T211I,0.974,pathogenic
p.T211K,0.9501,pathogenic
p.T211L,0.825,pathogenic
p.T211M,0.8022,pathogenic
p.T211N,0.4866,ambiguous
p.T211P,0.8468,pathogenic
p.T211Q,0.9286,pathogenic
p.T211R,0.9114,pathogenic
p.T211S,0.295,benign
p.T211V,0.9285,pathogenic
p.T211W,0.9808,pathogenic
p.T211Y,0.9436,pathogenic
p.F212A,0.537,ambiguous
p.F212C,0.2408,benign
p.F212D,0.7937,pathogenic
p.F212E,0.8186,pathogenic
p.F212G,0.5,ambiguous
p.F212H,0.4346,ambiguous
p.F212I,0.5688,pathogenic
p.F212K,0.6899,pathogenic
p.F212L,0.7743,pathogenic
p.F212M,0.5365,ambiguous
p.F212N,0.5446,ambiguous
p.F212P,0.9791,pathogenic
p.F212Q,0.5769,pathogenic
p.F212R,0.5296,ambiguous
p.F212S,0.3508,ambiguous
p.F212T,0.6653,pathogenic
p.F212V,0.4369,ambiguous
p.F212W,0.501,ambiguous
p.F212Y,0.135,benign
p.R213A,0.9985,pathogenic
p.R213C,0.9587,pathogenic
p.R213D,0.9993,pathogenic
p.R213E,0.995,pathogenic
p.R213F,0.9979,pathogenic
p.R213G,0.9955,pathogenic
p.R213H,0.9273,pathogenic
p.R213I,0.9971,pathogenic
p.R213K,0.9783,pathogenic
p.R213L,0.9906,pathogenic
p.R213M,0.9991,pathogenic
p.R213N,0.9986,pathogenic
p.R213P,0.9986,pathogenic
p.R213Q,0.9561,pathogenic
p.R213S,0.9984,pathogenic
p.R213T,0.9986,pathogenic
p.R213V,0.9976,pathogenic
p.R213W,0.9479,pathogenic
p.R213Y,0.992,pathogenic
p.H214A,0.9728,pathogenic
p.H214C,0.7867,pathogenic
p.H214D,0.9861,pathogenic
p.H214E,0.964,pathogenic
p.H214F,0.9313,pathogenic
p.H214G,0.9787,pathogenic
p.H214I,0.9923,pathogenic
p.H214K,0.9667,pathogenic
p.H214L,0.8,pathogenic
p.H214M,0.959,pathogenic
p.H214N,0.8346,pathogenic
p.H214P,0.9774,pathogenic
p.H214Q,0.7704,pathogenic
p.H214R,0.9451,pathogenic
p.H214S,0.9557,pathogenic
p.H214T,0.9916,pathogenic
p.H214V,0.9893,pathogenic
p.H214W,0.948,pathogenic
p.H214Y,0.8018,pathogenic
p.S215A,0.6135,pathogenic
p.S215C,0.4744,ambiguous
p.S215D,0.9952,pathogenic
p.S215E,0.9949,pathogenic
p.S215F,0.9772,pathogenic
p.S215G,0.8417,pathogenic
p.S215H,0.9567,pathogenic
p.S215I,0.984,pathogenic
p.S215K,0.9993,pathogenic
p.S215L,0.9553,pathogenic
p.S215M,0.9306,pathogenic
p.S215N,0.9616,pathogenic
p.S215P,0.9993,pathogenic
p.S215Q,0.9858,pathogenic
p.S215R,0.998,pathogenic
p.S215T,0.7415,pathogenic
p.S215V,0.9623,pathogenic
p.S215W,0.9678,pathogenic
p.S215Y,0.9626,pathogenic
p.V216A,0.7484,pathogenic
p.V216C,0.9298,pathogenic
p.V216D,0.9994,pathogenic
p.V216E,0.9979,pathogenic
p.V216F,0.9916,pathogenic
p.V216G,0.9564,pathogenic
p.V216H,0.9995,pathogenic
p.V216I,0.2941,benign
p.V216K,0.9986,pathogenic
p.V216L,0.9153,pathogenic
p.V216M,0.9421,pathogenic
p.V216N,0.9972,pathogenic
p.V216P,0.998,pathogenic
p.V216Q,0.9967,pathogenic
p.V216R,0.9956,pathogenic
p.V216S,0.96,pathogenic
p.V216T,0.882,pathogenic
p.V216W,0.9998,pathogenic
p.V216Y,0.9993,pathogenic
p.V217A,0.3266,benign
p.V217C,0.8129,pathogenic
p.V217D,0.9656,pathogenic
p.V217E,0.8706,pathogenic
p.V217F,0.597,pathogenic
p.V217G,0.7,pathogenic
p.V217H,0.9525,pathogenic
p.V217I,0.1097,benign
p.V217K,0.9374,pathogenic
p.V217L,0.3919,ambiguous
p.V217M,0.3012,benign
p.V217N,0.9073,pathogenic
p.V217P,0.9959,pathogenic
p.V217Q,0.8476,pathogenic
p.V217R,0.8821,pathogenic
p.V217S,0.5319,ambiguous
p.V217T,0.2832,benign
p.V217W,0.9613,pathogenic
p.V217Y,0.9199,pathogenic
p.V218A,0.8565,pathogenic
p.V218C,0.94,pathogenic
p.V218D,0.9978,pathogenic
p.V218E,0.99,pathogenic
p.V218F,0.8712,pathogenic
p.V218G,0.9144,pathogenic
p.V218H,0.9962,pathogenic
p.V218I,0.1778,benign
p.V218K,0.9941,pathogenic
p.V218L,0.7135,pathogenic
p.V218M,0.7748,pathogenic
p.V218N,0.9918,pathogenic
p.V218P,0.9965,pathogenic
p.V218Q,0.9843,pathogenic
p.V218R,0.9872,pathogenic
p.V218S,0.9448,pathogenic
p.V218T,0.8347,pathogenic
p.V218W,0.9974,pathogenic
p.V218Y,0.9912,pathogenic
p.P219A,0.3597,ambiguous
p.P219C,0.8789,pathogenic
p.P219D,0.8527,pathogenic
p.P219E,0.7876,pathogenic
p.P219F,0.9443,pathogenic
p.P219G,0.7935,pathogenic
p.P219H,0.7211,pathogenic
p.P219I,0.9078,pathogenic
p.P219K,0.8947,pathogenic
p.P219L,0.4909,ambiguous
p.P219M,0.8683,pathogenic
p.P219N,0.8278,pathogenic
p.P219Q,0.6649,pathogenic
p.P219R,0.6961,pathogenic
p.P219S,0.5148,ambiguous
p.P219T,0.5899,pathogenic
p.P219V,0.7966,pathogenic
p.P219W,0.9584,pathogenic
p.P219Y,0.9331,pathogenic
p.Y220A,0.9905,pathogenic
p.Y220C,0.8515,pathogenic
p.Y220D,0.9974,pathogenic
p.Y220E,0.9987,pathogenic
p.Y220F,0.147,benign
p.Y220G,0.9877,pathogenic
p.Y220H,0.9633,pathogenic
p.Y220I,0.961,pathogenic
p.Y220K,0.9989,pathogenic
p.Y220L,0.8841,pathogenic
p.Y220M,0.9687,pathogenic
p.Y220N,0.9869,pathogenic
p.Y220P,0.9963,pathogenic
p.Y220Q,0.9977,pathogenic
p.Y220R,0.9944,pathogenic
p.Y220S,0.9754,pathogenic
p.Y220T,0.991,pathogenic
p.Y220V,0.9067,pathogenic
p.Y220W,0.6147,pathogenic
p.E221A,0.6479,pathogenic
p.E221C,0.956,pathogenic
p.E221D,0.4842,ambiguous
p.E221F,0.9697,pathogenic
p.E221G,0.7281,pathogenic
p.E221H,0.8882,pathogenic
p.E221I,0.8022,pathogenic
p.E221K,0.7104,pathogenic
p.E221L,0.8355,pathogenic
p.E221M,0.8436,pathogenic
p.E221N,0.7825,pathogenic
p.E221P,0.9769,pathogenic
p.E221Q,0.4052,ambiguous
p.E221R,0.7804,pathogenic
p.E221S,0.6446,pathogenic
p.E221T,0.6731,pathogenic
p.E221V,0.6334,pathogenic
p.E221W,0.9915,pathogenic
p.E221Y,0.9574,pathogenic
p.P222A,0.0808,benign
p.P222C,0.3919,ambiguous
p.P222D,0.4956,ambiguous
p.P222E,0.2873,benign
p.P222F,0.4084,ambiguous
p.P222G,0.2928,benign
p.P222H,0.2007,benign
p.P222I,0.2769,benign
p.P222K,0.2985,benign
p.P222L,0.0964,benign
p.P222M,0.2249,benign
p.P222N,0.3124,benign
p.P222Q,0.1551,benign
p.P222R,0.1863,benign
p.P222S,0.1373,benign
p.P222T,0.1178,benign
p.P222V,0.1847,benign
p.P222W,0.5836,pathogenic
p.P222Y,0.4246,ambiguous
p.P223A,0.495,ambiguous
p.P223C,0.9401,pathogenic
p.P223D,0.992,pathogenic
p.P223E,0.9687,pathogenic
p.P223F,0.9914,pathogenic
p.P223G,0.9275,pathogenic
p.P223H,0.9636,pathogenic
p.P223I,0.9709,pathogenic
p.P223K,0.977,pathogenic
p.P223L,0.838,pathogenic
p.P223M,0.9631,pathogenic
p.P223N,0.9869,pathogenic
p.P223Q,0.9404,pathogenic
p.P223R,0.9182,pathogenic
p.P223S,0.8509,pathogenic
p.P223T,0.8645,pathogenic
p.P223V,0.8961,pathogenic
p.P223W,0.9927,pathogenic
p.P223Y,0.9909,pathogenic
p.E224A,0.6237,pathogenic
p.E224C,0.9819,pathogenic
p.E224D,0.8106,pathogenic
p.E224F,0.9931,pathogenic
p.E224G,0.8099,pathogenic
p.E224H,0.9693,pathogenic
p.E224I,0.9465,pathogenic
p.E224K,0.9057,pathogenic
p.E224L,0.9481,pathogenic
p.E224M,0.9212,pathogenic
p.E224N,0.9447,pathogenic
p.E224P,0.9288,pathogenic
p.E224Q,0.4287,ambiguous
p.E224R,0.9148,pathogenic
p.E224S,0.7836,pathogenic
p.E224T,0.8748,pathogenic
p.E224V,0.82,pathogenic
p.E224W,0.9972,pathogenic
p.E224Y,0.99,pathogenic
p.V225A,0.2646,benign
p.V225C,0.8601,pathogenic
p.V225D,0.6692,pathogenic
p.V225E,0.5667,pathogenic
p.V225F,0.4754,ambiguous
p.V225G,0.4103,ambiguous
p.V225H,0.8768,pathogenic
p.V225I,0.1204,benign
p.V225K,0.7211,pathogenic
p.V225L,0.4183,ambiguous
p.V225M,0.3587,ambiguous
p.V225N,0.6382,pathogenic
p.V225P,0.5258,ambiguous
p.V225Q,0.6754,pathogenic
p.V225R,0.6581,pathogenic
p.V225S,0.538,ambiguous
p.V225T,0.3814,ambiguous
p.V225W,0.9312,pathogenic
p.V225Y,0.8257,pathogenic
p.G226A,0.7389,pathogenic
p.G226C,0.8709,pathogenic
p.G226D,0.8313,pathogenic
p.G226E,0.921,pathogenic
p.G226F,0.9651,pathogenic
p.G226H,0.9737,pathogenic
p.G226I,0.9627,pathogenic
p.G226K,0.9898,pathogenic
p.G226L,0.9563,pathogenic
p.G226M,0.9771,pathogenic
p.G226N,0.9234,pathogenic
p.G226P,0.9802,pathogenic
p.G226Q,0.9641,pathogenic
p.G226R,0.9674,pathogenic
p.G226S,0.6868,pathogenic
p.G226T,0.8934,pathogenic
p.G226V,0.9277,pathogenic
p.G226W,0.9538,pathogenic
p.G226Y,0.9577,pathogenic
p.S227A,0.0991,benign
p.S227C,0.1364,benign
p.S227D,0.8405,pathogenic
p.S227E,0.8379,pathogenic
p.S227F,0.548,ambiguous
p.S227G,0.2313,benign
p.S227H,0.8233,pathogenic
p.S227I,0.6695,pathogenic
p.S227K,0.9701,pathogenic
p.S227L,0.2155,benign
p.S227M,0.3528,ambiguous
p.S227N,0.6008,pathogenic
p.S227P,0.9492,pathogenic
p.S227Q,0.8402,pathogenic
p.S227R,0.9478,pathogenic
p.S227T,0.1425,benign
p.S227V,0.4741,ambiguous
p.S227W,0.6894,pathogenic
p.S227Y,0.5655,pathogenic
p.D228A,0.1645,benign
p.D228C,0.5232,ambiguous
p.D228E,0.1188,benign
p.D228F,0.595,pathogenic
p.D228G,0.1774,benign
p.D228H,0.2979,benign
p.D228I,0.3822,ambiguous
p.D228K,0.3821,ambiguous
p.D228L,0.3685,ambiguous
p.D228M,0.5882,pathogenic
p.D228N,0.1058,benign
p.D228P,0.521,ambiguous
p.D228Q,0.2977,benign
p.D228R,0.3934,ambiguous
p.D228S,0.1199,benign
p.D228T,0.2187,benign
p.D228V,0.238,benign
p.D228W,0.8591,pathogenic
p.D228Y,0.3148,benign
p.C229A,0.495,ambiguous
p.C229D,0.7967,pathogenic
p.C229E,0.8604,pathogenic
p.C229F,0.1155,benign
p.C229G,0.2485,benign
p.C229H,0.437,ambiguous
p.C229I,0.5593,ambiguous
p.C229K,0.8663,pathogenic
p.C229L,0.6073,pathogenic
p.C229M,0.6412,pathogenic
p.C229N,0.5546,ambiguous
p.C229P,0.9701,pathogenic
p.C229Q,0.6854,pathogenic
p.C229R,0.5548,ambiguous
p.C229S,0.2846,benign
p.C229T,0.5127,ambiguous
p.C229V,0.4695,ambiguous
p.C229W,0.3728,ambiguous
p.C229Y,0.1447,benign
p.T230A,0.1821,benign
p.T230C,0.5563,ambiguous
p.T230D,0.9573,pathogenic
p.T230E,0.9391,pathogenic
p.T230F,0.804,pathogenic
p.T230G,0.7016,pathogenic
p.T230H,0.7994,pathogenic
p.T230I,0.669,pathogenic
p.T230K,0.9088,pathogenic
p.T230L,0.4796,ambiguous
p.T230M,0.2973,benign
p.T230N,0.6742,pathogenic
p.T230P,0.8389,pathogenic
p.T230Q,0.8123,pathogenic
p.T230R,0.8243,pathogenic
p.T230S,0.2275,benign
p.T230V,0.4128,ambiguous
p.T230W,0.9531,pathogenic
p.T230Y,0.8651,pathogenic
p.T231A,0.4094,ambiguous
p.T231C,0.8882,pathogenic
p.T231D,0.9622,pathogenic
p.T231E,0.9355,pathogenic
p.T231F,0.9004,pathogenic
p.T231G,0.8975,pathogenic
p.T231H,0.9099,pathogenic
p.T231I,0.629,pathogenic
p.T231K,0.9047,pathogenic
p.T231L,0.438,ambiguous
p.T231M,0.3261,benign
p.T231N,0.7626,pathogenic
p.T231P,0.8364,pathogenic
p.T231Q,0.8532,pathogenic
p.T231R,0.858,pathogenic
p.T231S,0.5804,pathogenic
p.T231V,0.3308,benign
p.T231W,0.9693,pathogenic
p.T231Y,0.9298,pathogenic
p.I232A,0.9749,pathogenic
p.I232C,0.977,pathogenic
p.I232D,0.9993,pathogenic
p.I232E,0.9969,pathogenic
p.I232F,0.7616,pathogenic
p.I232G,0.9972,pathogenic
p.I232H,0.9943,pathogenic
p.I232K,0.9948,pathogenic
p.I232L,0.396,ambiguous
p.I232M,0.5496,ambiguous
p.I232N,0.9876,pathogenic
p.I232P,0.997,pathogenic
p.I232Q,0.9948,pathogenic
p.I232R,0.9907,pathogenic
p.I232S,0.9826,pathogenic
p.I232T,0.9462,pathogenic
p.I232V,0.1023,benign
p.I232W,0.9921,pathogenic
p.I232Y,0.9737,pathogenic
p.H233A,0.9624,pathogenic
p.H233C,0.5793,pathogenic
p.H233D,0.9787,pathogenic
p.H233E,0.9877,pathogenic
p.H233F,0.755,pathogenic
p.H233G,0.9764,pathogenic
p.H233I,0.9485,pathogenic
p.H233K,0.9856,pathogenic
p.H233L,0.3678,ambiguous
p.H233M,0.9371,pathogenic
p.H233N,0.7507,pathogenic
p.H233P,0.8782,pathogenic
p.H233Q,0.9481,pathogenic
p.H233R,0.9072,pathogenic
p.H233S,0.9307,pathogenic
p.H233T,0.9712,pathogenic
p.H233V,0.9371,pathogenic
p.H233W,0.8275,pathogenic
p.H233Y,0.4592,ambiguous
p.Y234A,0.9901,pathogenic
p.Y234C,0.8,pathogenic
p.Y234D,0.9975,pathogenic
p.Y234E,0.9991,pathogenic
p.Y234F,0.0991,benign
p.Y234G,0.9754,pathogenic
p.Y234H,0.9891,pathogenic
p.Y234I,0.8428,pathogenic
p.Y234K,0.9989,pathogenic
p.Y234L,0.3996,ambiguous
p.Y234M,0.8706,pathogenic
p.Y234N,0.9909,pathogenic
p.Y234P,0.998,pathogenic
p.Y234Q,0.9986,pathogenic
p.Y234R,0.997,pathogenic
p.Y234S,0.9852,pathogenic
p.Y234T,0.9894,pathogenic
p.Y234V,0.8024,pathogenic
p.Y234W,0.8383,pathogenic
p.N235A,0.6884,pathogenic
p.N235C,0.4606,ambiguous
p.N235D,0.8126,pathogenic
p.N235E,0.959,pathogenic
p.N235F,0.9717,pathogenic
p.N235G,0.7788,pathogenic
p.N235H,0.3915,ambiguous
p.N235I,0.8491,pathogenic
p.N235K,0.8166,pathogenic
p.N235L,0.7526,pathogenic
p.N235M,0.8714,pathogenic
p.N235P,0.9912,pathogenic
p.N235Q,0.7732,pathogenic
p.N235R,0.7411,pathogenic
p.N235S,0.1402,benign
p.N235T,0.5234,ambiguous
p.N235V,0.7546,pathogenic
p.N235W,0.9843,pathogenic
p.N235Y,0.7572,pathogenic
p.Y236A,0.9966,pathogenic
p.Y236C,0.9599,pathogenic
p.Y236D,0.9936,pathogenic
p.Y236E,0.9993,pathogenic
p.Y236F,0.0654,benign
p.Y236G,0.9931,pathogenic
p.Y236H,0.982,pathogenic
p.Y236I,0.9786,pathogenic
p.Y236K,0.9993,pathogenic
p.Y236L,0.9639,pathogenic
p.Y236M,0.986,pathogenic
p.Y236N,0.9869,pathogenic
p.Y236P,0.9986,pathogenic
p.Y236Q,0.9991,pathogenic
p.Y236R,0.9982,pathogenic
p.Y236S,0.9891,pathogenic
p.Y236T,0.9963,pathogenic
p.Y236V,0.9677,pathogenic
p.Y236W,0.8651,pathogenic
p.M237A,0.9724,pathogenic
p.M237C,0.9643,pathogenic
p.M237D,0.9994,pathogenic
p.M237E,0.9938,pathogenic
p.M237F,0.9152,pathogenic
p.M237G,0.9862,pathogenic
p.M237H,0.988,pathogenic
p.M237I,0.9957,pathogenic
p.M237K,0.9612,pathogenic
p.M237L,0.8667,pathogenic
p.M237N,0.9905,pathogenic
p.M237P,0.999,pathogenic
p.M237Q,0.8954,pathogenic
p.M237R,0.9494,pathogenic
p.M237S,0.9559,pathogenic
p.M237T,0.9638,pathogenic
p.M237V,0.8096,pathogenic
p.M237W,0.9948,pathogenic
p.M237Y,0.9854,pathogenic
p.C238A,0.9995,pathogenic
p.C238D,0.9973,pathogenic
p.C238E,0.9999,pathogenic
p.C238F,0.9996,pathogenic
p.C238G,0.9956,pathogenic
p.C238H,0.9997,pathogenic
p.C238I,0.9999,pathogenic
p.C238K,1.0,pathogenic
p.C238L,0.9994,pathogenic
p.C238M,0.9998,pathogenic
p.C238N,0.9998,pathogenic
p.C238P,0.9999,pathogenic
p.C238Q,1.0,pathogenic
p.C238R,0.9997,pathogenic
p.C238S,0.9996,pathogenic
p.C238T,0.9998,pathogenic
p.C238V,0.9994,pathogenic
p.C238W,0.9996,pathogenic
p.C238Y,0.9996,pathogenic
p.N239A,0.9892,pathogenic
p.N239C,0.9452,pathogenic
p.N239D,0.9944,pathogenic
p.N239E,0.9992,pathogenic
p.N239F,0.938,pathogenic
p.N239G,0.9841,pathogenic
p.N239H,0.8636,pathogenic
p.N239I,0.9897,pathogenic
p.N239K,0.9959,pathogenic
p.N239L,0.8828,pathogenic
p.N239M,0.9795,pathogenic
p.N239P,0.9854,pathogenic
p.N239Q,0.9932,pathogenic
p.N239R,0.9885,pathogenic
p.N239S,0.7939,pathogenic
p.N239T,0.9759,pathogenic
p.N239V,0.9874,pathogenic
p.N239W,0.9928,pathogenic
p.N239Y,0.8137,pathogenic
p.S240A,0.9236,pathogenic
p.S240C,0.965,pathogenic
p.S240D,0.9988,pathogenic
p.S240E,0.9993,pathogenic
p.S240F,0.998,pathogenic
p.S240G,0.8955,pathogenic
p.S240H,0.9959,pathogenic
p.S240I,0.9894,pathogenic
p.S240K,0.9998,pathogenic
p.S240L,0.9887,pathogenic
p.S240M,0.9925,pathogenic
p.S240N,0.9618,pathogenic
p.S240P,0.9978,pathogenic
p.S240Q,0.9982,pathogenic
p.S240R,0.9995,pathogenic
p.S240T,0.8618,pathogenic
p.S240V,0.9935,pathogenic
p.S240W,0.9972,pathogenic
p.S240Y,0.9952,pathogenic
p.S241A,0.9765,pathogenic
p.S241C,0.998,pathogenic
p.S241D,0.9997,pathogenic
p.S241E,0.9993,pathogenic
p.S241F,0.999,pathogenic
p.S241G,0.9958,pathogenic
p.S241H,0.9982,pathogenic
p.S241I,0.9987,pathogenic
p.S241K,0.9998,pathogenic
p.S241L,0.9987,pathogenic
p.S241M,0.999,pathogenic
p.S241N,0.9995,pathogenic
p.S241P,0.9981,pathogenic
p.S241Q,0.9989,pathogenic
p.S241R,0.9996,pathogenic
p.S241T,0.9465,pathogenic
p.S241V,0.9989,pathogenic
p.S241W,0.9954,pathogenic
p.S241Y,0.9984,pathogenic
p.C242A,0.9992,pathogenic
p.C242D,0.997,pathogenic
p.C242E,0.9999,pathogenic
p.C242F,0.9994,pathogenic
p.C242G,0.9973,pathogenic
p.C242H,0.9995,pathogenic
p.C242I,0.9998,pathogenic
p.C242K,1.0,pathogenic
p.C242L,0.9992,pathogenic
p.C242M,0.9996,pathogenic
p.C242N,0.9997,pathogenic
p.C242P,0.9997,pathogenic
p.C242Q,0.9999,pathogenic
p.C242R,0.9994,pathogenic
p.C242S,0.9989,pathogenic
p.C242T,0.9996,pathogenic
p.C242V,0.9992,pathogenic
p.C242W,0.9994,pathogenic
p.C242Y,0.9995,pathogenic
p.M243A,0.9692,pathogenic
p.M243C,0.9876,pathogenic
p.M243D,0.9989,pathogenic
p.M243E,0.9884,pathogenic
p.M243F,0.9189,pathogenic
p.M243G,0.9883,pathogenic
p.M243H,0.989,pathogenic
p.M243I,0.9829,pathogenic
p.M243K,0.9506,pathogenic
p.M243L,0.6754,pathogenic
p.M243N,0.9802,pathogenic
p.M243P,0.9751,pathogenic
p.M243Q,0.8333,pathogenic
p.M243R,0.9493,pathogenic
p.M243S,0.9552,pathogenic
p.M243T,0.9711,pathogenic
p.M243V,0.6734,pathogenic
p.M243W,0.9905,pathogenic
p.M243Y,0.9881,pathogenic
p.G244A,0.9878,pathogenic
p.G244C,0.9978,pathogenic
p.G244D,0.9987,pathogenic
p.G244E,0.9993,pathogenic
p.G244F,0.9989,pathogenic
p.G244H,0.9997,pathogenic
p.G244I,0.9991,pathogenic
p.G244K,0.9997,pathogenic
p.G244L,0.9985,pathogenic
p.G244M,0.9994,pathogenic
p.G244N,0.9992,pathogenic
p.G244P,0.9993,pathogenic
p.G244Q,0.9995,pathogenic
p.G244R,0.999,pathogenic
p.G244S,0.9907,pathogenic
p.G244T,0.9952,pathogenic
p.G244V,0.9973,pathogenic
p.G244W,0.9984,pathogenic
p.G244Y,0.9986,pathogenic
p.G245A,0.9856,pathogenic
p.G245C,0.9965,pathogenic
p.G245D,0.9989,pathogenic
p.G245E,0.9993,pathogenic
p.G245F,0.9987,pathogenic
p.G245H,0.9997,pathogenic
p.G245I,0.9986,pathogenic
p.G245K,0.9995,pathogenic
p.G245L,0.9988,pathogenic
p.G245M,0.9993,pathogenic
p.G245N,0.9988,pathogenic
p.G245P,0.9998,pathogenic
p.G245Q,0.9994,pathogenic
p.G245R,0.9987,pathogenic
p.G245S,0.9732,pathogenic
p.G245T,0.9952,pathogenic
p.G245V,0.9969,pathogenic
p.G245W,0.9986,pathogenic
p.G245Y,0.9989,pathogenic
p.M246A,0.9964,pathogenic
p.M246C,0.9961,pathogenic
p.M246D,0.9998,pathogenic
p.M246E,0.9982,pathogenic
p.M246F,0.9615,pathogenic
p.M246G,0.9984,pathogenic
p.M246H,0.999,pathogenic
p.M246I,0.9793,pathogenic
p.M246K,0.9922,pathogenic
p.M246L,0.8684,pathogenic
p.M246N,0.9977,pathogenic
p.M246P,0.9767,pathogenic
p.M246Q,0.9839,pathogenic
p.M246R,0.9949,pathogenic
p.M246S,0.9967,pathogenic
p.M246T,0.9983,pathogenic
p.M246V,0.9304,pathogenic
p.M246W,0.9977,pathogenic
p.M246Y,0.998,pathogenic
p.N247A,0.9822,pathogenic
p.N247C,0.9642,pathogenic
p.N247D,0.9854,pathogenic
p.N247E,0.9975,pathogenic
p.N247F,0.9967,pathogenic
p.N247G,0.9589,pathogenic
p.N247H,0.9627,pathogenic
p.N247I,0.9966,pathogenic
p.N247K,0.9975,pathogenic
p.N247L,0.9846,pathogenic
p.N247M,0.9859,pathogenic
p.N247P,0.997,pathogenic
p.N247Q,0.9892,pathogenic
p.N247R,0.9938,pathogenic
p.N247S,0.7867,pathogenic
p.N247T,0.9894,pathogenic
p.N247V,0.9937,pathogenic
p.N247W,0.9986,pathogenic
p.N247Y,0.9639,pathogenic
p.R248A,0.9999,pathogenic
p.R248C,0.9978,pathogenic
p.R248D,0.9996,pathogenic
p.R248E,0.9988,pathogenic
p.R248F,0.9999,pathogenic
p.R248G,0.9985,pathogenic
p.R248H,0.996,pathogenic
p.R248I,0.9999,pathogenic
p.R248K,0.995,pathogenic
p.R248L,0.999,pathogenic
p.R248M,1.0,pathogenic
p.R248N,0.9997,pathogenic
p.R248P,0.9994,pathogenic
p.R248Q,0.9963,pathogenic
p.R248S,0.9998,pathogenic
p.R248T,0.9999,pathogenic
p.R248V,0.9999,pathogenic
p.R248W,0.9968,pathogenic
p.R248Y,0.9993,pathogenic
p.R249A,0.9991,pathogenic
p.R249C,0.9866,pathogenic
p.R249D,0.9995,pathogenic
p.R249E,0.9969,pathogenic
p.R249F,0.9993,pathogenic
p.R249G,0.9979,pathogenic
p.R249H,0.9648,pathogenic
p.R249I,0.9981,pathogenic
p.R249K,0.9066,pathogenic
p.R249L,0.9922,pathogenic
p.R249M,0.9991,pathogenic
p.R249N,0.9988,pathogenic
p.R249P,0.999,pathogenic
p.R249Q,0.9675,pathogenic
p.R249S,0.9995,pathogenic
p.R249T,0.9994,pathogenic
p.R249V,0.9984,pathogenic
p.R249W,0.9904,pathogenic
p.R249Y,0.9966,pathogenic
p.P250A,0.4876,ambiguous
p.P250C,0.98,pathogenic
p.P250D,0.9909,pathogenic
p.P250E,0.9802,pathogenic
p.P250F,0.9966,pathogenic
p.P250G,0.8979,pathogenic
p.P250H,0.9681,pathogenic
p.P250I,0.9914,pathogenic
p.P250K,0.9833,pathogenic
p.P250L,0.9135,pathogenic
p.P250M,0.9774,pathogenic
p.P250N,0.9671,pathogenic
p.P250Q,0.8981,pathogenic
p.P250R,0.9472,pathogenic
p.P250S,0.8246,pathogenic
p.P250T,0.9194,pathogenic
p.P250V,0.9694,pathogenic
p.P250W,0.9979,pathogenic
p.P250Y,0.9949,pathogenic
p.I251A,0.9894,pathogenic
p.I251C,0.9972,pathogenic
p.I251D,0.9998,pathogenic
p.I251E,0.9995,pathogenic
p.I251F,0.961,pathogenic
p.I251G,0.9989,pathogenic
p.I251H,0.9996,pathogenic
p.I251K,0.999,pathogenic
p.I251L,0.616,pathogenic
p.I251M,0.794,pathogenic
p.I251N,0.9968,pathogenic
p.I251P,0.997,pathogenic
p.I251Q,0.9991,pathogenic
p.I251R,0.9986,pathogenic
p.I251S,0.992,pathogenic
p.I251T,0.9767,pathogenic
p.I251V,0.3679,ambiguous
p.I251W,0.9995,pathogenic
p.I251Y,0.9979,pathogenic
p.L252A,0.615,pathogenic
p.L252C,0.6188,pathogenic
p.L252D,0.9677,pathogenic
p.L252E,0.7475,pathogenic
p.L252F,0.3774,ambiguous
p.L252G,0.9311,pathogenic
p.L252H,0.6136,pathogenic
p.L252I,0.09,benign
p.L252K,0.7311,pathogenic
p.L252M,0.1395,benign
p.L252N,0.7671,pathogenic
p.L252P,0.9967,pathogenic
p.L252Q,0.3879,ambiguous
p.L252R,0.5934,pathogenic
p.L252S,0.6428,pathogenic
p.L252T,0.4968,ambiguous
p.L252V,0.0882,benign
p.L252W,0.6795,pathogenic
p.L252Y,0.6985,pathogenic
p.T253A,0.5944,pathogenic
p.T253C,0.8623,pathogenic
p.T253D,0.9969,pathogenic
p.T253E,0.998,pathogenic
p.T253F,0.9932,pathogenic
p.T253G,0.9011,pathogenic
p.T253H,0.9883,pathogenic
p.T253I,0.9634,pathogenic
p.T253K,0.9982,pathogenic
p.T253L,0.8156,pathogenic
p.T253M,0.7455,pathogenic
p.T253N,0.9499,pathogenic
p.T253P,0.9882,pathogenic
p.T253Q,0.9914,pathogenic
p.T253R,0.9976,pathogenic
p.T253S,0.6338,pathogenic
p.T253V,0.8351,pathogenic
p.T253W,0.9991,pathogenic
p.T253Y,0.9972,pathogenic
p.I254A,0.9717,pathogenic
p.I254C,0.987,pathogenic
p.I254D,0.9995,pathogenic
p.I254E,0.9982,pathogenic
p.I254F,0.935,pathogenic
p.I254G,0.9979,pathogenic
p.I254H,0.9981,pathogenic
p.I254K,0.9979,pathogenic
p.I254L,0.6108,pathogenic
p.I254M,0.6518,pathogenic
p.I254N,0.9911,pathogenic
p.I254P,0.9989,pathogenic
p.I254Q,0.9976,pathogenic
p.I254R,0.9958,pathogenic
p.I254S,0.9848,pathogenic
p.I254T,0.9725,pathogenic
p.I254V,0.1871,benign
p.I254W,0.9976,pathogenic
p.I254Y,0.9919,pathogenic
p.I255A,0.9732,pathogenic
p.I255C,0.9727,pathogenic
p.I255D,0.9998,pathogenic
p.I255E,0.9992,pathogenic
p.I255F,0.7283,pathogenic
p.I255G,0.9982,pathogenic
p.I255H,0.9982,pathogenic
p.I255K,0.9986,pathogenic
p.I255L,0.2937,benign
p.I255M,0.4549,ambiguous
p.I255N,0.9967,pathogenic
p.I255P,0.9988,pathogenic
p.I255Q,0.9979,pathogenic
p.I255R,0.9972,pathogenic
p.I255S,0.9923,pathogenic
p.I255T,0.9812,pathogenic
p.I255V,0.1835,benign
p.I255W,0.9957,pathogenic
p.I255Y,0.9883,pathogenic
p.T256A,0.8745,pathogenic
p.T256C,0.9437,pathogenic
p.T256D,0.9924,pathogenic
p.T256E,0.9909,pathogenic
p.T256F,0.9834,pathogenic
p.T256G,0.9349,pathogenic
p.T256H,0.9534,pathogenic
p.T256I,0.975,pathogenic
p.T256K,0.9946,pathogenic
p.T256L,0.8612,pathogenic
p.T256M,0.7838,pathogenic
p.T256N,0.8675,pathogenic
p.T256P,0.9887,pathogenic
p.T256Q,0.9678,pathogenic
p.T256R,0.9902,pathogenic
p.T256S,0.4732,ambiguous
p.T256V,0.94,pathogenic
p.T256W,0.9941,pathogenic
p.T256Y,0.9834,pathogenic
p.L257A,0.9721,pathogenic
p.L257C,0.9737,pathogenic
p.L257D,0.9999,pathogenic
p.L257E,0.9984,pathogenic
p.L257F,0.9477,pathogenic
p.L257G,0.9972,pathogenic
p.L257H,0.9985,pathogenic
p.L257I,0.6331,pathogenic
p.L257K,0.9972,pathogenic
p.L257M,0.4883,ambiguous
p.L257N,0.9993,pathogenic
p.L257P,0.9993,pathogenic
p.L257Q,0.9953,pathogenic
p.L257R,0.9938,pathogenic
p.L257S,0.998,pathogenic
p.L257T,0.9884,pathogenic
p.L257V,0.6232,pathogenic
p.L257W,0.9956,pathogenic
p.L257Y,0.9965,pathogenic
p.E258A,0.9822,pathogenic
p.E258C,0.995,pathogenic
p.E258D,0.9944,pathogenic
p.E258F,0.9995,pathogenic
p.E258G,0.9859,pathogenic
p.E258H,0.9977,pathogenic
p.E258I,0.9963,pathogenic
p.E258K,0.9918,pathogenic
p.E258L,0.9966,pathogenic
p.E258M,0.995,pathogenic
p.E258N,0.9989,pathogenic
p.E258P,0.9997,pathogenic
p.E258Q,0.9505,pathogenic
p.E258R,0.9905,pathogenic
p.E258S,0.991,pathogenic
p.E258T,0.9906,pathogenic
p.E258V,0.9887,pathogenic
p.E258W,0.9996,pathogenic
p.E258Y,0.9991,pathogenic
p.D259A,0.8494,pathogenic
p.D259C,0.9449,pathogenic
p.D259E,0.8705,pathogenic
p.D259F,0.9834,pathogenic
p.D259G,0.6494,pathogenic
p.D259H,0.9217,pathogenic
p.D259I,0.9856,pathogenic
p.D259K,0.9778,pathogenic
p.D259L,0.9627,pathogenic
p.D259M,0.982,pathogenic
p.D259N,0.3388,benign
p.D259P,0.9924,pathogenic
p.D259Q,0.9639,pathogenic
p.D259R,0.9801,pathogenic
p.D259S,0.5538,ambiguous
p.D259T,0.7583,pathogenic
p.D259V,0.9451,pathogenic
p.D259W,0.9962,pathogenic
p.D259Y,0.8837,pathogenic
p.S260A,0.0661,benign
p.S260C,0.0973,benign
p.S260D,0.2697,benign
p.S260E,0.3196,benign
p.S260F,0.1977,benign
p.S260G,0.0897,benign
p.S260H,0.255,benign
p.S260I,0.1924,benign
p.S260K,0.515,ambiguous
p.S260L,0.1155,benign
p.S260M,0.2123,benign
p.S260N,0.1465,benign
p.S260P,0.0896,benign
p.S260Q,0.3127,benign
p.S260R,0.4246,ambiguous
p.S260T,0.0865,benign
p.S260V,0.1673,benign
p.S260W,0.3256,benign
p.S260Y,0.2029,benign
p.S261A,0.0873,benign
p.S261C,0.087,benign
p.S261D,0.1721,benign
p.S261E,0.2859,benign
p.S261F,0.2061,benign
p.S261G,0.0786,benign
p.S261H,0.1504,benign
p.S261I,0.205,benign
p.S261K,0.3333,benign
p.S261L,0.1274,benign
p.S261M,0.187,benign
p.S261N,0.08,benign
p.S261P,0.7656,pathogenic
p.S261Q,0.2217,benign
p.S261R,0.2371,benign
p.S261T,0.0875,benign
p.S261V,0.1984,benign
p.S261W,0.3039,benign
p.S261Y,0.174,benign
p.G262A,0.8367,pathogenic
p.G262C,0.8435,pathogenic
p.G262D,0.9609,pathogenic
p.G262E,0.9553,pathogenic
p.G262F,0.9877,pathogenic
p.G262H,0.9694,pathogenic
p.G262I,0.9959,pathogenic
p.G262K,0.9793,pathogenic
p.G262L,0.9785,pathogenic
p.G262M,0.9865,pathogenic
p.G262N,0.925,pathogenic
p.G262P,0.9987,pathogenic
p.G262Q,0.9255,pathogenic
p.G262R,0.9274,pathogenic
p.G262S,0.6981,pathogenic
p.G262T,0.9573,pathogenic
p.G262V,0.9878,pathogenic
p.G262W,0.973,pathogenic
p.G262Y,0.9783,pathogenic
p.N263A,0.1647,benign
p.N263C,0.1377,benign
p.N263D,0.2109,benign
p.N263E,0.2544,benign
p.N263F,0.3972,ambiguous
p.N263G,0.2986,benign
p.N263H,0.0689,benign
p.N263I,0.1494,benign
p.N263K,0.1437,benign
p.N263L,0.1829,benign
p.N263M,0.2242,benign
p.N263P,0.9564,pathogenic
p.N263Q,0.1273,benign
p.N263R,0.1343,benign
p.N263S,0.093,benign
p.N263T,0.1154,benign
p.N263V,0.1438,benign
p.N263W,0.6572,pathogenic
p.N263Y,0.1443,benign
p.L264A,0.8098,pathogenic
p.L264C,0.7742,pathogenic
p.L264D,0.9863,pathogenic
p.L264E,0.9408,pathogenic
p.L264F,0.7496,pathogenic
p.L264G,0.9577,pathogenic
p.L264H,0.9052,pathogenic
p.L264I,0.1043,benign
p.L264K,0.9339,pathogenic
p.L264M,0.2687,benign
p.L264N,0.9085,pathogenic
p.L264P,0.8569,pathogenic
p.L264Q,0.8352,pathogenic
p.L264R,0.8804,pathogenic
p.L264S,0.917,pathogenic
p.L264T,0.583,pathogenic
p.L264V,0.0848,benign
p.L264W,0.9282,pathogenic
p.L264Y,0.9439,pathogenic
p.L265A,0.8985,pathogenic
p.L265C,0.9147,pathogenic
p.L265D,0.9979,pathogenic
p.L265E,0.9814,pathogenic
p.L265F,0.6692,pathogenic
p.L265G,0.9901,pathogenic
p.L265H,0.9292,pathogenic
p.L265I,0.2627,benign
p.L265K,0.9454,pathogenic
p.L265M,0.4348,ambiguous
p.L265N,0.9905,pathogenic
p.L265P,0.9913,pathogenic
p.L265Q,0.9105,pathogenic
p.L265R,0.8691,pathogenic
p.L265S,0.981,pathogenic
p.L265T,0.9283,pathogenic
p.L265V,0.3252,benign
p.L265W,0.8178,pathogenic
p.L265Y,0.8938,pathogenic
p.G266A,0.8482,pathogenic
p.G266C,0.9857,pathogenic
p.G266D,0.9976,pathogenic
p.G266E,0.9988,pathogenic
p.G266F,0.9979,pathogenic
p.G266H,0.9995,pathogenic
p.G266I,0.9983,pathogenic
p.G266K,0.9995,pathogenic
p.G266L,0.9963,pathogenic
p.G266M,0.9989,pathogenic
p.G266N,0.9992,pathogenic
p.G266P,0.9995,pathogenic
p.G266Q,0.9987,pathogenic
p.G266R,0.9986,pathogenic
p.G266S,0.9729,pathogenic
p.G266T,0.9969,pathogenic
p.G266V,0.9956,pathogenic
p.G266W,0.9978,pathogenic
p.G266Y,0.9981,pathogenic
p.R267A,0.9968,pathogenic
p.R267C,0.9269,pathogenic
p.R267D,0.9988,pathogenic
p.R267E,0.9861,pathogenic
p.R267F,0.9982,pathogenic
p.R267G,0.9913,pathogenic
p.R267H,0.928,pathogenic
p.R267I,0.9929,pathogenic
p.R267K,0.9118,pathogenic
p.R267L,0.9887,pathogenic
p.R267M,0.9967,pathogenic
p.R267N,0.9977,pathogenic
p.R267P,0.9992,pathogenic
p.R267Q,0.8812,pathogenic
p.R267S,0.9972,pathogenic
p.R267T,0.9958,pathogenic
p.R267V,0.9923,pathogenic
p.R267W,0.9682,pathogenic
p.R267Y,0.992,pathogenic
p.N268A,0.2255,benign
p.N268C,0.1827,benign
p.N268D,0.0926,benign
p.N268E,0.3838,ambiguous
p.N268F,0.6464,pathogenic
p.N268G,0.2289,benign
p.N268H,0.1252,benign
p.N268I,0.4467,ambiguous
p.N268K,0.3993,ambiguous
p.N268L,0.4293,ambiguous
p.N268M,0.4677,ambiguous
p.N268P,0.9645,pathogenic
p.N268Q,0.3103,benign
p.N268R,0.355,ambiguous
p.N268S,0.0787,benign
p.N268T,0.1962,benign
p.N268V,0.3892,ambiguous
p.N268W,0.766,pathogenic
p.N268Y,0.2266,benign
p.S269A,0.1426,benign
p.S269C,0.0938,benign
p.S269D,0.9234,pathogenic
p.S269E,0.9531,pathogenic
p.S269F,0.7539,pathogenic
p.S269G,0.2576,benign
p.S269H,0.7788,pathogenic
p.S269I,0.4663,ambiguous
p.S269K,0.9767,pathogenic
p.S269L,0.4537,ambiguous
p.S269M,0.5609,ambiguous
p.S269N,0.4728,ambiguous
p.S269P,0.9168,pathogenic
p.S269Q,0.887,pathogenic
p.S269R,0.9398,pathogenic
p.S269T,0.1301,benign
p.S269V,0.3851,ambiguous
p.S269W,0.8497,pathogenic
p.S269Y,0.6829,pathogenic
p.F270A,0.9956,pathogenic
p.F270C,0.9612,pathogenic
p.F270D,0.9998,pathogenic
p.F270E,0.9995,pathogenic
p.F270G,0.9987,pathogenic
p.F270H,0.9957,pathogenic
p.F270I,0.9152,pathogenic
p.F270K,0.9994,pathogenic
p.F270L,0.9944,pathogenic
p.F270M,0.9642,pathogenic
p.F270N,0.9991,pathogenic
p.F270P,0.9999,pathogenic
p.F270Q,0.9986,pathogenic
p.F270R,0.9978,pathogenic
p.F270S,0.9952,pathogenic
p.F270T,0.9945,pathogenic
p.F270V,0.882,pathogenic
p.F270W,0.9186,pathogenic
p.F270Y,0.8656,pathogenic
p.E271A,0.8063,pathogenic
p.E271C,0.9833,pathogenic
p.E271D,0.7768,pathogenic
p.E271F,0.9936,pathogenic
p.E271G,0.8534,pathogenic
p.E271H,0.9738,pathogenic
p.E271I,0.9811,pathogenic
p.E271K,0.9532,pathogenic
p.E271L,0.9679,pathogenic
p.E271M,0.968,pathogenic
p.E271N,0.9324,pathogenic
p.E271P,0.9819,pathogenic
p.E271Q,0.7442,pathogenic
p.E271R,0.959,pathogenic
p.E271S,0.8257,pathogenic
p.E271T,0.9497,pathogenic
p.E271V,0.9457,pathogenic
p.E271W,0.9971,pathogenic
p.E271Y,0.9894,pathogenic
p.V272A,0.9028,pathogenic
p.V272C,0.9792,pathogenic
p.V272D,0.9969,pathogenic
p.V272E,0.9937,pathogenic
p.V272F,0.9706,pathogenic
p.V272G,0.8186,pathogenic
p.V272H,0.9991,pathogenic
p.V272I,0.3344,benign
p.V272K,0.9971,pathogenic
p.V272L,0.9653,pathogenic
p.V272M,0.9572,pathogenic
p.V272N,0.989,pathogenic
p.V272P,0.9955,pathogenic
p.V272Q,0.9951,pathogenic
p.V272R,0.9939,pathogenic
p.V272S,0.9577,pathogenic
p.V272T,0.9045,pathogenic
p.V272W,0.9995,pathogenic
p.V272Y,0.9967,pathogenic
p.R273A,0.9989,pathogenic
p.R273C,0.9945,pathogenic
p.R273D,0.9994,pathogenic
p.R273E,0.9978,pathogenic
p.R273F,0.9994,pathogenic
p.R273G,0.9981,pathogenic
p.R273H,0.9889,pathogenic
p.R273I,0.9983,pathogenic
p.R273K,0.9578,pathogenic
p.R273L,0.9954,pathogenic
p.R273M,0.9995,pathogenic
p.R273N,0.9995,pathogenic
p.R273P,0.9988,pathogenic
p.R273Q,0.9917,pathogenic
p.R273S,0.9993,pathogenic
p.R273T,0.9991,pathogenic
p.R273V,0.9978,pathogenic
p.R273W,0.9908,pathogenic
p.R273Y,0.9985,pathogenic
p.V274A,0.9908,pathogenic
p.V274C,0.9942,pathogenic
p.V274D,0.9991,pathogenic
p.V274E,0.9984,pathogenic
p.V274F,0.9915,pathogenic
p.V274G,0.989,pathogenic
p.V274H,0.9997,pathogenic
p.V274I,0.0913,benign
p.V274K,0.9991,pathogenic
p.V274L,0.967,pathogenic
p.V274M,0.984,pathogenic
p.V274N,0.9964,pathogenic
p.V274P,0.9903,pathogenic
p.V274Q,0.9988,pathogenic
p.V274R,0.9974,pathogenic
p.V274S,0.989,pathogenic
p.V274T,0.9849,pathogenic
p.V274W,0.9997,pathogenic
p.V274Y,0.9989,pathogenic
p.C275A,0.9934,pathogenic
p.C275D,0.9997,pathogenic
p.C275E,1.0,pathogenic
p.C275F,0.9978,pathogenic
p.C275G,0.9926,pathogenic
p.C275H,0.9996,pathogenic
p.C275I,0.9992,pathogenic
p.C275K,1.0,pathogenic
p.C275L,0.9964,pathogenic
p.C275M,0.9981,pathogenic
p.C275N,0.9995,pathogenic
p.C275P,0.9996,pathogenic
p.C275Q,0.9998,pathogenic
p.C275R,0.9995,pathogenic
p.C275S,0.9933,pathogenic
p.C275T,0.9968,pathogenic
p.C275V,0.9958,pathogenic
p.C275W,0.9994,pathogenic
p.C275Y,0.9996,pathogenic
p.A276C,0.9743,pathogenic
p.A276D,0.9993,pathogenic
p.A276E,0.9987,pathogenic
p.A276F,0.9806,pathogenic
p.A276G,0.9785,pathogenic
p.A276H,0.9944,pathogenic
p.A276I,0.9955,pathogenic
p.A276K,0.9985,pathogenic
p.A276L,0.9671,pathogenic
p.A276M,0.9931,pathogenic
p.A276N,0.9931,pathogenic
p.A276P,0.9913,pathogenic
p.A276Q,0.9881,pathogenic
p.A276R,0.9704,pathogenic
p.A276S,0.6879,pathogenic
p.A276T,0.97,pathogenic
p.A276V,0.9902,pathogenic
p.A276W,0.9977,pathogenic
p.A276Y,0.994,pathogenic
p.C277A,0.9938,pathogenic
p.C277D,0.9997,pathogenic
p.C277E,1.0,pathogenic
p.C277F,0.9904,pathogenic
p.C277G,0.9972,pathogenic
p.C277H,0.9994,pathogenic
p.C277I,0.9977,pathogenic
p.C277K,1.0,pathogenic
p.C277L,0.9962,pathogenic
p.C277M,0.9974,pathogenic
p.C277N,0.9989,pathogenic
p.C277P,0.9995,pathogenic
p.C277Q,0.9999,pathogenic
p.C277R,0.9996,pathogenic
p.C277S,0.9837,pathogenic
p.C277T,0.9978,pathogenic
p.C277V,0.9933,pathogenic
p.C277W,0.9979,pathogenic
p.C277Y,0.9986,pathogenic
p.P278A,0.9934,pathogenic
p.P278C,0.9992,pathogenic
p.P278D,0.9999,pathogenic
p.P278E,0.9996,pathogenic
p.P278F,0.9999,pathogenic
p.P278G,0.9989,pathogenic
p.P278H,0.9993,pathogenic
p.P278I,0.9994,pathogenic
p.P278K,0.9995,pathogenic
p.P278L,0.9972,pathogenic
p.P278M,0.9997,pathogenic
p.P278N,0.9998,pathogenic
p.P278Q,0.9996,pathogenic
p.P278R,0.9968,pathogenic
p.P278S,0.9988,pathogenic
p.P278T,0.9974,pathogenic
p.P278V,0.9982,pathogenic
p.P278W,0.9998,pathogenic
p.P278Y,0.9998,pathogenic
p.G279A,0.9586,pathogenic
p.G279C,0.9923,pathogenic
p.G279D,0.9991,pathogenic
p.G279E,0.9986,pathogenic
p.G279F,0.9979,pathogenic
p.G279H,0.9996,pathogenic
p.G279I,0.996,pathogenic
p.G279K,0.9992,pathogenic
p.G279L,0.9962,pathogenic
p.G279M,0.9982,pathogenic
p.G279N,0.9986,pathogenic
p.G279P,0.9982,pathogenic
p.G279Q,0.9985,pathogenic
p.G279R,0.9973,pathogenic
p.G279S,0.963,pathogenic
p.G279T,0.9901,pathogenic
p.G279V,0.9895,pathogenic
p.G279W,0.9965,pathogenic
p.G279Y,0.9979,pathogenic
p.R280A,0.9997,pathogenic
p.R280C,0.9993,pathogenic
p.R280D,0.9991,pathogenic
p.R280E,0.9966,pathogenic
p.R280F,0.9998,pathogenic
p.R280G,0.9989,pathogenic
p.R280H,0.9973,pathogenic
p.R280I,0.9996,pathogenic
p.R280K,0.9936,pathogenic
p.R280L,0.9988,pathogenic
p.R280M,0.9999,pathogenic
p.R280N,0.9994,pathogenic
p.R280P,0.9992,pathogenic
p.R280Q,0.9983,pathogenic
p.R280S,0.9997,pathogenic
p.R280T,0.9997,pathogenic
p.R280V,0.9997,pathogenic
p.R280W,0.9946,pathogenic
p.R280Y,0.9991,pathogenic
p.D281A,0.9997,pathogenic
p.D281C,0.9999,pathogenic
p.D281E,0.9991,pathogenic
p.D281F,0.9996,pathogenic
p.D281G,0.9995,pathogenic
p.D281H,0.9993,pathogenic
p.D281I,0.9998,pathogenic
p.D281K,0.9994,pathogenic
p.D281L,0.9996,pathogenic
p.D281M,1.0,pathogenic
p.D281N,0.9988,pathogenic
p.D281P,0.9998,pathogenic
p.D281Q,0.9997,pathogenic
p.D281R,0.9993,pathogenic
p.D281S,0.9994,pathogenic
p.D281T,0.9999,pathogenic
p.D281V,0.9997,pathogenic
p.D281W,0.9998,pathogenic
p.D281Y,0.9959,pathogenic
p.R282A,0.99,pathogenic
p.R282C,0.8702,pathogenic
p.R282D,0.9996,pathogenic
p.R282E,0.9936,pathogenic
p.R282F,0.9957,pathogenic
p.R282G,0.9871,pathogenic
p.R282H,0.9375,pathogenic
p.R282I,0.9842,pathogenic
p.R282K,0.8745,pathogenic
p.R282L,0.9405,pathogenic
p.R282M,0.9882,pathogenic
p.R282N,0.9986,pathogenic
p.R282P,0.9994,pathogenic
p.R282Q,0.8664,pathogenic
p.R282S,0.9962,pathogenic
p.R282T,0.9978,pathogenic
p.R282V,0.9904,pathogenic
p.R282W,0.9462,pathogenic
p.R282Y,0.987,pathogenic
p.R283A,0.9516,pathogenic
p.R283C,0.6812,pathogenic
p.R283D,0.9866,pathogenic
p.R283E,0.9497,pathogenic
p.R283F,0.9745,pathogenic
p.R283G,0.887,pathogenic
p.R283H,0.549,ambiguous
p.R283I,0.9034,pathogenic
p.R283K,0.2513,benign
p.R283L,0.8316,pathogenic
p.R283M,0.9261,pathogenic
p.R283N,0.9767,pathogenic
p.R283P,0.9928,pathogenic
p.R283Q,0.4967,ambiguous
p.R283S,0.9763,pathogenic
p.R283T,0.9458,pathogenic
p.R283V,0.9178,pathogenic
p.R283W,0.8078,pathogenic
p.R283Y,0.928,pathogenic
p.T284A,0.2587,benign
p.T284C,0.7718,pathogenic
p.T284D,0.9354,pathogenic
p.T284E,0.9007,pathogenic
p.T284F,0.651,pathogenic
p.T284G,0.5084,ambiguous
p.T284H,0.59,pathogenic
p.T284I,0.5825,pathogenic
p.T284K,0.7995,pathogenic
p.T284L,0.2982,benign
p.T284M,0.1492,benign
p.T284N,0.3113,benign
p.T284P,0.912,pathogenic
p.T284Q,0.5815,pathogenic
p.T284R,0.7429,pathogenic
p.T284S,0.2344,benign
p.T284V,0.4877,ambiguous
p.T284W,0.8708,pathogenic
p.T284Y,0.7255,pathogenic
p.E285A,0.928,pathogenic
p.E285C,0.996,pathogenic
p.E285D,0.902,pathogenic
p.E285F,0.9988,pathogenic
p.E285G,0.9509,pathogenic
p.E285H,0.9962,pathogenic
p.E285I,0.9962,pathogenic
p.E285K,0.9737,pathogenic
p.E285L,0.992,pathogenic
p.E285M,0.9895,pathogenic
p.E285N,0.9926,pathogenic
p.E285P,0.9991,pathogenic
p.E285Q,0.9185,pathogenic
p.E285R,0.9783,pathogenic
p.E285S,0.975,pathogenic
p.E285T,0.9862,pathogenic
p.E285V,0.9811,pathogenic
p.E285W,0.9991,pathogenic
p.E285Y,0.9976,pathogenic
p.E286A,0.8823,pathogenic
p.E286C,0.9947,pathogenic
p.E286D,0.9266,pathogenic
p.E286F,0.9985,pathogenic
p.E286G,0.8932,pathogenic
p.E286H,0.9955,pathogenic
p.E286I,0.9713,pathogenic
p.E286K,0.9477,pathogenic
p.E286L,0.9735,pathogenic
p.E286M,0.9622,pathogenic
p.E286N,0.9783,pathogenic
p.E286P,0.9987,pathogenic
p.E286Q,0.8972,pathogenic
p.E286R,0.971,pathogenic
p.E286S,0.972,pathogenic
p.E286T,0.9508,pathogenic
p.E286V,0.9153,pathogenic
p.E286W,0.999,pathogenic
p.E286Y,0.9951,pathogenic
p.E287A,0.1824,benign
p.E287C,0.8447,pathogenic
p.E287D,0.0988,benign
p.E287F,0.8277,pathogenic
p.E287G,0.1655,benign
p.E287H,0.6192,pathogenic
p.E287I,0.4845,ambiguous
p.E287K,0.2975,benign
p.E287L,0.4856,ambiguous
p.E287M,0.5104,ambiguous
p.E287N,0.2722,benign
p.E287P,0.9618,pathogenic
p.E287Q,0.2004,benign
p.E287R,0.4529,ambiguous
p.E287S,0.277,benign
p.E287T,0.3237,benign
p.E287V,0.3116,benign
p.E287W,0.9127,pathogenic
p.E287Y,0.6695,pathogenic
p.N288A,0.5559,ambiguous
p.N288C,0.6331,pathogenic
p.N288D,0.7619,pathogenic
p.N288E,0.8884,pathogenic
p.N288F,0.825,pathogenic
p.N288G,0.5693,pathogenic
p.N288H,0.3465,ambiguous
p.N288I,0.4629,ambiguous
p.N288K,0.7253,pathogenic
p.N288L,0.5194,ambiguous
p.N288M,0.5235,ambiguous
p.N288P,0.9558,pathogenic
p.N288Q,0.7269,pathogenic
p.N288R,0.8063,pathogenic
p.N288S,0.3389,benign
p.N288T,0.3614,ambiguous
p.N288V,0.4933,ambiguous
p.N288W,0.9465,pathogenic
p.N288Y,0.413,ambiguous
p.L289A,0.0997,benign
p.L289C,0.1263,benign
p.L289D,0.2548,benign
p.L289E,0.165,benign
p.L289F,0.045,benign
p.L289G,0.1814,benign
p.L289H,0.068,benign
p.L289I,0.0693,benign
p.L289K,0.1533,benign
p.L289M,0.0799,benign
p.L289N,0.1383,benign
p.L289P,0.5712,pathogenic
p.L289Q,0.0722,benign
p.L289R,0.0864,benign
p.L289S,0.1004,benign
p.L289T,0.1149,benign
p.L289V,0.064,benign
p.L289W,0.0886,benign
p.L289Y,0.0849,benign
p.R290A,0.1815,benign
p.R290C,0.0791,benign
p.R290D,0.3351,benign
p.R290E,0.1971,benign
p.R290F,0.2572,benign
p.R290G,0.121,benign
p.R290H,0.0696,benign
p.R290I,0.1694,benign
p.R290K,0.0975,benign
p.R290L,0.1081,benign
p.R290M,0.2154,benign
p.R290N,0.275,benign
p.R290P,0.333,benign
p.R290Q,0.0715,benign
p.R290S,0.2386,benign
p.R290T,0.1723,benign
p.R290V,0.187,benign
p.R290W,0.0954,benign
p.R290Y,0.1704,benign
p.K291A,0.5709,pathogenic
p.K291C,0.7072,pathogenic
p.K291D,0.7668,pathogenic
p.K291E,0.3704,ambiguous
p.K291F,0.8979,pathogenic
p.K291G,0.4715,ambiguous
p.K291H,0.4333,ambiguous
p.K291I,0.6308,pathogenic
p.K291L,0.5193,ambiguous
p.K291M,0.4652,ambiguous
p.K291N,0.5955,pathogenic
p.K291P,0.7327,pathogenic
p.K291Q,0.1828,benign
p.K291R,0.0741,benign
p.K291S,0.6205,pathogenic
p.K291T,0.4368,ambiguous
p.K291V,0.5782,pathogenic
p.K291W,0.7865,pathogenic
p.K291Y,0.7865,pathogenic
p.K292A,0.2432,benign
p.K292C,0.5936,pathogenic
p.K292D,0.3998,ambiguous
p.K292E,0.1592,benign
p.K292F,0.7263,pathogenic
p.K292G,0.2712,benign
p.K292H,0.2858,benign
p.K292I,0.3146,benign
p.K292L,0.3158,benign
p.K292M,0.2185,benign
p.K292N,0.2815,benign
p.K292P,0.3933,ambiguous
p.K292Q,0.1211,benign
p.K292R,0.0806,benign
p.K292S,0.299,benign
p.K292T,0.1465,benign
p.K292V,0.3116,benign
p.K292W,0.6481,pathogenic
p.K292Y,0.5709,pathogenic
p.G293A,0.0786,benign
p.G293C,0.1463,benign
p.G293D,0.1154,benign
p.G293E,0.076,benign
p.G293F,0.3568,ambiguous
p.G293H,0.2205,benign
p.G293I,0.1382,benign
p.G293K,0.16,benign
p.G293L,0.1965,benign
p.G293M,0.2067,benign
p.G293N,0.1661,benign
p.G293P,0.3217,benign
p.G293Q,0.1383,benign
p.G293R,0.1353,benign
p.G293S,0.094,benign
p.G293T,0.0818,benign
p.G293V,0.0882,benign
p.G293W,0.1775,benign
p.G293Y,0.2406,benign
p.E294A,0.0764,benign
p.E294C,0.3866,ambiguous
p.E294D,0.0796,benign
p.E294F,0.3077,benign
p.E294G,0.0695,benign
p.E294H,0.1875,benign
p.E294I,0.1167,benign
p.E294K,0.0769,benign
p.E294L,0.1337,benign
p.E294M,0.1719,benign
p.E294N,0.113,benign
p.E294P,0.1889,benign
p.E294Q,0.0779,benign
p.E294R,0.1279,benign
p.E294S,0.091,benign
p.E294T,0.0871,benign
p.E294V,0.0827,benign
p.E294W,0.5326,ambiguous
p.E294Y,0.2608,benign
p.P295A,0.0595,benign
p.P295C,0.1329,benign
p.P295D,0.1526,benign
p.P295E,0.1318,benign
p.P295F,0.1533,benign
p.P295G,0.1145,benign
p.P295H,0.0754,benign
p.P295I,0.1022,benign
p.P295K,0.1081,benign
p.P295L,0.0678,benign
p.P295M,0.1278,benign
p.P295N,0.1029,benign
p.P295Q,0.0789,benign
p.P295R,0.082,benign
p.P295S,0.0667,benign
p.P295T,0.0562,benign
p.P295V,0.0886,benign
p.P295W,0.2068,benign
p.P295Y,0.1441,benign
p.H296A,0.0778,benign
p.H296C,0.0487,benign
p.H296D,0.0824,benign
p.H296E,0.1167,benign
p.H296F,0.1222,benign
p.H296G,0.0722,benign
p.H296I,0.0917,benign
p.H296K,0.1063,benign
p.H296L,0.0705,benign
p.H296M,0.1966,benign
p.H296N,0.0653,benign
p.H296P,0.0646,benign
p.H296Q,0.0699,benign
p.H296R,0.0587,benign
p.H296S,0.0673,benign
p.H296T,0.0766,benign
p.H296V,0.085,benign
p.H296W,0.1452,benign
p.H296Y,0.0692,benign
p.H297A,0.0646,benign
p.H297C,0.0662,benign
p.H297D,0.0883,benign
p.H297E,0.0991,benign
p.H297F,0.1438,benign
p.H297G,0.0851,benign
p.H297I,0.1008,benign
p.H297K,0.0987,benign
p.H297L,0.0582,benign
p.H297M,0.1512,benign
p.H297N,0.0696,benign
p.H297P,0.0449,benign
p.H297Q,0.0704,benign
p.H297R,0.0574,benign
p.H297S,0.0649,benign
p.H297T,0.0666,benign
p.H297V,0.0806,benign
p.H297W,0.1533,benign
p.H297Y,0.0823,benign
p.E298A,0.0789,benign
p.E298C,0.3431,ambiguous
p.E298D,0.069,benign
p.E298F,0.3268,benign
p.E298G,0.0794,benign
p.E298H,0.1357,benign
p.E298I,0.1286,benign
p.E298K,0.0768,benign
p.E298L,0.1299,benign
p.E298M,0.1936,benign
p.E298N,0.1005,benign
p.E298P,0.1443,benign
p.E298Q,0.0727,benign
p.E298R,0.1101,benign
p.E298S,0.0858,benign
p.E298T,0.085,benign
p.E298V,0.0922,benign
p.E298W,0.4908,ambiguous
p.E298Y,0.2274,benign
p.L299A,0.0833,benign
p.L299C,0.1754,benign
p.L299D,0.2385,benign
p.L299E,0.142,benign
p.L299F,0.0846,benign
p.L299G,0.1517,benign
p.L299H,0.0851,benign
p.L299I,0.0663,benign
p.L299K,0.0961,benign
p.L299M,0.0799,benign
p.L299N,0.1207,benign
p.L299P,0.054,benign
p.L299Q,0.0657,benign
p.L299R,0.0785,benign
p.L299S,0.0905,benign
p.L299T,0.0811,benign
p.L299V,0.062,benign
p.L299W,0.1223,benign
p.L299Y,0.15,benign
p.P300A,0.065,benign
p.P300C,0.1837,benign
p.P300D,0.3075,benign
p.P300E,0.2113,benign
p.P300F,0.2084,benign
p.P300G,0.1659,benign
p.P300H,0.0991,benign
p.P300I,0.1207,benign
p.P300K,0.171,benign
p.P300L,0.0698,benign
p.P300M,0.1539,benign
p.P300N,0.1766,benign
p.P300Q,0.095,benign
p.P300R,0.1224,benign
p.P300S,0.0768,benign
p.P300T,0.0638,benign
p.P300V,0.0973,benign
p.P300W,0.3287,benign
p.P300Y,0.2156,benign
p.P301A,0.0543,benign
p.P301C,0.1544,benign
p.P301D,0.221,benign
p.P301E,0.1561,benign
p.P301F,0.1807,benign
p.P301G,0.1196,benign
p.P301H,0.0842,benign
p.P301I,0.1222,benign
p.P301K,0.1244,benign
p.P301L,0.0669,benign
p.P301M,0.1383,benign
p.P301N,0.1474,benign
p.P301Q,0.0804,benign
p.P301R,0.0839,benign
p.P301S,0.0698,benign
p.P301T,0.0608,benign
p.P301V,0.0913,benign
p.P301W,0.232,benign
p.P301Y,0.1912,benign
p.G302A,0.0807,benign
p.G302C,0.1296,benign
p.G302D,0.1978,benign
p.G302E,0.1407,benign
p.G302F,0.3527,ambiguous
p.G302H,0.212,benign
p.G302I,0.1456,benign
p.G302K,0.1636,benign
p.G302L,0.2147,benign
p.G302M,0.2531,benign
p.G302N,0.2125,benign
p.G302P,0.304,benign
p.G302Q,0.1515,benign
p.G302R,0.1142,benign
p.G302S,0.0962,benign
p.G302T,0.096,benign
p.G302V,0.092,benign
p.G302W,0.2301,benign
p.G302Y,0.2542,benign
p.S303A,0.0841,benign
p.S303C,0.0647,benign
p.S303D,0.3524,ambiguous
p.S303E,0.481,ambiguous
p.S303F,0.1779,benign
p.S303G,0.0591,benign
p.S303H,0.233,benign
p.S303I,0.1179,benign
p.S303K,0.4515,ambiguous
p.S303L,0.1092,benign
p.S303M,0.1629,benign
p.S303N,0.0937,benign
p.S303P,0.1207,benign
p.S303Q,0.3483,ambiguous
p.S303R,0.3755,ambiguous
p.S303T,0.0727,benign
p.S303V,0.1298,benign
p.S303W,0.2659,benign
p.S303Y,0.1702,benign
p.T304A,0.0599,benign
p.T304C,0.2185,benign
p.T304D,0.3182,benign
p.T304E,0.2844,benign
p.T304F,0.1882,benign
p.T304G,0.1067,benign
p.T304H,0.1793,benign
p.T304I,0.1257,benign
p.T304K,0.185,benign
p.T304L,0.0899,benign
p.T304M,0.0947,benign
p.T304N,0.0898,benign
p.T304P,0.0721,benign
p.T304Q,0.1741,benign
p.T304R,0.1549,benign
p.T304S,0.0774,benign
p.T304V,0.1069,benign
p.T304W,0.4205,ambiguous
p.T304Y,0.2308,benign
p.K305A,0.8332,pathogenic
p.K305C,0.923,pathogenic
p.K305D,0.9615,pathogenic
p.K305E,0.7898,pathogenic
p.K305F,0.9764,pathogenic
p.K305G,0.8104,pathogenic
p.K305H,0.7943,pathogenic
p.K305I,0.8842,pathogenic
p.K305L,0.8279,pathogenic
p.K305M,0.8121,pathogenic
p.K305N,0.9369,pathogenic
p.K305P,0.8278,pathogenic
p.K305Q,0.5281,ambiguous
p.K305R,0.1103,benign
p.K305S,0.8883,pathogenic
p.K305T,0.7527,pathogenic
p.K305V,0.8065,pathogenic
p.K305W,0.9581,pathogenic
p.K305Y,0.9414,pathogenic
p.R306A,0.8825,pathogenic
p.R306C,0.7028,pathogenic
p.R306D,0.9431,pathogenic
p.R306E,0.7969,pathogenic
p.R306F,0.9083,pathogenic
p.R306G,0.7138,pathogenic
p.R306H,0.5049,ambiguous
p.R306I,0.809,pathogenic
p.R306K,0.3188,benign
p.R306L,0.7584,pathogenic
p.R306M,0.8166,pathogenic
p.R306N,0.9394,pathogenic
p.R306P,0.8107,pathogenic
p.R306Q,0.4184,ambiguous
p.R306S,0.9526,pathogenic
p.R306T,0.849,pathogenic
p.R306V,0.8265,pathogenic
p.R306W,0.5366,ambiguous
p.R306Y,0.8035,pathogenic
p.A307C,0.303,benign
p.A307D,0.3491,ambiguous
p.A307E,0.3448,ambiguous
p.A307F,0.2622,benign
p.A307G,0.1077,benign
p.A307H,0.3851,ambiguous
p.A307I,0.1591,benign
p.A307K,0.4642,ambiguous
p.A307L,0.133,benign
p.A307M,0.1766,benign
p.A307N,0.1823,benign
p.A307P,0.1229,benign
p.A307Q,0.3125,benign
p.A307R,0.4347,ambiguous
p.A307S,0.0871,benign
p.A307T,0.0765,benign
p.A307V,0.0841,benign
p.A307W,0.6503,pathogenic
p.A307Y,0.3852,ambiguous
p.L308A,0.2054,benign
p.L308C,0.4266,ambiguous
p.L308D,0.7446,pathogenic
p.L308E,0.4576,ambiguous
p.L308F,0.1157,benign
p.L308G,0.393,ambiguous
p.L308H,0.2218,benign
p.L308I,0.0894,benign
p.L308K,0.2804,benign
p.L308M,0.0836,benign
p.L308N,0.3814,ambiguous
p.L308P,0.1675,benign
p.L308Q,0.1426,benign
p.L308R,0.2319,benign
p.L308S,0.2118,benign
p.L308T,0.2153,benign
p.L308V,0.084,benign
p.L308W,0.2309,benign
p.L308Y,0.3417,ambiguous
p.P309A,0.0835,benign
p.P309C,0.2873,benign
p.P309D,0.449,ambiguous
p.P309E,0.3017,benign
p.P309F,0.3819,ambiguous
p.P309G,0.2044,benign
p.P309H,0.1577,benign
p.P309I,0.2331,benign
p.P309K,0.2517,benign
p.P309L,0.109,benign
p.P309M,0.2484,benign
p.P309N,0.2492,benign
p.P309Q,0.1287,benign
p.P309R,0.1792,benign
p.P309S,0.1057,benign
p.P309T,0.0854,benign
p.P309V,0.1618,benign
p.P309W,0.462,ambiguous
p.P309Y,0.3636,ambiguous
p.N310A,0.0691,benign
p.N310C,0.1001,benign
p.N310D,0.0954,benign
p.N310E,0.1793,benign
p.N310F,0.2209,benign
p.N310G,0.0969,benign
p.N310H,0.0766,benign
p.N310I,0.0982,benign
p.N310K,0.1361,benign
p.N310L,0.0966,benign
p.N310M,0.1437,benign
p.N310P,0.0903,benign
p.N310Q,0.1428,benign
p.N310R,0.1475,benign
p.N310S,0.059,benign
p.N310T,0.0573,benign
p.N310V,0.0894,benign
p.N310W,0.4074,ambiguous
p.N310Y,0.1095,benign
p.N311A,0.0676,benign
p.N311C,0.0731,benign
p.N311D,0.0805,benign
p.N311E,0.1711,benign
p.N311F,0.1799,benign
p.N311G,0.081,benign
p.N311H,0.0654,benign
p.N311I,0.0766,benign
p.N311K,0.1506,benign
p.N311L,0.0906,benign
p.N311M,0.1422,benign
p.N311P,0.1172,benign
p.N311Q,0.139,benign
p.N311R,0.1479,benign
p.N311S,0.0487,benign
p.N311T,0.0497,benign
p.N311V,0.0756,benign
p.N311W,0.354,ambiguous
p.N311Y,0.0868,benign
p.T312A,0.0653,benign
p.T312C,0.1929,benign
p.T312D,0.2203,benign
p.T312E,0.2248,benign
p.T312F,0.1538,benign
p.T312G,0.1198,benign
p.T312H,0.1352,benign
p.T312I,0.1039,benign
p.T312K,0.1612,benign
p.T312L,0.0851,benign
p.T312M,0.0973,benign
p.T312N,0.0882,benign
p.T312P,0.0697,benign
p.T312Q,0.1546,benign
p.T312R,0.1344,benign
p.T312S,0.0755,benign
p.T312V,0.1001,benign
p.T312W,0.3743,ambiguous
p.T312Y,0.1766,benign
p.S313A,0.0733,benign
p.S313C,0.0732,benign
p.S313D,0.1677,benign
p.S313E,0.2967,benign
p.S313F,0.132,benign
p.S313G,0.0626,benign
p.S313H,0.173,benign
p.S313I,0.0881,benign
p.S313K,0.3811,ambiguous
p.S313L,0.091,benign
p.S313M,0.1564,benign
p.S313N,0.0786,benign
p.S313P,0.0931,benign
p.S313Q,0.2677,benign
p.S313R,0.3281,benign
p.S313T,0.0635,benign
p.S313V,0.0946,benign
p.S313W,0.257,benign
p.S313Y,0.1476,benign
p.S314A,0.0635,benign
p.S314C,0.0667,benign
p.S314D,0.2892,benign
p.S314E,0.3763,ambiguous
p.S314F,0.0974,benign
p.S314G,0.0824,benign
p.S314H,0.2032,benign
p.S314I,0.0954,benign
p.S314K,0.4684,ambiguous
p.S314L,0.0704,benign
p.S314M,0.1453,benign
p.S314N,0.129,benign
p.S314P,0.0705,benign
p.S314Q,0.3083,benign
p.S314R,0.4036,ambiguous
p.S314T,0.064,benign
p.S314V,0.0927,benign
p.S314W,0.1975,benign
p.S314Y,0.1192,benign
p.S315A,0.0666,benign
p.S315C,0.0709,benign
p.S315D,0.3274,benign
p.S315E,0.386,ambiguous
p.S315F,0.0964,benign
p.S315G,0.0907,benign
p.S315H,0.2121,benign
p.S315I,0.0897,benign
p.S315K,0.4932,ambiguous
p.S315L,0.0642,benign
p.S315M,0.1371,benign
p.S315N,0.1367,benign
p.S315P,0.0725,benign
p.S315Q,0.3161,benign
p.S315R,0.4373,ambiguous
p.S315T,0.0644,benign
p.S315V,0.09,benign
p.S315W,0.212,benign
p.S315Y,0.1234,benign
p.P316A,0.0605,benign
p.P316C,0.1657,benign
p.P316D,0.2637,benign
p.P316E,0.1938,benign
p.P316F,0.1876,benign
p.P316G,0.1447,benign
p.P316H,0.0948,benign
p.P316I,0.1061,benign
p.P316K,0.1834,benign
p.P316L,0.0684,benign
p.P316M,0.1404,benign
p.P316N,0.1447,benign
p.P316Q,0.0885,benign
p.P316R,0.1232,benign
p.P316S,0.0672,benign
p.P316T,0.0562,benign
p.P316V,0.087,benign
p.P316W,0.2871,benign
p.P316Y,0.1975,benign
p.Q317A,0.0868,benign
p.Q317C,0.2474,benign
p.Q317D,0.237,benign
p.Q317E,0.0846,benign
p.Q317F,0.3252,benign
p.Q317G,0.1425,benign
p.Q317H,0.1087,benign
p.Q317I,0.1339,benign
p.Q317K,0.0837,benign
p.Q317L,0.0712,benign
p.Q317M,0.1734,benign
p.Q317N,0.1722,benign
p.Q317P,0.0591,benign
p.Q317R,0.0958,benign
p.Q317S,0.1018,benign
p.Q317T,0.0875,benign
p.Q317V,0.0981,benign
p.Q317W,0.2576,benign
p.Q317Y,0.2239,benign
p.P318A,0.0573,benign
p.P318C,0.2061,benign
p.P318D,0.2691,benign
p.P318E,0.1501,benign
p.P318F,0.2755,benign
p.P318G,0.1386,benign
p.P318H,0.1032,benign
p.P318I,0.137,benign
p.P318K,0.1377,benign
p.P318L,0.075,benign
p.P318M,0.1431,benign
p.P318N,0.1456,benign
p.P318Q,0.0656,benign
p.P318R,0.1127,benign
p.P318S,0.0772,benign
p.P318T,0.0567,benign
p.P318V,0.1008,benign
p.P318W,0.3101,benign
p.P318Y,0.2437,benign
p.K319A,0.3654,ambiguous
p.K319C,0.6624,pathogenic
p.K319D,0.7151,pathogenic
p.K319E,0.2799,benign
p.K319F,0.8366,pathogenic
p.K319G,0.3573,ambiguous
p.K319H,0.4169,ambiguous
p.K319I,0.488,ambiguous
p.K319L,0.4354,ambiguous
p.K319M,0.4153,ambiguous
p.K319N,0.6124,pathogenic
p.K319P,0.434,ambiguous
p.K319Q,0.1557,benign
p.K319R,0.0734,benign
p.K319S,0.472,ambiguous
p.K319T,0.3128,benign
p.K319V,0.3837,ambiguous
p.K319W,0.7802,pathogenic
p.K319Y,0.7273,pathogenic
p.K320A,0.5293,ambiguous
p.K320C,0.7575,pathogenic
p.K320D,0.7348,pathogenic
p.K320E,0.3586,ambiguous
p.K320F,0.877,pathogenic
p.K320G,0.4706,ambiguous
p.K320H,0.463,ambiguous
p.K320I,0.5578,ambiguous
p.K320L,0.5028,ambiguous
p.K320M,0.4275,ambiguous
p.K320N,0.6003,pathogenic
p.K320P,0.5822,pathogenic
p.K320Q,0.1995,benign
p.K320R,0.0805,benign
p.K320S,0.6077,pathogenic
p.K320T,0.3745,ambiguous
p.K320V,0.49,ambiguous
p.K320W,0.8262,pathogenic
p.K320Y,0.7276,pathogenic
p.K321A,0.459,ambiguous
p.K321C,0.7164,pathogenic
p.K321D,0.7236,pathogenic
p.K321E,0.3672,ambiguous
p.K321F,0.7395,pathogenic
p.K321G,0.5141,ambiguous
p.K321H,0.3797,ambiguous
p.K321I,0.3421,ambiguous
p.K321L,0.3367,benign
p.K321M,0.2577,benign
p.K321N,0.535,ambiguous
p.K321P,0.5214,ambiguous
p.K321Q,0.1826,benign
p.K321R,0.0931,benign
p.K321S,0.5698,pathogenic
p.K321T,0.2777,benign
p.K321V,0.3476,ambiguous
p.K321W,0.7611,pathogenic
p.K321Y,0.6036,pathogenic
p.P322A,0.076,benign
p.P322C,0.2776,benign
p.P322D,0.3647,ambiguous
p.P322E,0.2535,benign
p.P322F,0.2917,benign
p.P322G,0.2239,benign
p.P322H,0.1229,benign
p.P322I,0.1488,benign
p.P322K,0.2146,benign
p.P322L,0.0775,benign
p.P322M,0.1777,benign
p.P322N,0.2038,benign
p.P322Q,0.1166,benign
p.P322R,0.143,benign
p.P322S,0.1119,benign
p.P322T,0.078,benign
p.P322V,0.1125,benign
p.P322W,0.4114,ambiguous
p.P322Y,0.2639,benign
p.L323A,0.081,benign
p.L323C,0.2491,benign
p.L323D,0.309,benign
p.L323E,0.1618,benign
p.L323F,0.105,benign
p.L323G,0.1626,benign
p.L323H,0.1186,benign
p.L323I,0.081,benign
p.L323K,0.135,benign
p.L323M,0.08,benign
p.L323N,0.1833,benign
p.L323P,0.0796,benign
p.L323Q,0.0777,benign
p.L323R,0.1033,benign
p.L323S,0.0886,benign
p.L323T,0.087,benign
p.L323V,0.0654,benign
p.L323W,0.1459,benign
p.L323Y,0.2412,benign
p.D324A,0.1588,benign
p.D324C,0.5114,ambiguous
p.D324E,0.1131,benign
p.D324F,0.587,pathogenic
p.D324G,0.1469,benign
p.D324H,0.2851,benign
p.D324I,0.4048,ambiguous
p.D324K,0.4118,ambiguous
p.D324L,0.3672,ambiguous
p.D324M,0.5944,pathogenic
p.D324N,0.1291,benign
p.D324P,0.3618,ambiguous
p.D324Q,0.3081,benign
p.D324R,0.4099,ambiguous
p.D324S,0.1351,benign
p.D324T,0.2309,benign
p.D324V,0.2378,benign
p.D324W,0.8041,pathogenic
p.D324Y,0.2814,benign
p.G325A,0.0979,benign
p.G325C,0.2087,benign
p.G325D,0.1795,benign
p.G325E,0.0969,benign
p.G325F,0.552,ambiguous
p.G325H,0.3062,benign
p.G325I,0.2501,benign
p.G325K,0.1931,benign
p.G325L,0.3188,benign
p.G325M,0.3083,benign
p.G325N,0.2562,benign
p.G325P,0.4992,ambiguous
p.G325Q,0.1701,benign
p.G325R,0.1519,benign
p.G325S,0.1039,benign
p.G325T,0.1032,benign
p.G325V,0.1458,benign
p.G325W,0.2909,benign
p.G325Y,0.4043,ambiguous
p.E326A,0.27,benign
p.E326C,0.861,pathogenic
p.E326D,0.1041,benign
p.E326F,0.8887,pathogenic
p.E326G,0.2877,benign
p.E326H,0.6404,pathogenic
p.E326I,0.5278,ambiguous
p.E326K,0.2997,benign
p.E326L,0.6026,pathogenic
p.E326M,0.6245,pathogenic
p.E326N,0.3036,benign
p.E326P,0.6493,pathogenic
p.E326Q,0.231,benign
p.E326R,0.468,ambiguous
p.E326S,0.2937,benign
p.E326T,0.3319,benign
p.E326V,0.3449,ambiguous
p.E326W,0.9513,pathogenic
p.E326Y,0.7729,pathogenic
p.Y327A,0.664,pathogenic
p.Y327C,0.2676,benign
p.Y327D,0.5763,pathogenic
p.Y327E,0.8109,pathogenic
p.Y327F,0.1319,benign
p.Y327G,0.7203,pathogenic
p.Y327H,0.533,ambiguous
p.Y327I,0.3353,benign
p.Y327K,0.8373,pathogenic
p.Y327L,0.4778,ambiguous
p.Y327M,0.5945,pathogenic
p.Y327N,0.3952,ambiguous
p.Y327P,0.7982,pathogenic
p.Y327Q,0.833,pathogenic
p.Y327R,0.7841,pathogenic
p.Y327S,0.512,ambiguous
p.Y327T,0.5267,ambiguous
p.Y327V,0.2725,benign
p.Y327W,0.6221,pathogenic
p.F328A,0.9776,pathogenic
p.F328C,0.7416,pathogenic
p.F328D,0.9921,pathogenic
p.F328E,0.9922,pathogenic
p.F328G,0.9856,pathogenic
p.F328H,0.8068,pathogenic
p.F328I,0.853,pathogenic
p.F328K,0.9867,pathogenic
p.F328L,0.9687,pathogenic
p.F328M,0.9287,pathogenic
p.F328N,0.9702,pathogenic
p.F328P,0.9986,pathogenic
p.F328Q,0.9771,pathogenic
p.F328R,0.9584,pathogenic
p.F328S,0.9558,pathogenic
p.F328T,0.9843,pathogenic
p.F328V,0.836,pathogenic
p.F328W,0.6702,pathogenic
p.F328Y,0.1535,benign
p.T329A,0.214,benign
p.T329C,0.3793,ambiguous
p.T329D,0.7984,pathogenic
p.T329E,0.7037,pathogenic
p.T329F,0.2558,benign
p.T329G,0.6102,pathogenic
p.T329H,0.2651,benign
p.T329I,0.1858,benign
p.T329K,0.435,ambiguous
p.T329L,0.1031,benign
p.T329M,0.1158,benign
p.T329N,0.2485,benign
p.T329P,0.4156,ambiguous
p.T329Q,0.4143,ambiguous
p.T329R,0.3437,ambiguous
p.T329S,0.2123,benign
p.T329V,0.1606,benign
p.T329W,0.6021,pathogenic
p.T329Y,0.3123,benign
p.L330A,0.9736,pathogenic
p.L330C,0.9451,pathogenic
p.L330D,0.9997,pathogenic
p.L330E,0.9964,pathogenic
p.L330F,0.7519,pathogenic
p.L330G,0.9964,pathogenic
p.L330H,0.9892,pathogenic
p.L330I,0.2322,benign
p.L330K,0.99,pathogenic
p.L330M,0.4119,ambiguous
p.L330N,0.9982,pathogenic
p.L330P,0.995,pathogenic
p.L330Q,0.9815,pathogenic
p.L330R,0.9778,pathogenic
p.L330S,0.9958,pathogenic
p.L330T,0.9826,pathogenic
p.L330V,0.302,benign
p.L330W,0.9529,pathogenic
p.L330Y,0.9664,pathogenic
p.Q331A,0.3851,ambiguous
p.Q331C,0.7322,pathogenic
p.Q331D,0.8349,pathogenic
p.Q331E,0.1788,benign
p.Q331F,0.8831,pathogenic
p.Q331G,0.6242,pathogenic
p.Q331H,0.3988,ambiguous
p.Q331I,0.5432,ambiguous
p.Q331K,0.0798,benign
p.Q331L,0.2469,benign
p.Q331M,0.4395,ambiguous
p.Q331N,0.628,pathogenic
p.Q331P,0.2234,benign
p.Q331R,0.1357,benign
p.Q331S,0.5495,ambiguous
p.Q331T,0.3296,benign
p.Q331V,0.3611,ambiguous
p.Q331W,0.7763,pathogenic
p.Q331Y,0.7565,pathogenic
p.I332A,0.9951,pathogenic
p.I332C,0.9899,pathogenic
p.I332D,0.9996,pathogenic
p.I332E,0.9989,pathogenic
p.I332F,0.9515,pathogenic
p.I332G,0.9986,pathogenic
p.I332H,0.9994,pathogenic
p.I332K,0.9982,pathogenic
p.I332L,0.742,pathogenic
p.I332M,0.8174,pathogenic
p.I332N,0.9958,pathogenic
p.I332P,0.9968,pathogenic
p.I332Q,0.999,pathogenic
p.I332R,0.9975,pathogenic
p.I332S,0.9966,pathogenic
p.I332T,0.9938,pathogenic
p.I332V,0.2359,benign
p.I332W,0.9985,pathogenic
p.I332Y,0.9939,pathogenic
p.R333A,0.8385,pathogenic
p.R333C,0.2336,benign
p.R333D,0.959,pathogenic
p.R333E,0.7583,pathogenic
p.R333F,0.8045,pathogenic
p.R333G,0.7801,pathogenic
p.R333H,0.1281,benign
p.R333I,0.6981,pathogenic
p.R333K,0.2157,benign
p.R333L,0.5904,pathogenic
p.R333M,0.787,pathogenic
p.R333N,0.9102,pathogenic
p.R333P,0.9519,pathogenic
p.R333Q,0.1847,benign
p.R333S,0.8739,pathogenic
p.R333T,0.7388,pathogenic
p.R333V,0.7149,pathogenic
p.R333W,0.3044,benign
p.R333Y,0.5788,pathogenic
p.G334A,0.959,pathogenic
p.G334C,0.9607,pathogenic
p.G334D,0.9524,pathogenic
p.G334E,0.9863,pathogenic
p.G334F,0.9967,pathogenic
p.G334H,0.9887,pathogenic
p.G334I,0.9963,pathogenic
p.G334K,0.9928,pathogenic
p.G334L,0.9946,pathogenic
p.G334M,0.9964,pathogenic
p.G334N,0.9536,pathogenic
p.G334P,0.9986,pathogenic
p.G334Q,0.989,pathogenic
p.G334R,0.9894,pathogenic
p.G334S,0.8701,pathogenic
p.G334T,0.9772,pathogenic
p.G334V,0.9921,pathogenic
p.G334W,0.9851,pathogenic
p.G334Y,0.9894,pathogenic
p.R335A,0.9012,pathogenic
p.R335C,0.5538,ambiguous
p.R335D,0.975,pathogenic
p.R335E,0.7929,pathogenic
p.R335F,0.8674,pathogenic
p.R335G,0.8461,pathogenic
p.R335H,0.3027,benign
p.R335I,0.8096,pathogenic
p.R335K,0.2549,benign
p.R335L,0.7353,pathogenic
p.R335M,0.8192,pathogenic
p.R335N,0.9586,pathogenic
p.R335P,0.9362,pathogenic
p.R335Q,0.3012,benign
p.R335S,0.9494,pathogenic
p.R335T,0.8909,pathogenic
p.R335V,0.8363,pathogenic
p.R335W,0.4128,ambiguous
p.R335Y,0.7047,pathogenic
p.E336A,0.1486,benign
p.E336C,0.8037,pathogenic
p.E336D,0.1316,benign
p.E336F,0.8566,pathogenic
p.E336G,0.1631,benign
p.E336H,0.4088,ambiguous
p.E336I,0.5419,ambiguous
p.E336K,0.1085,benign
p.E336L,0.4624,ambiguous
p.E336M,0.5673,pathogenic
p.E336N,0.2768,benign
p.E336P,0.5182,ambiguous
p.E336Q,0.1098,benign
p.E336R,0.1996,benign
p.E336S,0.2026,benign
p.E336T,0.2637,benign
p.E336V,0.3274,benign
p.E336W,0.8895,pathogenic
p.E336Y,0.6917,pathogenic
p.R337A,0.9714,pathogenic
p.R337C,0.8021,pathogenic
p.R337D,0.9748,pathogenic
p.R337E,0.9448,pathogenic
p.R337F,0.9935,pathogenic
p.R337G,0.9498,pathogenic
p.R337H,0.5518,ambiguous
p.R337I,0.9432,pathogenic
p.R337K,0.5902,pathogenic
p.R337L,0.9398,pathogenic
p.R337M,0.9765,pathogenic
p.R337N,0.8595,pathogenic
p.R337P,0.9871,pathogenic
p.R337Q,0.7165,pathogenic
p.R337S,0.976,pathogenic
p.R337T,0.9425,pathogenic
p.R337V,0.9569,pathogenic
p.R337W,0.8911,pathogenic
p.R337Y,0.9366,pathogenic
p.F338A,0.9827,pathogenic
p.F338C,0.9305,pathogenic
p.F338D,0.9951,pathogenic
p.F338E,0.9952,pathogenic
p.F338G,0.9842,pathogenic
p.F338H,0.9242,pathogenic
p.F338I,0.971,pathogenic
p.F338K,0.9923,pathogenic
p.F338L,0.9927,pathogenic
p.F338M,0.9701,pathogenic
p.F338N,0.9852,pathogenic
p.F338P,0.9993,pathogenic
p.F338Q,0.9902,pathogenic
p.F338R,0.9729,pathogenic
p.F338S,0.9819,pathogenic
p.F338T,0.993,pathogenic
p.F338V,0.9435,pathogenic
p.F338W,0.5039,ambiguous
p.F338Y,0.0758,benign
p.E339A,0.227,benign
p.E339C,0.7827,pathogenic
p.E339D,0.2981,benign
p.E339F,0.7763,pathogenic
p.E339G,0.3301,benign
p.E339H,0.4759,ambiguous
p.E339I,0.4246,ambiguous
p.E339K,0.2638,benign
p.E339L,0.2927,benign
p.E339M,0.3876,ambiguous
p.E339N,0.2924,benign
p.E339P,0.9761,pathogenic
p.E339Q,0.1442,benign
p.E339R,0.3247,benign
p.E339S,0.3452,ambiguous
p.E339T,0.3593,ambiguous
p.E339V,0.2706,benign
p.E339W,0.8957,pathogenic
p.E339Y,0.6779,pathogenic
p.M340A,0.5907,pathogenic
p.M340C,0.873,pathogenic
p.M340D,0.9333,pathogenic
p.M340E,0.8176,pathogenic
p.M340F,0.3535,ambiguous
p.M340G,0.8782,pathogenic
p.M340H,0.736,pathogenic
p.M340I,0.502,ambiguous
p.M340K,0.3098,benign
p.M340L,0.2105,benign
p.M340N,0.7552,pathogenic
p.M340P,0.9964,pathogenic
p.M340Q,0.5145,ambiguous
p.M340R,0.3957,ambiguous
p.M340S,0.6965,pathogenic
p.M340T,0.2307,benign
p.M340V,0.1845,benign
p.M340W,0.688,pathogenic
p.M340Y,0.664,pathogenic
p.F341A,0.9777,pathogenic
p.F341C,0.852,pathogenic
p.F341D,0.9988,pathogenic
p.F341E,0.998,pathogenic
p.F341G,0.9941,pathogenic
p.F341H,0.9872,pathogenic
p.F341I,0.4457,ambiguous
p.F341K,0.997,pathogenic
p.F341L,0.6943,pathogenic
p.F341M,0.6773,pathogenic
p.F341N,0.9951,pathogenic
p.F341P,0.9994,pathogenic
p.F341Q,0.9951,pathogenic
p.F341R,0.9926,pathogenic
p.F341S,0.9942,pathogenic
p.F341T,0.9904,pathogenic
p.F341V,0.6581,pathogenic
p.F341W,0.8492,pathogenic
p.F341Y,0.5667,pathogenic
p.R342A,0.5803,pathogenic
p.R342C,0.1722,benign
p.R342D,0.9164,pathogenic
p.R342E,0.5142,ambiguous
p.R342F,0.7976,pathogenic
p.R342G,0.4659,ambiguous
p.R342H,0.1907,benign
p.R342I,0.5658,pathogenic
p.R342K,0.1277,benign
p.R342L,0.2837,benign
p.R342M,0.4715,ambiguous
p.R342N,0.8494,pathogenic
p.R342P,0.9836,pathogenic
p.R342Q,0.104,benign
p.R342S,0.6801,pathogenic
p.R342T,0.5294,ambiguous
p.R342V,0.5431,ambiguous
p.R342W,0.2448,benign
p.R342Y,0.6105,pathogenic
p.E343A,0.1425,benign
p.E343C,0.7218,pathogenic
p.E343D,0.1875,benign
p.E343F,0.7,pathogenic
p.E343G,0.2428,benign
p.E343H,0.408,ambiguous
p.E343I,0.2753,benign
p.E343K,0.133,benign
p.E343L,0.2487,benign
p.E343M,0.254,benign
p.E343N,0.3009,benign
p.E343P,0.9513,pathogenic
p.E343Q,0.1047,benign
p.E343R,0.2289,benign
p.E343S,0.2224,benign
p.E343T,0.1851,benign
p.E343V,0.1586,benign
p.E343W,0.8524,pathogenic
p.E343Y,0.5809,pathogenic
p.L344A,0.9248,pathogenic
p.L344C,0.8923,pathogenic
p.L344D,0.9985,pathogenic
p.L344E,0.991,pathogenic
p.L344F,0.5479,ambiguous
p.L344G,0.9905,pathogenic
p.L344H,0.9798,pathogenic
p.L344I,0.1008,benign
p.L344K,0.9759,pathogenic
p.L344M,0.1855,benign
p.L344N,0.9929,pathogenic
p.L344P,0.9962,pathogenic
p.L344Q,0.9738,pathogenic
p.L344R,0.9599,pathogenic
p.L344S,0.9924,pathogenic
p.L344T,0.9527,pathogenic
p.L344V,0.195,benign
p.L344W,0.8245,pathogenic
p.L344Y,0.8975,pathogenic
p.N345A,0.7873,pathogenic
p.N345C,0.5135,ambiguous
p.N345D,0.8613,pathogenic
p.N345E,0.9454,pathogenic
p.N345F,0.9496,pathogenic
p.N345G,0.7781,pathogenic
p.N345H,0.3955,ambiguous
p.N345I,0.8497,pathogenic
p.N345K,0.9205,pathogenic
p.N345L,0.6413,pathogenic
p.N345M,0.8133,pathogenic
p.N345P,0.9889,pathogenic
p.N345Q,0.8557,pathogenic
p.N345R,0.8829,pathogenic
p.N345S,0.3269,benign
p.N345T,0.7451,pathogenic
p.N345V,0.7641,pathogenic
p.N345W,0.9294,pathogenic
p.N345Y,0.5899,pathogenic
p.E346A,0.2755,benign
p.E346C,0.9219,pathogenic
p.E346D,0.1177,benign
p.E346F,0.8787,pathogenic
p.E346G,0.4241,ambiguous
p.E346H,0.6229,pathogenic
p.E346I,0.6534,pathogenic
p.E346K,0.3211,benign
p.E346L,0.5727,pathogenic
p.E346M,0.6432,pathogenic
p.E346N,0.34,benign
p.E346P,0.9896,pathogenic
p.E346Q,0.2545,benign
p.E346R,0.4355,ambiguous
p.E346S,0.387,ambiguous
p.E346T,0.4636,ambiguous
p.E346V,0.4434,ambiguous
p.E346W,0.9487,pathogenic
p.E346Y,0.7809,pathogenic
p.A347C,0.8101,pathogenic
p.A347D,0.9525,pathogenic
p.A347E,0.9447,pathogenic
p.A347F,0.772,pathogenic
p.A347G,0.2621,benign
p.A347H,0.926,pathogenic
p.A347I,0.8336,pathogenic
p.A347K,0.9784,pathogenic
p.A347L,0.7168,pathogenic
p.A347M,0.6746,pathogenic
p.A347N,0.8939,pathogenic
p.A347P,0.995,pathogenic
p.A347Q,0.9278,pathogenic
p.A347R,0.9529,pathogenic
p.A347S,0.2455,benign
p.A347T,0.6225,pathogenic
p.A347V,0.6011,pathogenic
p.A347W,0.9623,pathogenic
p.A347Y,0.8558,pathogenic
p.L348A,0.8371,pathogenic
p.L348C,0.7896,pathogenic
p.L348D,0.9944,pathogenic
p.L348E,0.9449,pathogenic
p.L348F,0.2531,benign
p.L348G,0.9608,pathogenic
p.L348H,0.8653,pathogenic
p.L348I,0.4567,ambiguous
p.L348K,0.8675,pathogenic
p.L348M,0.1987,benign
p.L348N,0.9745,pathogenic
p.L348P,0.9934,pathogenic
p.L348Q,0.7796,pathogenic
p.L348R,0.7909,pathogenic
p.L348S,0.9513,pathogenic
p.L348T,0.9094,pathogenic
p.L348V,0.441,ambiguous
p.L348W,0.4634,ambiguous
p.L348Y,0.6939,pathogenic
p.E349A,0.6492,pathogenic
p.E349C,0.9594,pathogenic
p.E349D,0.7245,pathogenic
p.E349F,0.9831,pathogenic
p.E349G,0.7954,pathogenic
p.E349H,0.9296,pathogenic
p.E349I,0.9397,pathogenic
p.E349K,0.9049,pathogenic
p.E349L,0.8899,pathogenic
p.E349M,0.9201,pathogenic
p.E349N,0.9014,pathogenic
p.E349P,0.9912,pathogenic
p.E349Q,0.579,pathogenic
p.E349R,0.8858,pathogenic
p.E349S,0.8009,pathogenic
p.E349T,0.8901,pathogenic
p.E349V,0.8199,pathogenic
p.E349W,0.9928,pathogenic
p.E349Y,0.9668,pathogenic
p.L350A,0.2918,benign
p.L350C,0.3208,benign
p.L350D,0.6452,pathogenic
p.L350E,0.3445,ambiguous
p.L350F,0.0847,benign
p.L350G,0.5046,ambiguous
p.L350H,0.2097,benign
p.L350I,0.1064,benign
p.L350K,0.3066,benign
p.L350M,0.0999,benign
p.L350N,0.4368,ambiguous
p.L350P,0.9276,pathogenic
p.L350Q,0.1628,benign
p.L350R,0.1938,benign
p.L350S,0.4209,ambiguous
p.L350T,0.3805,ambiguous
p.L350V,0.1135,benign
p.L350W,0.1304,benign
p.L350Y,0.1811,benign
p.K351A,0.4502,ambiguous
p.K351C,0.7475,pathogenic
p.K351D,0.8319,pathogenic
p.K351E,0.2892,benign
p.K351F,0.8769,pathogenic
p.K351G,0.6013,pathogenic
p.K351H,0.4575,ambiguous
p.K351I,0.5897,pathogenic
p.K351L,0.4212,ambiguous
p.K351M,0.2556,benign
p.K351N,0.6918,pathogenic
p.K351P,0.9355,pathogenic
p.K351Q,0.1373,benign
p.K351R,0.0909,benign
p.K351S,0.5907,pathogenic
p.K351T,0.3299,benign
p.K351V,0.525,ambiguous
p.K351W,0.7637,pathogenic
p.K351Y,0.7522,pathogenic
p.D352A,0.3999,ambiguous
p.D352C,0.8788,pathogenic
p.D352E,0.2582,benign
p.D352F,0.848,pathogenic
p.D352G,0.4478,ambiguous
p.D352H,0.7132,pathogenic
p.D352I,0.7637,pathogenic
p.D352K,0.8217,pathogenic
p.D352L,0.7355,pathogenic
p.D352M,0.8662,pathogenic
p.D352N,0.3759,ambiguous
p.D352P,0.9505,pathogenic
p.D352Q,0.7197,pathogenic
p.D352R,0.8306,pathogenic
p.D352S,0.466,ambiguous
p.D352T,0.6367,pathogenic
p.D352V,0.4961,ambiguous
p.D352W,0.9637,pathogenic
p.D352Y,0.5253,ambiguous
p.A353C,0.2953,benign
p.A353D,0.1893,benign
p.A353E,0.1792,benign
p.A353F,0.1999,benign
p.A353G,0.1243,benign
p.A353H,0.2884,benign
p.A353I,0.1563,benign
p.A353K,0.3019,benign
p.A353L,0.1382,benign
p.A353M,0.1642,benign
p.A353N,0.1787,benign
p.A353P,0.5618,ambiguous
p.A353Q,0.2253,benign
p.A353R,0.2402,benign
p.A353S,0.0897,benign
p.A353T,0.0828,benign
p.A353V,0.0939,benign
p.A353W,0.5025,ambiguous
p.A353Y,0.2887,benign
p.Q354A,0.1106,benign
p.Q354C,0.3326,benign
p.Q354D,0.2296,benign
p.Q354E,0.0715,benign
p.Q354F,0.3926,ambiguous
p.Q354G,0.1473,benign
p.Q354H,0.1291,benign
p.Q354I,0.2117,benign
p.Q354K,0.084,benign
p.Q354L,0.0731,benign
p.Q354M,0.2145,benign
p.Q354N,0.2088,benign
p.Q354P,0.1367,benign
p.Q354R,0.0769,benign
p.Q354S,0.1748,benign
p.Q354T,0.1431,benign
p.Q354V,0.1347,benign
p.Q354W,0.2634,benign
p.Q354Y,0.2692,benign
p.A355C,0.2701,benign
p.A355D,0.1078,benign
p.A355E,0.1139,benign
p.A355F,0.2169,benign
p.A355G,0.0852,benign
p.A355H,0.2315,benign
p.A355I,0.1674,benign
p.A355K,0.2004,benign
p.A355L,0.1205,benign
p.A355M,0.1568,benign
p.A355N,0.1233,benign
p.A355P,0.1457,benign
p.A355Q,0.177,benign
p.A355R,0.1892,benign
p.A355S,0.0786,benign
p.A355T,0.0737,benign
p.A355V,0.1008,benign
p.A355W,0.416,ambiguous
p.A355Y,0.2582,benign
p.G356A,0.0787,benign
p.G356C,0.1413,benign
p.G356D,0.1196,benign
p.G356E,0.0689,benign
p.G356F,0.3319,benign
p.G356H,0.2098,benign
p.G356I,0.129,benign
p.G356K,0.1297,benign
p.G356L,0.1752,benign
p.G356M,0.2084,benign
p.G356N,0.1842,benign
p.G356P,0.2934,benign
p.G356Q,0.1111,benign
p.G356R,0.1159,benign
p.G356S,0.0986,benign
p.G356T,0.0947,benign
p.G356V,0.0872,benign
p.G356W,0.1821,benign
p.G356Y,0.2554,benign
p.K357A,0.1615,benign
p.K357C,0.4807,ambiguous
p.K357D,0.2585,benign
p.K357E,0.0825,benign
p.K357F,0.5763,pathogenic
p.K357G,0.1709,benign
p.K357H,0.2461,benign
p.K357I,0.2423,benign
p.K357L,0.2119,benign
p.K357M,0.1658,benign
p.K357N,0.2225,benign
p.K357P,0.287,benign
p.K357Q,0.0981,benign
p.K357R,0.0721,benign
p.K357S,0.2042,benign
p.K357T,0.1168,benign
p.K357V,0.2029,benign
p.K357W,0.519,ambiguous
p.K357Y,0.4761,ambiguous
p.E358A,0.1014,benign
p.E358C,0.5212,ambiguous
p.E358D,0.0664,benign
p.E358F,0.3909,ambiguous
p.E358G,0.0828,benign
p.E358H,0.2513,benign
p.E358I,0.1744,benign
p.E358K,0.121,benign
p.E358L,0.1809,benign
p.E358M,0.2555,benign
p.E358N,0.1304,benign
p.E358P,0.2728,benign
p.E358Q,0.1047,benign
p.E358R,0.1921,benign
p.E358S,0.1244,benign
p.E358T,0.1305,benign
p.E358V,0.1048,benign
p.E358W,0.6469,pathogenic
p.E358Y,0.3112,benign
p.P359A,0.0579,benign
p.P359C,0.187,benign
p.P359D,0.148,benign
p.P359E,0.1176,benign
p.P359F,0.2136,benign
p.P359G,0.1205,benign
p.P359H,0.1012,benign
p.P359I,0.145,benign
p.P359K,0.1338,benign
p.P359L,0.0812,benign
p.P359M,0.1587,benign
p.P359N,0.1314,benign
p.P359Q,0.0936,benign
p.P359R,0.0999,benign
p.P359S,0.0749,benign
p.P359T,0.0595,benign
p.P359V,0.1089,benign
p.P359W,0.2588,benign
p.P359Y,0.2028,benign
p.G360A,0.0711,benign
p.G360C,0.1325,benign
p.G360D,0.1066,benign
p.G360E,0.0662,benign
p.G360F,0.2798,benign
p.G360H,0.1829,benign
p.G360I,0.1274,benign
p.G360K,0.1298,benign
p.G360L,0.1679,benign
p.G360M,0.2017,benign
p.G360N,0.1745,benign
p.G360P,0.2601,benign
p.G360Q,0.1108,benign
p.G360R,0.1056,benign
p.G360S,0.0944,benign
p.G360T,0.084,benign
p.G360V,0.0861,benign
p.G360W,0.1683,benign
p.G360Y,0.2282,benign
p.G361A,0.0871,benign
p.G361C,0.1204,benign
p.G361D,0.09,benign
p.G361E,0.0719,benign
p.G361F,0.2552,benign
p.G361H,0.1824,benign
p.G361I,0.1179,benign
p.G361K,0.1601,benign
p.G361L,0.1897,benign
p.G361M,0.2207,benign
p.G361N,0.1431,benign
p.G361P,0.2919,benign
p.G361Q,0.134,benign
p.G361R,0.1369,benign
p.G361S,0.0867,benign
p.G361T,0.0907,benign
p.G361V,0.0866,benign
p.G361W,0.1843,benign
p.G361Y,0.1948,benign
p.S362A,0.0995,benign
p.S362C,0.0761,benign
p.S362D,0.1725,benign
p.S362E,0.246,benign
p.S362F,0.1697,benign
p.S362G,0.0715,benign
p.S362H,0.1763,benign
p.S362I,0.1189,benign
p.S362K,0.324,benign
p.S362L,0.1195,benign
p.S362M,0.1943,benign
p.S362N,0.0808,benign
p.S362P,0.1261,benign
p.S362Q,0.2631,benign
p.S362R,0.2626,benign
p.S362T,0.0798,benign
p.S362V,0.1371,benign
p.S362W,0.2181,benign
p.S362Y,0.1571,benign
p.R363A,0.1707,benign
p.R363C,0.1692,benign
p.R363D,0.3729,ambiguous
p.R363E,0.1821,benign
p.R363F,0.3651,ambiguous
p.R363G,0.1089,benign
p.R363H,0.1271,benign
p.R363I,0.1638,benign
p.R363K,0.0728,benign
p.R363L,0.1601,benign
p.R363M,0.1702,benign
p.R363N,0.3586,ambiguous
p.R363P,0.2062,benign
p.R363Q,0.0924,benign
p.R363S,0.258,benign
p.R363T,0.1262,benign
p.R363V,0.1832,benign
p.R363W,0.151,benign
p.R363Y,0.3233,benign
p.A364C,0.2462,benign
p.A364D,0.1445,benign
p.A364E,0.1512,benign
p.A364F,0.2119,benign
p.A364G,0.0863,benign
p.A364H,0.2481,benign
p.A364I,0.1645,benign
p.A364K,0.2459,benign
p.A364L,0.129,benign
p.A364M,0.1915,benign
p.A364N,0.1419,benign
p.A364P,0.0803,benign
p.A364Q,0.1921,benign
p.A364R,0.2185,benign
p.A364S,0.078,benign
p.A364T,0.0742,benign
p.A364V,0.0952,benign
p.A364W,0.4537,ambiguous
p.A364Y,0.2735,benign
p.H365A,0.1362,benign
p.H365C,0.1233,benign
p.H365D,0.1407,benign
p.H365E,0.1711,benign
p.H365F,0.2283,benign
p.H365G,0.1489,benign
p.H365I,0.192,benign
p.H365K,0.1622,benign
p.H365L,0.1,benign
p.H365M,0.334,benign
p.H365N,0.0867,benign
p.H365P,0.0757,benign
p.H365Q,0.1139,benign
p.H365R,0.085,benign
p.H365S,0.1291,benign
p.H365T,0.1499,benign
p.H365V,0.1525,benign
p.H365W,0.2954,benign
p.H365Y,0.097,benign
p.S366A,0.0732,benign
p.S366C,0.0755,benign
p.S366D,0.3346,benign
p.S366E,0.4507,ambiguous
p.S366F,0.1387,benign
p.S366G,0.076,benign
p.S366H,0.2064,benign
p.S366I,0.1382,benign
p.S366K,0.4416,ambiguous
p.S366L,0.0998,benign
p.S366M,0.21,benign
p.S366N,0.1375,benign
p.S366P,0.0823,benign
p.S366Q,0.3443,ambiguous
p.S366R,0.3471,ambiguous
p.S366T,0.0701,benign
p.S366V,0.1328,benign
p.S366W,0.2251,benign
p.S366Y,0.1442,benign
p.S367A,0.0866,benign
p.S367C,0.0858,benign
p.S367D,0.4533,ambiguous
p.S367E,0.5216,ambiguous
p.S367F,0.19,benign
p.S367G,0.0905,benign
p.S367H,0.2829,benign
p.S367I,0.1843,benign
p.S367K,0.5448,ambiguous
p.S367L,0.1162,benign
p.S367M,0.2441,benign
p.S367N,0.2088,benign
p.S367P,0.1166,benign
p.S367Q,0.4219,ambiguous
p.S367R,0.4413,ambiguous
p.S367T,0.0869,benign
p.S367V,0.1646,benign
p.S367W,0.2544,benign
p.S367Y,0.1848,benign
p.H368A,0.1282,benign
p.H368C,0.1063,benign
p.H368D,0.1508,benign
p.H368E,0.1913,benign
p.H368F,0.1564,benign
p.H368G,0.1514,benign
p.H368I,0.1373,benign
p.H368K,0.1778,benign
p.H368L,0.0776,benign
p.H368M,0.2672,benign
p.H368N,0.0888,benign
p.H368P,0.0703,benign
p.H368Q,0.1149,benign
p.H368R,0.0872,benign
p.H368S,0.1183,benign
p.H368T,0.1315,benign
p.H368V,0.1159,benign
p.H368W,0.2211,benign
p.H368Y,0.0682,benign
p.L369A,0.1183,benign
p.L369C,0.2171,benign
p.L369D,0.4248,ambiguous
p.L369E,0.2213,benign
p.L369F,0.1049,benign
p.L369G,0.2013,benign
p.L369H,0.1077,benign
p.L369I,0.0821,benign
p.L369K,0.1361,benign
p.L369M,0.1013,benign
p.L369N,0.2396,benign
p.L369P,0.0665,benign
p.L369Q,0.0767,benign
p.L369R,0.0866,benign
p.L369S,0.1299,benign
p.L369T,0.1211,benign
p.L369V,0.0742,benign
p.L369W,0.13,benign
p.L369Y,0.2205,benign
p.K370A,0.555,ambiguous
p.K370C,0.7519,pathogenic
p.K370D,0.8004,pathogenic
p.K370E,0.529,ambiguous
p.K370F,0.8397,pathogenic
p.K370G,0.6009,pathogenic
p.K370H,0.4202,ambiguous
p.K370I,0.5327,ambiguous
p.K370L,0.5028,ambiguous
p.K370M,0.4803,ambiguous
p.K370N,0.6995,pathogenic
p.K370P,0.4951,ambiguous
p.K370Q,0.2393,benign
p.K370R,0.0988,benign
p.K370S,0.6524,pathogenic
p.K370T,0.3876,ambiguous
p.K370V,0.5198,ambiguous
p.K370W,0.8107,pathogenic
p.K370Y,0.7452,pathogenic
p.S371A,0.0627,benign
p.S371C,0.0878,benign
p.S371D,0.3748,ambiguous
p.S371E,0.3635,ambiguous
p.S371F,0.1806,benign
p.S371G,0.0929,benign
p.S371H,0.2643,benign
p.S371I,0.1827,benign
p.S371K,0.452,ambiguous
p.S371L,0.1013,benign
p.S371M,0.1781,benign
p.S371N,0.1663,benign
p.S371P,0.0857,benign
p.S371Q,0.308,benign
p.S371R,0.4399,ambiguous
p.S371T,0.0759,benign
p.S371V,0.1405,benign
p.S371W,0.2027,benign
p.S371Y,0.1448,benign
p.K372A,0.4126,ambiguous
p.K372C,0.6657,pathogenic
p.K372D,0.6554,pathogenic
p.K372E,0.2566,benign
p.K372F,0.8262,pathogenic
p.K372G,0.3656,ambiguous
p.K372H,0.3962,ambiguous
p.K372I,0.5298,ambiguous
p.K372L,0.4776,ambiguous
p.K372M,0.4153,ambiguous
p.K372N,0.575,pathogenic
p.K372P,0.5164,ambiguous
p.K372Q,0.1589,benign
p.K372R,0.0675,benign
p.K372S,0.4847,ambiguous
p.K372T,0.3159,benign
p.K372V,0.4438,ambiguous
p.K372W,0.6887,pathogenic
p.K372Y,0.7014,pathogenic
p.K373A,0.3773,ambiguous
p.K373C,0.7453,pathogenic
p.K373D,0.5335,ambiguous
p.K373E,0.2372,benign
p.K373F,0.8049,pathogenic
p.K373G,0.375,ambiguous
p.K373H,0.3894,ambiguous
p.K373I,0.4787,ambiguous
p.K373L,0.4944,ambiguous
p.K373M,0.3572,ambiguous
p.K373N,0.4494,ambiguous
p.K373P,0.4758,ambiguous
p.K373Q,0.1853,benign
p.K373R,0.0834,benign
p.K373S,0.4763,ambiguous
p.K373T,0.2411,benign
p.K373V,0.4577,ambiguous
p.K373W,0.7422,pathogenic
p.K373Y,0.6602,pathogenic
p.G374A,0.114,benign
p.G374C,0.1802,benign
p.G374D,0.1653,benign
p.G374E,0.1117,benign
p.G374F,0.3895,ambiguous
p.G374H,0.2688,benign
p.G374I,0.1712,benign
p.G374K,0.2393,benign
p.G374L,0.2613,benign
p.G374M,0.3049,benign
p.G374N,0.2395,benign
p.G374P,0.382,ambiguous
p.G374Q,0.1873,benign
p.G374R,0.164,benign
p.G374S,0.1245,benign
p.G374T,0.1207,benign
p.G374V,0.1096,benign
p.G374W,0.225,benign
p.G374Y,0.267,benign
p.Q375A,0.114,benign
p.Q375C,0.2987,benign
p.Q375D,0.1932,benign
p.Q375E,0.0885,benign
p.Q375F,0.3579,ambiguous
p.Q375G,0.1453,benign
p.Q375H,0.1113,benign
p.Q375I,0.1818,benign
p.Q375K,0.0847,benign
p.Q375L,0.0988,benign
p.Q375M,0.2165,benign
p.Q375N,0.1551,benign
p.Q375P,0.0716,benign
p.Q375R,0.0923,benign
p.Q375S,0.1245,benign
p.Q375T,0.1135,benign
p.Q375V,0.1334,benign
p.Q375W,0.2865,benign
p.Q375Y,0.24,benign
p.S376A,0.0698,benign
p.S376C,0.063,benign
p.S376D,0.2403,benign
p.S376E,0.3013,benign
p.S376F,0.1191,benign
p.S376G,0.0774,benign
p.S376H,0.1768,benign
p.S376I,0.1218,benign
p.S376K,0.3501,ambiguous
p.S376L,0.0919,benign
p.S376M,0.1614,benign
p.S376N,0.1086,benign
p.S376P,0.0674,benign
p.S376Q,0.2557,benign
p.S376R,0.3137,benign
p.S376T,0.0707,benign
p.S376V,0.1116,benign
p.S376W,0.1789,benign
p.S376Y,0.111,benign
p.T377A,0.062,benign
p.T377C,0.2092,benign
p.T377D,0.2356,benign
p.T377E,0.2336,benign
p.T377F,0.1475,benign
p.T377G,0.1254,benign
p.T377H,0.1361,benign
p.T377I,0.1127,benign
p.T377K,0.1527,benign
p.T377L,0.0887,benign
p.T377M,0.1078,benign
p.T377N,0.1009,benign
p.T377P,0.0572,benign
p.T377Q,0.1579,benign
p.T377R,0.1223,benign
p.T377S,0.0802,benign
p.T377V,0.1013,benign
p.T377W,0.3485,ambiguous
p.T377Y,0.1857,benign
p.S378A,0.0711,benign
p.S378C,0.0805,benign
p.S378D,0.416,ambiguous
p.S378E,0.4401,ambiguous
p.S378F,0.1319,benign
p.S378G,0.098,benign
p.S378H,0.2417,benign
p.S378I,0.1606,benign
p.S378K,0.4877,ambiguous
p.S378L,0.0961,benign
p.S378M,0.2062,benign
p.S378N,0.2039,benign
p.S378P,0.0749,benign
p.S378Q,0.3346,benign
p.S378R,0.4173,ambiguous
p.S378T,0.0823,benign
p.S378V,0.131,benign
p.S378W,0.1926,benign
p.S378Y,0.1438,benign
p.R379A,0.1696,benign
p.R379C,0.0765,benign
p.R379D,0.259,benign
p.R379E,0.2292,benign
p.R379F,0.2183,benign
p.R379G,0.0985,benign
p.R379H,0.0667,benign
p.R379I,0.1691,benign
p.R379K,0.1107,benign
p.R379L,0.1207,benign
p.R379M,0.2592,benign
p.R379N,0.2321,benign
p.R379P,0.1317,benign
p.R379Q,0.0826,benign
p.R379S,0.1669,benign
p.R379T,0.1556,benign
p.R379V,0.1867,benign
p.R379W,0.1022,benign
p.R379Y,0.1525,benign
p.H380A,0.2229,benign
p.H380C,0.1227,benign
p.H380D,0.2329,benign
p.H380E,0.2505,benign
p.H380F,0.2873,benign
p.H380G,0.1612,benign
p.H380I,0.3018,benign
p.H380K,0.1783,benign
p.H380L,0.1378,benign
p.H380M,0.4453,ambiguous
p.H380N,0.1191,benign
p.H380P,0.0906,benign
p.H380Q,0.1345,benign
p.H380R,0.0835,benign
p.H380S,0.189,benign
p.H380T,0.2277,benign
p.H380V,0.2486,benign
p.H380W,0.2789,benign
p.H380Y,0.114,benign
p.K381A,0.7093,pathogenic
p.K381C,0.8176,pathogenic
p.K381D,0.8479,pathogenic
p.K381E,0.4454,ambiguous
p.K381F,0.9401,pathogenic
p.K381G,0.5499,ambiguous
p.K381H,0.5418,ambiguous
p.K381I,0.7961,pathogenic
p.K381L,0.7032,pathogenic
p.K381M,0.6498,pathogenic
p.K381N,0.7945,pathogenic
p.K381P,0.6621,pathogenic
p.K381Q,0.237,benign
p.K381R,0.0841,benign
p.K381S,0.7341,pathogenic
p.K381T,0.5455,ambiguous
p.K381V,0.733,pathogenic
p.K381W,0.8451,pathogenic
p.K381Y,0.8555,pathogenic
p.K382A,0.4621,ambiguous
p.K382C,0.7281,pathogenic
p.K382D,0.6629,pathogenic
p.K382E,0.3651,ambiguous
p.K382F,0.7665,pathogenic
p.K382G,0.4622,ambiguous
p.K382H,0.3503,ambiguous
p.K382I,0.435,ambiguous
p.K382L,0.4454,ambiguous
p.K382M,0.3241,benign
p.K382N,0.4828,ambiguous
p.K382P,0.4873,ambiguous
p.K382Q,0.1968,benign
p.K382R,0.0862,benign
p.K382S,0.553,ambiguous
p.K382T,0.2763,benign
p.K382V,0.4252,ambiguous
p.K382W,0.7522,pathogenic
p.K382Y,0.6155,pathogenic
p.L383A,0.1049,benign
p.L383C,0.1988,benign
p.L383D,0.311,benign
p.L383E,0.1916,benign
p.L383F,0.0921,benign
p.L383G,0.18,benign
p.L383H,0.0997,benign
p.L383I,0.0753,benign
p.L383K,0.1161,benign
p.L383M,0.0881,benign
p.L383N,0.1621,benign
p.L383P,0.0633,benign
p.L383Q,0.0836,benign
p.L383R,0.0783,benign
p.L383S,0.1374,benign
p.L383T,0.1028,benign
p.L383V,0.0708,benign
p.L383W,0.1139,benign
p.L383Y,0.1646,benign
p.M384A,0.215,benign
p.M384C,0.4579,ambiguous
p.M384D,0.5957,pathogenic
p.M384E,0.424,ambiguous
p.M384F,0.2083,benign
p.M384G,0.3466,ambiguous
p.M384H,0.2497,benign
p.M384I,0.2068,benign
p.M384K,0.123,benign
p.M384L,0.0835,benign
p.M384N,0.3049,benign
p.M384P,0.2157,benign
p.M384Q,0.1741,benign
p.M384R,0.1212,benign
p.M384S,0.2342,benign
p.M384T,0.1132,benign
p.M384V,0.0844,benign
p.M384W,0.3463,ambiguous
p.M384Y,0.3684,ambiguous
p.F385A,0.1554,benign
p.F385C,0.082,benign
p.F385D,0.3053,benign
p.F385E,0.3295,benign
p.F385G,0.2196,benign
p.F385H,0.2114,benign
p.F385I,0.0585,benign
p.F385K,0.2567,benign
p.F385L,0.2501,benign
p.F385M,0.1585,benign
p.F385N,0.2143,benign
p.F385P,0.2933,benign
p.F385Q,0.2324,benign
p.F385R,0.1882,benign
p.F385S,0.1417,benign
p.F385T,0.1597,benign
p.F385V,0.0552,benign
p.F385W,0.1624,benign
p.F385Y,0.0951,benign
p.K386A,0.6914,pathogenic
p.K386C,0.8114,pathogenic
p.K386D,0.8353,pathogenic
p.K386E,0.4991,ambiguous
p.K386F,0.9188,pathogenic
p.K386G,0.6918,pathogenic
p.K386H,0.5,ambiguous
p.K386I,0.7491,pathogenic
p.K386L,0.6608,pathogenic
p.K386M,0.6002,pathogenic
p.K386N,0.8023,pathogenic
p.K386P,0.6791,pathogenic
p.K386Q,0.2671,benign
p.K386R,0.0943,benign
p.K386S,0.7539,pathogenic
p.K386T,0.5171,ambiguous
p.K386V,0.6906,pathogenic
p.K386W,0.8711,pathogenic
p.K386Y,0.8707,pathogenic
p.T387A,0.0728,benign
p.T387C,0.2751,benign
p.T387D,0.2025,benign
p.T387E,0.1025,benign
p.T387F,0.2249,benign
p.T387G,0.093,benign
p.T387H,0.1286,benign
p.T387I,0.1325,benign
p.T387K,0.0518,benign
p.T387L,0.0942,benign
p.T387M,0.085,benign
p.T387N,0.1031,benign
p.T387P,0.1021,benign
p.T387Q,0.0745,benign
p.T387R,0.0393,benign
p.T387S,0.1055,benign
p.T387V,0.1155,benign
p.T387W,0.1896,benign
p.T387Y,0.2063,benign
p.E388A,0.101,benign
p.E388C,0.6203,pathogenic
p.E388D,0.1139,benign
p.E388F,0.587,pathogenic
p.E388G,0.1121,benign
p.E388H,0.3254,benign
p.E388I,0.2577,benign
p.E388K,0.1048,benign
p.E388L,0.2893,benign
p.E388M,0.3281,benign
p.E388N,0.2092,benign
p.E388P,0.3156,benign
p.E388Q,0.1146,benign
p.E388R,0.1646,benign
p.E388S,0.1521,benign
p.E388T,0.1453,benign
p.E388V,0.1426,benign
p.E388W,0.736,pathogenic
p.E388Y,0.4844,ambiguous
p.G389A,0.0876,benign
p.G389C,0.1235,benign
p.G389D,0.1487,benign
p.G389E,0.1222,benign
p.G389F,0.2715,benign
p.G389H,0.2163,benign
p.G389I,0.1242,benign
p.G389K,0.2083,benign
p.G389L,0.1978,benign
p.G389M,0.2307,benign
p.G389N,0.181,benign
p.G389P,0.4099,ambiguous
p.G389Q,0.1834,benign
p.G389R,0.1798,benign
p.G389S,0.0888,benign
p.G389T,0.0978,benign
p.G389V,0.0835,benign
p.G389W,0.2427,benign
p.G389Y,0.2087,benign
p.P390A,0.0681,benign
p.P390C,0.2285,benign
p.P390D,0.2296,benign
p.P390E,0.1497,benign
p.P390F,0.2418,benign
p.P390G,0.1644,benign
p.P390H,0.1188,benign
p.P390I,0.1542,benign
p.P390K,0.1523,benign
p.P390L,0.0791,benign
p.P390M,0.1762,benign
p.P390N,0.1972,benign
p.P390Q,0.1007,benign
p.P390R,0.0988,benign
p.P390S,0.098,benign
p.P390T,0.0744,benign
p.P390V,0.1155,benign
p.P390W,0.2907,benign
p.P390Y,0.2661,benign
p.D391A,0.2623,benign
p.D391C,0.6311,pathogenic
p.D391E,0.2888,benign
p.D391F,0.62,pathogenic
p.D391G,0.2581,benign
p.D391H,0.447,ambiguous
p.D391I,0.4622,ambiguous
p.D391K,0.6308,pathogenic
p.D391L,0.4787,ambiguous
p.D391M,0.7722,pathogenic
p.D391N,0.1717,benign
p.D391P,0.6208,pathogenic
p.D391Q,0.5577,ambiguous
p.D391R,0.5733,pathogenic
p.D391S,0.2003,benign
p.D391T,0.389,ambiguous
p.D391V,0.2805,benign
p.D391W,0.9047,pathogenic
p.D391Y,0.3093,benign
p.S392A,0.1715,benign
p.S392C,0.235,benign
p.S392D,0.6893,pathogenic
p.S392E,0.7463,pathogenic
p.S392F,0.5597,ambiguous
p.S392G,0.203,benign
p.S392H,0.759,pathogenic
p.S392I,0.5908,pathogenic
p.S392K,0.9189,pathogenic
p.S392L,0.2931,benign
p.S392M,0.4765,ambiguous
p.S392N,0.5679,pathogenic
p.S392P,0.5619,ambiguous
p.S392Q,0.8423,pathogenic
p.S392R,0.8946,pathogenic
p.S392T,0.1041,benign
p.S392V,0.4947,ambiguous
p.S392W,0.6117,pathogenic
p.S392Y,0.5038,ambiguous
p.D393A,0.5749,pathogenic
p.D393C,0.8335,pathogenic
p.D393E,0.3387,benign
p.D393F,0.8581,pathogenic
p.D393G,0.4952,ambiguous
p.D393H,0.6494,pathogenic
p.D393I,0.7479,pathogenic
p.D393K,0.7713,pathogenic
p.D393L,0.7503,pathogenic
p.D393M,0.9026,pathogenic
p.D393N,0.27,benign
p.D393P,0.7759,pathogenic
p.D393Q,0.6975,pathogenic
p.D393R,0.7596,pathogenic
p.D393S,0.3485,ambiguous
p.D393T,0.6089,pathogenic
p.D393V,0.5743,pathogenic
p.D393W,0.9619,pathogenic
p.D393Y,0.5696,pathogenic
