vep_row,is_missense,position,ref_aa,alt_aa,hgvsp,sift_score,sift_prediction,polyphen_score,polyphen_prediction
17 7674221 . G A . . .,True,248.0,R,W,p.R248W,0.0,deleterious,,
17 7674191 . C T . . .,True,258.0,E,K,p.E258K,0.0,deleterious,,
17 7674230 . C A . . .,True,245.0,G,C,p.G245C,0.0,deleterious,,
17 7674208 . A G . . .,True,252.0,L,P,p.L252P,0.0,deleterious,,
17 7676154 . G C . . .,True,72.0,P,R,p.P72R,0.14,tolerated,0.047,benign
17 7674216 . C A . . .,True,249.0,R,S,p.R249S,0.01,deleterious,,
17 7675143 . C A . . .,True,157.0,V,F,p.V157F,0.0,deleterious,,
17 7674238 . C T . . .,True,242.0,C,Y,p.C242Y,0.0,deleterious,,
17 7674229 . C T . . .,True,245.0,G,D,p.G245D,0.0,deleterious,,
17 7674220 . C T . . .,True,248.0,R,Q,p.R248Q,0.01,deleterious,,
17 7675214 . A G . . .,True,133.0,M,T,p.M133T,0.0,deleterious,,
17 7673806 . C A . . .,True,272.0,V,L,p.V272L,0.0,deleterious,,
17 7674241 . G A . . .,True,241.0,S,F,p.S241F,0.0,deleterious,,
17 7676011 . T A . . .,False,120.0,K,*,p.K120*,,,,
17 7673776 . G A . . .,True,282.0,R,W,p.R282W,0.0,deleterious,,
17 7674230 . C T . . .,True,245.0,G,S,p.G245S,0.01,deleterious,,
17 7673802 . C T . . .,True,273.0,R,H,p.R273H,0.07,tolerated,,
17 7673554 . C A . . .,True,325.0,G,V,p.G325V,0.13,tolerated,,
17 7673781 . C G . . .,True,280.0,R,T,p.R280T,0.0,deleterious,,
17 7675161 . G T . . .,True,151.0,P,T,p.P151T,0.01,deleterious,,
17 7675161 . G A . . .,True,151.0,P,S,p.P151S,0.01,deleterious,,
17 7676264 . C A . . .,True,35.0,L,F,p.L35F,0.32,tolerated,0.062,benign
17 7674193 . A T . . .,True,257.0,L,Q,p.L257Q,0.0,deleterious,,
17 7675088 . C T . . .,True,175.0,R,H,p.R175H,0.08,tolerated,,
17 7670678 . A G . . .,True,344.0,L,P,p.L344P,0.02,deleterious,,
17 7675200 . C G . . .,True,138.0,A,P,p.A138P,0.0,deleterious,,
17 7673745 . T A . . .,True,292.0,K,I,p.K292I,0.05,tolerated,,
17 7670699 . C T . . .,True,337.0,R,H,p.R337H,0.04,deleterious,,
17 7674965 . G A . . .,True,189.0,A,V,p.A189V,0.06,tolerated,,
17 7674872 . T G . . .,True,220.0,Y,S,p.Y220S,0.0,deleterious,,
17 7673766 . T A . . .,True,285.0,E,V,p.E285V,0.0,deleterious,,
17 7668434 . T G . . .,False,,,,,,,,
17 7675070 . C A . . .,True,181.0,R,L,p.R181L,0.0,deleterious,,
17 7676564 . C G . . .,True,11.0,E,Q,p.E11Q,0.01,deleterious,0.907,possibly_damaging
17 7670669 . G T . . .,True,347.0,A,D,p.A347D,0.0,deleterious,,
17 7676230 . G A . . .,True,47.0,P,S,p.P47S,0.16,tolerated,0.003,benign
17 7674945 . G A . . .,False,196.0,R,*,p.R196*,,,,
17 7674894 . G A . . .,False,213.0,R,*,p.R213*,,,,
17 7674892 . T C . . .,False,213.0,,,,,,,
17 7673803 . G A . . .,True,273.0,R,C,p.R273C,0.0,deleterious,,
17 7673610 . T C . . .,False,,,,,,,,
17 7670658 . T C . . .,True,351.0,K,E,p.K351E,0.08,tolerated,,
17 7670616 . G A . . .,True,365.0,H,Y,p.H365Y,0.61,tolerated,,
17 7674859 . C T . . .,False,224.0,,,,,,,
17 7675212 . A G . . .,True,134.0,F,L,p.F134L,0.0,deleterious,,
17 7673728 . C A . . .,False,298.0,E,*,p.E298*,,,,
17 7673523 . A G . . .,False,,,,,,,,
17 7674944 . C A . . .,True,196.0,R,L,p.R196L,0.0,deleterious,,
17 7674227 . T C . . .,True,246.0,M,V,p.M246V,0.0,deleterious,,
17 7673733 . T C . . .,True,296.0,H,R,p.H296R,0.55,tolerated,,
17 7687373 . T G . . .,False,,,,,,,,
17 7676196 . G C . . .,True,58.0,P,R,p.P58R,0.62,tolerated,0.013,benign
17 7676121 . G A . . .,True,83.0,A,V,p.A83V,0.31,tolerated,0.001,benign
17 7676567 . C T . . .,True,10.0,V,I,p.V10I,0.83,tolerated,0.003,benign
17 7676040 . C T . . .,True,110.0,R,H,p.R110H,0.22,tolerated,,
17 7675146 . G A . . .,True,156.0,R,C,p.R156C,0.18,tolerated,,
17 7675145 . C T . . .,True,156.0,R,H,p.R156H,0.54,tolerated,,
17 7675140 . G A . . .,True,158.0,R,C,p.R158C,0.0,deleterious,,
17 7675127 . A C . . .,True,162.0,I,S,p.I162S,0.0,deleterious,,
17 7675124 . T C . . .,True,163.0,Y,C,p.Y163C,0.0,deleterious,,
17 7675077 . G A . . .,True,179.0,H,Y,p.H179Y,0.0,deleterious,,
17 7674959 . G C . . .,True,191.0,P,R,p.P191R,0.27,tolerated,,
17 7674951 . G A . . .,True,194.0,L,F,p.L194F,0.0,deleterious,,
17 7674927 . G A . . .,True,202.0,R,C,p.R202C,0.1,tolerated,,
17 7674872 . T C . . .,True,220.0,Y,C,p.Y220C,0.0,deleterious,,
17 7674262 . T C . . .,True,234.0,Y,C,p.Y234C,0.0,deleterious,,
17 7674259 . T C . . .,True,235.0,N,S,p.N235S,0.02,deleterious,,
17 7674226 . A C . . .,True,246.0,M,R,p.M246R,0.0,deleterious,,
17 7673820 . C T . . .,True,267.0,R,Q,p.R267Q,0.0,deleterious,,
17 7673773 . G A . . .,True,283.0,R,C,p.R283C,0.12,tolerated,,
17 7673751 . C T . . .,True,290.0,R,H,p.R290H,0.42,tolerated,,
17 7673743 . C A . . .,True,293.0,G,W,p.G293W,0.16,tolerated,,
17 7676387 . C T . . .,True,31.0,V,I,p.V31I,0.39,tolerated,0.001,benign
17 7676261 . C T . . .,True,36.0,,,,,,,
17 7673735 . A G . . .,False,295.0,,,,,,,
17 7674865 . C A . . .,False,222.0,,,,,,,
17 7673734 . G A . . .,True,296.0,H,Y,p.H296Y,0.06,tolerated,,
17 7673559 . C T . . .,False,323.0,,,,,,,
17 7675226 . G A . . .,True,129.0,A,V,p.A129V,0.29,tolerated,,
17 7675152 . C T . . .,True,154.0,G,S,p.G154S,0.12,tolerated,,
17 7675150 . G A . . .,False,154.0,,,,,,,
17 7674824 . C A . . .,False,,,,,,,,
17 7674828 . T C . . .,False,,,,,,,,
17 7674926 . C T . . .,True,202.0,R,H,p.R202H,0.36,tolerated,,
17 7674893 . C T . . .,True,213.0,R,Q,p.R213Q,0.02,deleterious,,
17 7670613 . A C . . .,True,366.0,S,A,p.S366A,0.18,tolerated,,
17 7673312 . A C . . .,True,341.0,C,G,p.C341G,0.0,deleterious_low_confidence,,
17 7676224 . C G . . .,True,49.0,D,H,p.D49H,0.19,tolerated,0.832,possibly_damaging
17 7675104 . T C . . .,True,170.0,T,A,p.T170A,1.0,tolerated,,
17 7674949 . A G . . .,False,194.0,,,,,,,
17 7676483 . G C . . .,False,,,,,,,,
17 7674164 . G A . . .,False,,,,,,,,
17 7676574 . A T . . .,True,7.0,D,E,p.D7E,0.49,tolerated,0.094,benign
17 7676050 . A G . . .,True,107.0,Y,H,p.Y107H,0.63,tolerated,,
17 7675190 . C T . . .,True,141.0,C,Y,p.C141Y,0.0,deleterious,,
17 7673776 . G C . . .,True,282.0,R,G,p.R282G,0.02,deleterious,,
17 7676119 . C T . . .,True,84.0,A,T,p.A84T,0.19,tolerated,0.001,benign
17 7676041 . G T . . .,True,110.0,R,S,p.R110S,0.12,tolerated,,
17 7674889 . A C . . .,True,214.0,H,Q,p.H214Q,0.41,tolerated,,
17 7674197 . T C . . .,True,256.0,T,A,p.T256A,0.0,deleterious,,
17 7676225 . G T . . .,True,48.0,D,E,p.D48E,1.0,tolerated,0.0,benign
17 7676011 . T C . . .,True,120.0,K,E,p.K120E,0.0,deleterious,,
17 7676005 . C T . . .,True,122.0,V,M,p.V122M,0.0,deleterious,,
17 7673593 . G C . . .,True,312.0,T,S,p.T312S,0.52,tolerated,,
17 7676055 . C T . . .,True,105.0,G,D,p.G105D,0.0,deleterious,,
17 7673778 . T C . . .,True,281.0,D,G,p.D281G,0.0,deleterious,,
17 7670706 . G A . . .,True,335.0,R,C,p.R335C,0.03,deleterious,,
17 7674268 . A G . . .,True,232.0,I,T,p.I232T,0.04,deleterious,,
17 7673836 . C T . . .,True,262.0,G,S,p.G262S,0.01,deleterious,,
17 7676032 . A C . . .,True,113.0,F,V,p.F113V,0.0,deleterious,,
17 7670627 . C T . . .,True,361.0,G,E,p.G361E,0.51,tolerated,,
17 7669692 . T C . . .,True,398.0,Q,R,p.Q398R,,,,
17 7675058 . C T . . .,True,185.0,S,N,p.S185N,0.83,tolerated,,
17 7673609 . C T . . .,False,,,,,,,,
17 7669628 . T G . . .,True,388.0,E,A,p.E388A,0.01,deleterious,,
17 7676244 . T C . . .,True,42.0,D,G,p.D42G,0.06,tolerated,0.01,benign
17 7673728 . C T . . .,True,298.0,E,K,p.E298K,0.62,tolerated,,
17 7676148 . G A . . .,True,74.0,A,V,p.A74V,0.39,tolerated,0.084,benign
17 7675101 . C T . . .,True,171.0,E,K,p.E171K,0.0,deleterious,,
17 7669671 . C T . . .,True,374.0,G,S,p.G374S,0.07,tolerated,,
17 7676262 . G T . . .,True,36.0,P,Q,p.P36Q,0.58,tolerated,0.131,benign
17 7675208 . C T . . .,True,135.0,C,Y,p.C135Y,0.0,deleterious,,
17 7673821 . G A . . .,True,267.0,R,W,p.R267W,0.0,deleterious,,
17 7673761 . C T . . .,True,287.0,E,K,p.E287K,0.04,deleterious,,
17 7674218 . T A . . .,True,249.0,R,W,p.R249W,0.0,deleterious,,
17 7670694 . C G . . .,True,339.0,E,Q,p.E339Q,0.02,deleterious,,
17 7676121 . G T . . .,True,83.0,A,E,p.A83E,0.39,tolerated,0.003,benign
17 7675139 . C T . . .,True,158.0,R,H,p.R158H,0.07,tolerated,,
17 7676113 . C T . . .,True,86.0,A,T,p.A86T,0.7,tolerated,0.003,benign
17 7675221 . T A . . .,True,131.0,N,Y,p.N131Y,0.0,deleterious,,
17 7670630 . C G . . .,True,360.0,G,A,p.G360A,0.8,tolerated,,
17 7674887 . C G . . .,True,215.0,S,T,p.S215T,0.0,deleterious,,
17 7675178 . A G . . .,True,145.0,L,P,p.L145P,0.04,deleterious,,
17 7670637 . C T . . .,True,358.0,E,K,p.E358K,0.01,deleterious,,
17 7674193 . A C . . .,True,257.0,L,R,p.L257R,0.01,deleterious,,
17 7673704 . G A . . .,False,306.0,R,*,p.R306*,,,,
17 7670716 . C T . . .,False,,,,,,,,
17 7674257 . A C . . .,True,236.0,Y,D,p.Y236D,0.0,deleterious,,
17 7676041 . G A . . .,True,110.0,R,C,p.R110C,0.17,tolerated,,
17 7674217 . C T . . .,True,249.0,R,K,p.R249K,0.0,deleterious,,
17 7670711 . C T . . .,True,333.0,R,H,p.R333H,0.24,tolerated,,
17 7675070 . C T . . .,True,181.0,R,H,p.R181H,0.0,deleterious,,
17 7673772 . C T . . .,True,283.0,R,H,p.R283H,0.01,deleterious,,
17 7673713 . T C . . .,True,303.0,S,G,p.S303G,0.51,tolerated,,
17 7670596 . T C . . .,False,,,,,,,,
17 7676152 . C T . . .,True,73.0,V,M,p.V73M,0.19,tolerated,0.005,benign
17 7676049 . T G . . .,True,107.0,Y,S,p.Y107S,0.01,deleterious,,
17 7676047 . C T . . .,True,108.0,G,S,p.G108S,0.02,deleterious,,
17 7670700 . G A . . .,True,337.0,R,C,p.R337C,0.06,tolerated,,
17 7670630 . C A . . .,True,360.0,G,V,p.G360V,0.6,tolerated,,
17 7676264 . C G . . .,True,35.0,L,F,p.L35F,0.32,tolerated,0.062,benign
17 7675071 . G A . . .,True,181.0,R,C,p.R181C,0.08,tolerated,,
17 7675185 . C T . . .,True,143.0,V,M,p.V143M,0.0,deleterious,,
17 7676576 . C G . . .,True,7.0,D,H,p.D7H,0.0,deleterious,0.978,probably_damaging
17 7676049 . T C . . .,True,107.0,Y,C,p.Y107C,0.05,deleterious,,
17 7673710 . T C . . .,True,304.0,T,A,p.T304A,0.39,tolerated,,
17 7674252 . C T . . .,True,237.0,M,I,p.M237I,0.02,deleterious,,
17 7675157 . G A . . .,True,152.0,P,L,p.P152L,0.01,deleterious,,
17 7670699 . C A . . .,True,337.0,R,L,p.R337L,0.0,deleterious,,
17 7670694 . C T . . .,True,339.0,E,K,p.E339K,0.12,tolerated,,
17 7676155 . G C . . .,True,72.0,P,A,p.P72A,0.49,tolerated,0.0,benign
17 7676198 . G T . . .,True,57.0,D,E,p.D57E,0.31,tolerated,0.0,benign
17 7673833 . T C . . .,True,263.0,N,D,p.N263D,0.08,tolerated,,
17 7676250 . A G . . .,True,40.0,M,T,p.M40T,0.31,tolerated,0.035,benign
17 7669626 . C A . . .,True,389.0,G,W,p.G389W,0.0,deleterious,,
17 7674866 . G A . . .,True,222.0,P,L,p.P222L,0.08,tolerated,,
17 7673781 . C A . . .,True,280.0,R,I,p.R280I,0.0,deleterious,,
17 7673823 . C T . . .,True,266.0,G,E,p.G266E,0.01,deleterious,,
17 7674249 . A C . . .,True,238.0,C,W,p.C238W,0.0,deleterious,,
17 7675131 . C T . . .,True,161.0,A,T,p.A161T,0.0,deleterious,,
17 7674241 . G C . . .,True,241.0,S,C,p.S241C,0.0,deleterious,,
17 7676154 . G G . . .,False,,,,,,,,
17 7670699 . C G . . .,True,337.0,R,P,p.R337P,0.0,deleterious,,
17 7675994 . C T . . .,False,125.0,,,,,,,
17 7669641 . T C . . .,True,384.0,M,V,p.M384V,0.04,deleterious,,
17 7670685 . G A . . .,False,342.0,R,*,p.R342*,,,,
17 7670695 . G A . . .,False,338.0,,,,,,,
17 7670709 . C G . . .,True,334.0,G,R,p.G334R,0.0,deleterious,,
17 7670732 . G A . . .,False,,,,,,,,
17 7673522 . C G . . .,False,,,,,,,,
17 7673775 . C A . . .,True,282.0,R,L,p.R282L,0.02,deleterious,,
17 7673778 . T A . . .,True,281.0,D,V,p.D281V,0.0,deleterious,,
17 7674169 . G A . . .,False,,,,,,,,
17 7674211 . A C . . .,True,251.0,I,S,p.I251S,0.0,deleterious,,
17 7674212 . T G . . .,True,251.0,I,L,p.I251L,0.0,deleterious,,
17 7674235 . A G . . .,True,243.0,M,T,p.M243T,0.0,deleterious,,
17 7674250 . C T . . .,True,238.0,C,Y,p.C238Y,0.0,deleterious,,
17 7674254 . T C . . .,True,237.0,M,V,p.M237V,0.0,deleterious,,
17 7674256 . T G . . .,True,236.0,Y,S,p.Y236S,0.0,deleterious,,
17 7674841 . C G . . .,False,,,,,,,,
17 7674885 . C T . . .,True,216.0,V,M,p.V216M,0.0,deleterious,,
17 7674924 . C T . . .,True,203.0,V,M,p.V203M,0.0,deleterious,,
17 7674926 . C A . . .,True,202.0,R,L,p.R202L,0.27,tolerated,,
17 7674956 . T C . . .,True,192.0,Q,R,p.Q192R,0.15,tolerated,,
17 7675088 . C A . . .,True,175.0,R,L,p.R175L,0.0,deleterious,,
17 7675119 . G A . . .,False,165.0,Q,*,p.Q165*,,,,
17 7675137 . C G . . .,True,159.0,A,P,p.A159P,0.0,deleterious,,
17 7675232 . G A . . .,True,127.0,S,F,p.S127F,0.0,deleterious,,
17 7675988 . A G . . .,False,,,,,,,,
17 7675999 . A T . . .,True,124.0,C,S,p.C124S,0.13,tolerated,,
17 7676025 . T C . . .,True,115.0,H,R,p.H115R,0.05,deleterious,,
17 7676079 . A T . . .,True,97.0,V,D,p.V97D,0.0,deleterious,,
17 7676080 . C G . . .,True,97.0,V,L,p.V97L,0.02,deleterious,,
17 7676103 . G A . . .,True,89.0,P,L,p.P89L,0.36,tolerated,0.007,benign
17 7676124 . G A . . .,True,82.0,P,L,p.P82L,0.08,tolerated,0.006,benign
17 7676181 . G A . . .,True,63.0,A,V,p.A63V,0.16,tolerated,0.005,benign
17 7676263 . G A . . .,True,36.0,P,S,p.P36S,0.73,tolerated,0.003,benign
17 7676281 . G A . . .,False,,,,,,,,
17 7676577 . T G . . .,False,6.0,,,,,,,
17 7674882 . C T . . .,True,217.0,V,M,p.V217M,0.06,tolerated,,
17 7669642 . G A . . .,False,383.0,,,,,,,
17 7669654 . G A . . .,True,379.0,,,,,,,
17 7669656 . G A . . .,True,379.0,R,C,p.R379C,0.09,tolerated,,
17 7669656 . G T . . .,True,379.0,R,S,p.R379S,0.29,tolerated,,
17 7670631 . C T . . .,True,360.0,G,R,p.G360R,0.56,tolerated,,
17 7670707 . C T . . .,False,334.0,,,,,,,
17 7670709 . C T . . .,True,334.0,G,R,p.G334R,0.0,deleterious,,
17 7670712 . G A . . .,True,333.0,R,C,p.R333C,0.02,deleterious,,
17 7673585 . A T . . .,True,315.0,S,T,p.S315T,0.21,tolerated,,
17 7673604 . C T . . .,False,308.0,,,,,,,
17 7673613 . G A . . .,False,,,,,,,,
17 7673717 . T C . . .,False,301.0,,,,,,,
17 7673729 . G A . . .,False,297.0,,,,,,,
17 7673764 . C T . . .,True,286.0,E,K,p.E286K,0.01,deleterious,,
17 7673768 . T G . . .,False,284.0,,,,,,,
17 7673783 . C T . . .,False,279.0,,,,,,,
17 7673790 . C T . . .,True,277.0,C,Y,p.C277Y,0.0,deleterious,,
17 7673793 . G C . . .,True,276.0,A,G,p.A276G,0.0,deleterious,,
17 7673806 . C T . . .,True,272.0,V,M,p.V272M,0.0,deleterious,,
17 7674181 . C G . . .,True,261.0,S,T,p.S261T,0.21,tolerated,,
17 7674195 . T C . . .,False,256.0,,,,,,,
17 7674222 . G A . . .,False,247.0,,,,,,,
17 7674223 . T A . . .,True,247.0,N,I,p.N247I,0.0,deleterious,,
17 7674227 . T G . . .,True,246.0,M,L,p.M246L,0.0,deleterious,,
17 7674236 . T G . . .,True,243.0,M,L,p.M243L,0.03,deleterious,,
17 7674267 . G A . . .,False,232.0,,,,,,,
17 7674865 . C T . . .,False,222.0,,,,,,,
17 7674870 . C T . . .,True,221.0,E,K,p.E221K,0.0,deleterious,,
17 7674874 . G T . . .,False,219.0,,,,,,,
17 7674877 . C T . . .,False,218.0,,,,,,,
17 7674913 . C T . . .,False,206.0,,,,,,,
17 7674916 . A T . . .,False,205.0,Y,*,p.Y205*,,,,
17 7674919 . C T . . .,False,204.0,,,,,,,
17 7674953 . T A . . .,True,193.0,H,L,p.H193L,0.0,deleterious,,
17 7674953 . T C . . .,True,193.0,H,R,p.H193R,0.0,deleterious,,
17 7675054 . A G . . .,False,186.0,,,,,,,
17 7675057 . G A . . .,False,185.0,,,,,,,
17 7675085 . C T . . .,True,176.0,C,Y,p.C176Y,0.0,deleterious,,
17 7675102 . C T . . .,False,170.0,,,,,,,
17 7675103 . G A . . .,True,170.0,T,M,p.T170M,0.1,tolerated,,
17 7675125 . A C . . .,True,163.0,Y,D,p.Y163D,0.0,deleterious,,
17 7675138 . G A . . .,False,158.0,,,,,,,
17 7675143 . C T . . .,True,157.0,V,I,p.V157I,0.4,tolerated,,
17 7675144 . G A . . .,False,156.0,,,,,,,
17 7675147 . G T . . .,False,155.0,,,,,,,
17 7675148 . G C . . .,True,155.0,T,S,p.T155S,0.9,tolerated,,
17 7675176 . A C . . .,True,146.0,W,G,p.W146G,0.34,tolerated,,
17 7675179 . G A . . .,False,145.0,,,,,,,
17 7675180 . C T . . .,False,144.0,,,,,,,
17 7675181 . T G . . .,True,144.0,Q,P,p.Q144P,0.0,deleterious,,
17 7675185 . C A . . .,True,143.0,V,L,p.V143L,0.02,deleterious,,
17 7675193 . G T . . .,True,140.0,T,N,p.T140N,0.0,deleterious,,
17 7675199 . G A . . .,True,138.0,A,V,p.A138V,0.0,deleterious,,
17 7675204 . T C . . .,False,136.0,,,,,,,
17 7675204 . T G . . .,True,136.0,Q,H,p.Q136H,0.0,deleterious,,
17 7675222 . G A . . .,False,130.0,,,,,,,
17 7675238 . T C . . .,False,,,,,,,,
17 7675995 . G A . . .,True,125.0,T,M,p.T125M,0.01,deleterious,,
17 7676015 . T A . . .,False,118.0,,,,,,,
17 7676064 . G A . . .,True,102.0,T,I,p.T102I,0.01,deleterious,,
17 7676102 . G A . . .,False,89.0,,,,,,,
17 7676114 . A G . . .,False,85.0,,,,,,,
17 7676114 . A T . . .,False,85.0,,,,,,,
17 7676120 . C T . . .,False,83.0,,,,,,,
17 7676123 . C T . . .,False,82.0,,,,,,,
17 7676135 . T C . . .,False,78.0,,,,,,,
17 7676147 . G A . . .,False,74.0,,,,,,,
17 7676153 . G A . . .,False,72.0,,,,,,,
17 7676154 . G T . . .,True,72.0,P,H,p.P72H,0.05,deleterious,0.243,benign
17 7676159 . A G . . .,False,70.0,,,,,,,
17 7676165 . C T . . .,False,68.0,,,,,,,
17 7676168 . T C . . .,False,67.0,,,,,,,
17 7676189 . T G . . .,False,60.0,,,,,,,
17 7676220 . A T . . .,True,50.0,I,N,p.I50N,0.23,tolerated,0.031,benign
17 7676222 . A G . . .,False,49.0,,,,,,,
17 7676224 . C T . . .,True,49.0,D,N,p.D49N,0.13,tolerated,0.062,benign
17 7676228 . C T . . .,False,47.0,,,,,,,
17 7676246 . A G . . .,True,41.0,,,,,,,
17 7676267 . G C . . .,True,34.0,,,,,,,
17 7676269 . G C . . .,True,34.0,P,A,p.P34A,0.15,tolerated,0.0,benign
17 7676269 . G T . . .,True,34.0,P,T,p.P34T,0.15,tolerated,0.0,benign
17 7676275 . G A . . .,False,,,,,,,,
17 7676395 . T A . . .,True,28.0,E,V,p.E28V,0.13,tolerated,0.024,benign
17 7676529 . T C . . .,False,22.0,,,,,,,
17 7676532 . G A . . .,False,21.0,,,,,,,
17 7676535 . T C . . .,False,20.0,,,,,,,
17 7676553 . C G . . .,False,14.0,,,,,,,
17 7676565 . G A . . .,False,10.0,,,,,,,
17 7676587 . T C . . .,True,3.0,E,G,p.E3G,0.0,deleterious,0.671,possibly_damaging
17 7676589 . C T . . .,False,2.0,,,,,,,
17 7669689 . G A . . .,True,368.0,H,Y,p.H368Y,1.0,tolerated,,
17 7670622 . T C . . .,True,363.0,R,G,p.R363G,0.01,deleterious,,
17 7674187 . T C . . .,True,259.0,D,G,p.D259G,0.32,tolerated,,
17 7674260 . T A . . .,True,235.0,N,Y,p.N235Y,0.0,deleterious,,
17 7674942 . C T . . .,True,197.0,V,M,p.V197M,0.02,deleterious,,
17 7674980 . A T . . .,False,,,,,,,,
17 7669655 . C A . . .,True,379.0,R,L,p.R379L,0.03,deleterious,,
17 7670684 . C G . . .,True,342.0,R,P,p.R342P,0.01,deleterious,,
17 7673555 . C A . . .,False,325.0,G,*,p.G325*,,,,
17 7673564 . G A . . .,True,322.0,P,S,p.P322S,0.38,tolerated,,
17 7673696 . C G . . .,False,,,,,,,,
17 7673716 . C G . . .,True,302.0,G,R,p.G302R,0.09,tolerated,,
17 7673752 . G A . . .,True,290.0,R,C,p.R290C,0.09,tolerated,,
17 7673769 . G A . . .,True,284.0,T,I,p.T284I,0.03,deleterious,,
17 7673796 . C T . . .,True,275.0,C,Y,p.C275Y,0.0,deleterious,,
17 7673837 . A G . . .,False,261.0,,,,,,,
17 7674257 . A G . . .,True,236.0,Y,H,p.Y236H,0.0,deleterious,,
17 7674858 . C T . . .,False,,,,,,,,
17 7674942 . C A . . .,True,197.0,V,L,p.V197L,0.0,deleterious,,
17 7674944 . C T . . .,True,196.0,R,Q,p.R196Q,0.06,tolerated,,
17 7674947 . A G . . .,True,195.0,I,T,p.I195T,0.02,deleterious,,
17 7674979 . C G . . .,False,,,,,,,,
17 7675162 . T C . . .,False,150.0,,,,,,,
17 7675224 . G A . . .,True,130.0,L,F,p.L130F,0.0,deleterious,,
17 7675995 . G T . . .,True,125.0,T,K,p.T125K,0.0,deleterious,,
17 7676099 . G A . . .,False,90.0,,,,,,,
17 7676201 . T C . . .,False,56.0,,,,,,,
17 7676220 . A G . . .,True,50.0,I,T,p.I50T,0.37,tolerated,0.0,benign
17 7676388 . G A . . .,False,30.0,,,,,,,
17 7676568 . G A . . .,False,9.0,,,,,,,
17 7670677 . C T . . .,False,344.0,,,,,,,
17 7670686 . G A . . .,False,341.0,,,,,,,
17 7673596 . T G . . .,True,311.0,N,T,p.N311T,0.64,tolerated,,
17 7674231 . G A . . .,False,244.0,,,,,,,
17 7674263 . A C . . .,True,234.0,Y,D,p.Y234D,0.0,deleterious,,
17 7674326 . C G . . .,False,,,,,,,,
17 7675092 . T C . . .,True,174.0,R,G,p.R174G,0.0,deleterious,,
17 7675108 . G A . . .,False,168.0,,,,,,,
17 7675232 . G C . . .,True,127.0,S,C,p.S127C,0.0,deleterious,,
17 7676162 . A G . . .,False,69.0,,,,,,,
17 7676278 . G A . . .,False,,,,,,,,
17 7673394 . C T . . .,False,,,,,,,,
17 7687108 . C T . . .,False,,,,,,,,
17 7676167 . C A . . .,False,68.0,E,*,p.E68*,,,,
17 7675095 . C T . . .,True,173.0,V,M,p.V173M,0.01,deleterious,,
17 7669671 . C G . . .,True,374.0,G,R,p.G374R,0.17,tolerated,,
17 7669676 . T C . . .,True,372.0,K,R,p.K372R,0.46,tolerated,,
17 7669691 . C T . . .,False,398.0,,,,,,,
17 7670610 . T C . . .,True,367.0,S,G,p.S367G,0.12,tolerated,,
17 7670621 . C T . . .,True,363.0,R,K,p.R363K,0.48,tolerated,,
17 7670630 . C T . . .,True,360.0,G,E,p.G360E,0.82,tolerated,,
17 7670636 . T A . . .,True,358.0,E,V,p.E358V,0.02,deleterious,,
17 7670643 . C G . . .,True,356.0,G,R,p.G356R,0.26,tolerated,,
17 7670649 . G T . . .,True,354.0,Q,K,p.Q354K,0.96,tolerated,,
17 7670684 . C T . . .,True,342.0,R,Q,p.R342Q,0.06,tolerated,,
17 7670716 . C G . . .,False,,,,,,,,
17 7673552 . C A . . .,False,326.0,E,*,p.E326*,,,,
17 7673564 . G T . . .,True,322.0,P,T,p.P322T,0.29,tolerated,,
17 7673579 . G T . . .,True,317.0,Q,K,p.Q317K,0.82,tolerated,,
17 7673582 . G T . . .,True,316.0,P,T,p.P316T,0.19,tolerated,,
17 7673598 . G T . . .,True,310.0,N,K,p.N310K,0.7,tolerated,,
17 7673698 . T C . . .,False,,,,,,,,
17 7673712 . C T . . .,True,303.0,S,N,p.S303N,0.1,tolerated,,
17 7673730 . T C . . .,True,297.0,H,R,p.H297R,0.29,tolerated,,
17 7673743 . C T . . .,True,293.0,G,R,p.G293R,0.48,tolerated,,
17 7673753 . G A . . .,False,289.0,,,,,,,
17 7673787 . G A . . .,True,278.0,P,L,p.P278L,0.0,deleterious,,
17 7673793 . G T . . .,True,276.0,A,D,p.A276D,0.0,deleterious,,
17 7673802 . C G . . .,True,273.0,R,P,p.R273P,0.0,deleterious,,
17 7673805 . A C . . .,True,272.0,V,G,p.V272G,0.0,deleterious,,
17 7673823 . C A . . .,True,266.0,G,V,p.G266V,0.0,deleterious,,
17 7674179 . A C . . .,False,,,,,,,,
17 7674184 . G T . . .,True,260.0,S,Y,p.S260Y,0.01,deleterious,,
17 7674194 . G A . . .,False,257.0,,,,,,,
17 7674199 . A T . . .,True,255.0,I,N,p.I255N,0.0,deleterious,,
17 7674220 . C A . . .,True,248.0,R,L,p.R248L,0.0,deleterious,,
17 7674248 . T C . . .,True,239.0,N,D,p.N239D,0.0,deleterious,,
17 7674295 . G C . . .,False,,,,,,,,
17 7674863 . G A . . .,True,223.0,P,L,p.P223L,0.02,deleterious,,
17 7674891 . G T . . .,True,214.0,H,N,p.H214N,0.01,deleterious,,
17 7674893 . C G . . .,True,213.0,R,P,p.R213P,0.0,deleterious,,
17 7674927 . G C . . .,True,202.0,R,G,p.R202G,0.05,tolerated,,
17 7674944 . C G . . .,True,196.0,R,P,p.R196P,0.0,deleterious,,
17 7674945 . G C . . .,True,196.0,R,G,p.R196G,0.0,deleterious,,
17 7674954 . G A . . .,True,193.0,H,Y,p.H193Y,0.0,deleterious,,
17 7674962 . G C . . .,True,190.0,P,R,p.P190R,0.0,deleterious,,
17 7674963 . G T . . .,True,190.0,P,T,p.P190T,0.0,deleterious,,
17 7675054 . A T . . .,True,186.0,D,E,p.D186E,0.14,tolerated,,
17 7675069 . G A . . .,False,181.0,,,,,,,
17 7675071 . G T . . .,True,181.0,R,S,p.R181S,0.08,tolerated,,
17 7675075 . A G . . .,False,179.0,,,,,,,
17 7675132 . C T . . .,True,160.0,M,I,p.M160I,0.16,tolerated,,
17 7675153 . G A . . .,False,153.0,,,,,,,
17 7675156 . C T . . .,False,152.0,,,,,,,
17 7675201 . C G . . .,False,137.0,,,,,,,
17 7675211 . A C . . .,True,134.0,F,C,p.F134C,0.0,deleterious,,
17 7675999 . A C . . .,True,124.0,C,G,p.C124G,0.01,deleterious,,
17 7676018 . C T . . .,False,117.0,,,,,,,
17 7676033 . G T . . .,False,112.0,,,,,,,
17 7676040 . C G . . .,True,110.0,R,P,p.R110P,0.03,deleterious,,
17 7676048 . G A . . .,False,107.0,,,,,,,
17 7676072 . G A . . .,False,99.0,,,,,,,
17 7676084 . A C . . .,False,95.0,,,,,,,
17 7676087 . T C . . .,False,94.0,,,,,,,
17 7676092 . G A . . .,False,93.0,,,,,,,
17 7676093 . G A . . .,False,92.0,,,,,,,
17 7676096 . C T . . .,False,91.0,W,*,p.W91*,,,,
17 7676105 . G A . . .,False,88.0,,,,,,,
17 7676136 . G C . . .,True,78.0,A,G,p.A78G,0.2,tolerated,0.079,benign
17 7676155 . G T . . .,True,72.0,P,T,p.P72T,0.19,tolerated,0.0,benign
17 7676163 . G C . . .,True,69.0,A,G,p.A69G,0.33,tolerated,0.036,benign
17 7676181 . G C . . .,True,63.0,A,G,p.A63G,0.15,tolerated,0.003,benign
17 7676182 . C T . . .,True,63.0,A,T,p.A63T,0.26,tolerated,0.005,benign
17 7676211 . C T . . .,False,53.0,W,*,p.W53*,,,,
17 7676223 . T C . . .,True,49.0,D,G,p.D49G,0.11,tolerated,0.015,benign
17 7676225 . G A . . .,False,48.0,,,,,,,
17 7676233 . A G . . .,True,46.0,S,P,p.S46P,0.25,tolerated,0.001,benign
17 7676387 . C A . . .,True,31.0,V,F,p.V31F,0.3,tolerated,0.114,benign
17 7676537 . A G . . .,True,20.0,S,P,p.S20P,0.04,deleterious,0.207,benign
17 7676541 . T C . . .,False,18.0,,,,,,,
17 7676567 . C G . . .,True,10.0,V,L,p.V10L,1.0,tolerated,0.003,benign
17 7676572 . G A . . .,True,8.0,P,L,p.P8L,0.81,tolerated,0.003,benign
17 7676581 . T C . . .,True,5.0,Q,R,p.Q5R,0.14,tolerated,0.355,benign
17 7676583 . C T . . .,False,4.0,,,,,,,
17 7670601 . T C . . .,False,,,,,,,,
17 7670700 . G C . . .,True,337.0,R,G,p.R337G,0.0,deleterious,,
17 7673775 . C T . . .,True,282.0,R,Q,p.R282Q,0.0,deleterious,,
17 7674210 . G A . . .,False,251.0,,,,,,,
17 7674220 . C G . . .,True,248.0,R,P,p.R248P,0.03,deleterious,,
17 7674291 . C A . . .,False,,,,,,,,
17 7674879 . C T . . .,True,218.0,V,M,p.V218M,0.0,deleterious,,
17 7675151 . C T . . .,True,154.0,G,D,p.G154D,0.02,deleterious,,
17 7675994 . C A . . .,False,125.0,,,,,,,
17 7676066 . T A . . .,True,101.0,K,N,p.K101N,0.14,tolerated,,
17 7676090 . C A . . .,False,93.0,,,,,,,
17 7676157 . G C . . .,True,71.0,P,R,p.P71R,0.47,tolerated,0.007,benign
17 7676214 . T C . . .,True,52.0,Q,R,p.Q52R,0.49,tolerated,0.014,benign
17 7676276 . T A . . .,False,,,,,,,,
17 7676557 . G A . . .,True,13.0,P,L,p.P13L,0.07,tolerated,0.905,possibly_damaging
17 7676584 . G A . . .,True,4.0,P,L,p.P4L,0.13,tolerated,0.078,benign
17 7669593 . C A . . .,False,,,,,,,,
17 7669655 . C T . . .,True,379.0,R,H,p.R379H,0.14,tolerated,,
17 7673547 . A C . . .,False,327.0,Y,*,p.Y327*,,,,
17 7673826 . A G . . .,True,265.0,L,P,p.L265P,0.0,deleterious,,
17 7674265 . T C . . .,True,233.0,H,R,p.H233R,0.02,deleterious,,
17 7674876 . G A . . .,True,219.0,P,S,p.P219S,0.01,deleterious,,
17 7675074 . C T . . .,True,180.0,E,K,p.E180K,0.0,deleterious,,
17 7675089 . G A . . .,True,175.0,R,C,p.R175C,0.01,deleterious,,
17 7675122 . T C . . .,True,164.0,K,E,p.K164E,0.0,deleterious,,
17 7675139 . C G . . .,True,158.0,R,P,p.R158P,0.0,deleterious,,
17 7675219 . G T . . .,True,131.0,N,K,p.N131K,0.0,deleterious,,
17 7676235 . A G . . .,True,45.0,L,P,p.L45P,0.03,deleterious,0.003,benign
17 7676274 . T C . . .,False,,,,,,,,
17 7687390 . G A . . .,False,,,,,,,,
17 7670626 . C T . . .,False,361.0,,,,,,,
17 7674797 . T C . . .,False,,,,,,,,
17 7675045 . C T . . .,False,,,,,,,,
17 7676301 . G T . . .,False,,,,,,,,
17 7688850 . C G . . .,True,68.0,R,G,p.R68G,0.93,tolerated,0.0,benign
17 7689055 . C G . . .,True,136.0,P,R,p.P136R,0.09,tolerated,0.005,benign
17 7689242 . C T . . .,False,150.0,,,,,,,
17 7674229 . C G . . .,True,245.0,G,A,p.G245A,0.0,deleterious,,
17 7674888 . T C . . .,True,215.0,S,G,p.S215G,0.0,deleterious,,
17 7675236 . A C . . .,True,126.0,Y,D,p.Y126D,0.0,deleterious,,
17 7687396 . C T . . .,False,,,,,,,,
17 7668819 . C T . . .,False,,,,,,,,
17 7668855 . G A . . .,False,,,,,,,,
17 7668862 . G A . . .,False,,,,,,,,
17 7669262 . A G . . .,False,,,,,,,,
17 7669510 . C T . . .,False,,,,,,,,
17 7688679 . C T . . .,True,11.0,P,S,p.P11S,0.08,tolerated_low_confidence,0.414,benign
17 7668632 . C G . . .,False,,,,,,,,
17 7668783 . C T . . .,False,,,,,,,,
17 7668836 . G A . . .,False,,,,,,,,
17 7668996 . G T . . .,False,,,,,,,,
17 7669124 . C T . . .,False,,,,,,,,
17 7669282 . G A . . .,False,,,,,,,,
17 7687442 . G A . . .,False,,,,,,,,
17 7668673 . T C . . .,False,,,,,,,,
17 7668874 . G T . . .,False,,,,,,,,
17 7668983 . G A . . .,False,,,,,,,,
17 7669061 . C A . . .,False,,,,,,,,
17 7669263 . C A . . .,False,,,,,,,,
17 7669404 . C T . . .,False,,,,,,,,
17 7687450 . G C . . .,False,,,,,,,,
17 7688835 . G A . . .,True,63.0,V,M,p.V63M,0.1,tolerated,0.133,benign
17 7668449 . A C . . .,False,,,,,,,,
17 7668539 . G A . . .,False,,,,,,,,
17 7668803 . G T . . .,False,,,,,,,,
17 7669044 . C A . . .,False,,,,,,,,
17 7669227 . G A . . .,False,,,,,,,,
17 7687421 . G T . . .,False,,,,,,,,
17 7668388 . C G . . .,False,,,,,,,,
17 7688404 . G C . . .,False,,,,,,,,
17 7688443 . G A . . .,False,,,,,,,,
17 7673291 . C T . . .,False,,,,,,,,
17 7673301 . C T . . .,False,,,,,,,,
17 7673308 . T G . . .,False,342.0,*,S,p.*342S,,,,
17 7674327 . G A . . .,False,,,,,,,,
17 7675977 . C T . . .,False,,,,,,,,
17 7676300 . A T . . .,False,,,,,,,,
17 7676507 . A G . . .,False,,,,,,,,
17 7676512 . T G . . .,False,,,,,,,,
17 7674232 . C T . . .,True,244.0,G,D,p.G244D,0.0,deleterious,,
17 7674217 . C G . . .,True,249.0,R,T,p.R249T,0.0,deleterious,,
17 7675094 . A C . . .,True,173.0,V,G,p.V173G,0.0,deleterious,,
17 7675094 . A G . . .,True,173.0,V,A,p.V173A,0.0,deleterious,,
17 7675208 . C A . . .,True,135.0,C,F,p.C135F,0.0,deleterious,,
17 7675209 . A G . . .,True,135.0,C,R,p.C135R,0.0,deleterious,,
17 7675207 . G C . . .,True,135.0,C,W,p.C135W,0.0,deleterious,,
17 7675209 . A T . . .,True,135.0,C,S,p.C135S,0.0,deleterious,,
17 7675209 . A C . . .,True,135.0,C,G,p.C135G,0.0,deleterious,,
17 7675189 . G C . . .,True,141.0,C,W,p.C141W,0.0,deleterious,,
17 7675191 . A G . . .,True,141.0,C,R,p.C141R,0.0,deleterious,,
17 7675190 . C A . . .,True,141.0,C,F,p.C141F,0.0,deleterious,,
17 7675085 . C A . . .,True,176.0,C,F,p.C176F,0.0,deleterious,,
17 7675086 . A T . . .,True,176.0,C,S,p.C176S,0.0,deleterious,,
17 7675086 . A C . . .,True,176.0,C,G,p.C176G,0.0,deleterious,,
17 7675084 . G C . . .,True,176.0,C,W,p.C176W,0.0,deleterious,,
17 7675086 . A G . . .,True,176.0,C,R,p.C176R,0.0,deleterious,,
17 7674250 . C A . . .,True,238.0,C,F,p.C238F,0.0,deleterious,,
17 7674250 . C G . . .,True,238.0,C,S,p.C238S,0.0,deleterious,,
17 7674251 . A G . . .,True,238.0,C,R,p.C238R,0.0,deleterious,,
17 7674251 . A C . . .,True,238.0,C,G,p.C238G,0.0,deleterious,,
17 7674238 . C A . . .,True,242.0,C,F,p.C242F,0.0,deleterious,,
17 7674239 . A T . . .,True,242.0,C,S,p.C242S,0.0,deleterious,,
17 7674237 . G C . . .,True,242.0,C,W,p.C242W,0.0,deleterious,,
17 7674239 . A C . . .,True,242.0,C,G,p.C242G,0.0,deleterious,,
17 7673796 . C A . . .,True,275.0,C,F,p.C275F,0.0,deleterious,,
17 7673796 . C G . . .,True,275.0,C,S,p.C275S,0.0,deleterious,,
17 7673797 . A G . . .,True,275.0,C,R,p.C275R,0.0,deleterious,,
17 7673779 . C A . . .,True,281.0,D,Y,p.D281Y,0.0,deleterious,,
17 7673779 . C T . . .,True,281.0,D,N,p.D281N,0.0,deleterious,,
17 7673777 . G C . . .,True,281.0,D,E,p.D281E,0.03,deleterious,,
17 7673779 . C G . . .,True,281.0,D,H,p.D281H,0.05,tolerated,,
17 7673778 . T G . . .,True,281.0,D,A,p.D281A,0.0,deleterious,,
17 7673763 . T C . . .,True,286.0,E,G,p.E286G,0.0,deleterious,,
17 7673764 . C G . . .,True,286.0,E,Q,p.E286Q,0.0,deleterious,,
17 7673763 . T A . . .,True,286.0,E,V,p.E286V,0.0,deleterious,,
17 7673763 . T G . . .,True,286.0,E,A,p.E286A,0.0,deleterious,,
17 7673811 . A G . . .,True,270.0,F,S,p.F270S,0.0,deleterious,,
17 7673812 . A T . . .,True,270.0,F,I,p.F270I,0.0,deleterious,,
17 7673811 . A C . . .,True,270.0,F,C,p.F270C,0.0,deleterious,,
17 7673812 . A C . . .,True,270.0,F,V,p.F270V,0.0,deleterious,,
17 7674233 . C A . . .,True,244.0,G,C,p.G244C,0.0,deleterious,,
17 7674233 . C T . . .,True,244.0,G,S,p.G244S,0.0,deleterious,,
17 7674232 . C A . . .,True,244.0,G,V,p.G244V,0.0,deleterious,,
17 7674233 . C G . . .,True,244.0,G,R,p.G244R,0.0,deleterious,,
17 7674229 . C A . . .,True,245.0,G,V,p.G245V,0.0,deleterious,,
17 7674230 . C G . . .,True,245.0,G,R,p.G245R,0.02,deleterious,,
17 7673824 . C G . . .,True,266.0,G,R,p.G266R,0.0,deleterious,,
17 7675076 . T C . . .,True,179.0,H,R,p.H179R,0.0,deleterious,,
17 7675075 . A C . . .,True,179.0,H,Q,p.H179Q,0.02,deleterious,,
17 7675076 . T A . . .,True,179.0,H,L,p.H179L,0.09,tolerated,,
17 7675077 . G T . . .,True,179.0,H,N,p.H179N,0.0,deleterious,,
17 7675077 . G C . . .,True,179.0,H,D,p.H179D,0.0,deleterious,,
17 7675076 . T G . . .,True,179.0,H,P,p.H179P,0.0,deleterious,,
17 7674953 . T G . . .,True,193.0,H,P,p.H193P,0.0,deleterious,,
17 7674954 . G C . . .,True,193.0,H,D,p.H193D,0.0,deleterious,,
17 7674954 . G T . . .,True,193.0,H,N,p.H193N,0.0,deleterious,,
17 7674890 . T C . . .,True,214.0,H,R,p.H214R,0.01,deleterious,,
17 7674890 . T A . . .,True,214.0,H,L,p.H214L,0.0,deleterious,,
17 7674948 . T A . . .,True,195.0,I,F,p.I195F,0.0,deleterious,,
17 7674947 . A T . . .,True,195.0,I,N,p.I195N,0.0,deleterious,,
17 7674947 . A C . . .,True,195.0,I,S,p.I195S,0.0,deleterious,,
17 7674946 . G C . . .,True,195.0,I,M,p.I195M,0.04,deleterious,,
17 7674200 . T A . . .,True,255.0,I,F,p.I255F,0.0,deleterious,,
17 7674199 . A C . . .,True,255.0,I,S,p.I255S,0.0,deleterious,,
17 7674199 . A G . . .,True,255.0,I,T,p.I255T,0.0,deleterious,,
17 7675216 . C G . . .,True,132.0,K,N,p.K132N,0.0,deleterious,,
17 7675217 . T C . . .,True,132.0,K,R,p.K132R,0.0,deleterious,,
17 7675218 . T C . . .,True,132.0,K,E,p.K132E,0.0,deleterious,,
17 7675217 . T G . . .,True,132.0,K,T,p.K132T,0.0,deleterious,,
17 7675218 . T G . . .,True,132.0,K,Q,p.K132Q,0.0,deleterious,,
17 7675217 . T A . . .,True,132.0,K,M,p.K132M,0.04,deleterious,,
17 7676037 . A G . . .,True,111.0,L,P,p.L111P,0.0,deleterious,,
17 7676037 . A C . . .,True,111.0,L,R,p.L111R,0.0,deleterious,,
17 7676037 . A T . . .,True,111.0,L,Q,p.L111Q,0.0,deleterious,,
17 7674950 . A C . . .,True,194.0,L,R,p.L194R,0.0,deleterious,,
17 7674950 . A T . . .,True,194.0,L,H,p.L194H,0.0,deleterious,,
17 7674950 . A G . . .,True,194.0,L,P,p.L194P,0.0,deleterious,,
17 7674253 . A T . . .,True,237.0,M,K,p.M237K,0.0,deleterious,,
17 7674247 . T C . . .,True,239.0,N,S,p.N239S,0.02,deleterious,,
17 7674247 . T G . . .,True,239.0,N,T,p.N239T,0.0,deleterious,,
17 7675160 . G T . . .,True,151.0,P,H,p.P151H,0.0,deleterious,,
17 7675160 . G C . . .,True,151.0,P,R,p.P151R,0.0,deleterious,,
17 7675161 . G C . . .,True,151.0,P,A,p.P151A,0.0,deleterious,,
17 7673788 . G A . . .,True,278.0,P,S,p.P278S,0.02,deleterious,,
17 7673788 . G T . . .,True,278.0,P,T,p.P278T,0.0,deleterious,,
17 7673787 . G C . . .,True,278.0,P,R,p.P278R,0.0,deleterious,,
17 7673788 . G C . . .,True,278.0,P,A,p.P278A,0.0,deleterious,,
17 7673787 . G T . . .,True,278.0,P,H,p.P278H,0.0,deleterious,,
17 7675181 . T A . . .,True,144.0,Q,L,p.Q144L,0.08,tolerated,,
17 7675180 . C A . . .,True,144.0,Q,H,p.Q144H,0.03,deleterious,,
17 7675089 . G C . . .,True,175.0,R,G,p.R175G,0.0,deleterious,,
17 7674893 . C A . . .,True,213.0,R,L,p.R213L,0.0,deleterious,,
17 7674894 . G C . . .,True,213.0,R,G,p.R213G,0.01,deleterious,,
17 7674221 . G C . . .,True,248.0,R,G,p.R248G,0.0,deleterious,,
17 7674217 . C A . . .,True,249.0,R,M,p.R249M,0.0,deleterious,,
17 7674218 . T C . . .,True,249.0,R,G,p.R249G,0.0,deleterious,,
17 7673802 . C A . . .,True,273.0,R,L,p.R273L,0.0,deleterious,,
17 7673803 . G T . . .,True,273.0,R,S,p.R273S,0.0,deleterious,,
17 7673781 . C T . . .,True,280.0,R,K,p.R280K,0.0,deleterious,,
17 7673782 . T C . . .,True,280.0,R,G,p.R280G,0.0,deleterious,,
17 7673775 . C G . . .,True,282.0,R,P,p.R282P,0.0,deleterious,,
17 7674887 . C A . . .,True,215.0,S,I,p.S215I,0.0,deleterious,,
17 7674886 . A C . . .,True,215.0,S,R,p.S215R,0.0,deleterious,,
17 7674887 . C T . . .,True,215.0,S,N,p.S215N,0.0,deleterious,,
17 7674241 . G T . . .,True,241.0,S,Y,p.S241Y,0.0,deleterious,,
17 7674242 . A G . . .,True,241.0,S,P,p.S241P,0.0,deleterious,,
17 7674242 . A C . . .,True,241.0,S,A,p.S241A,0.0,deleterious,,
17 7675996 . T G . . .,True,125.0,T,P,p.T125P,0.0,deleterious,,
17 7675995 . G C . . .,True,125.0,T,R,p.T125R,0.01,deleterious,,
17 7675095 . C A . . .,True,173.0,V,L,p.V173L,0.0,deleterious,,
17 7675094 . A T . . .,True,173.0,V,E,p.V173E,0.0,deleterious,,
17 7674885 . C A . . .,True,216.0,V,L,p.V216L,0.0,deleterious,,
17 7674884 . A C . . .,True,216.0,V,G,p.V216G,0.0,deleterious,,
17 7674884 . A T . . .,True,216.0,V,E,p.V216E,0.0,deleterious,,
17 7673805 . A T . . .,True,272.0,V,E,p.V272E,0.0,deleterious,,
17 7673800 . C A . . .,True,274.0,V,F,p.V274F,0.03,deleterious,,
17 7673799 . A T . . .,True,274.0,V,D,p.V274D,0.0,deleterious,,
17 7673799 . A C . . .,True,274.0,V,G,p.V274G,0.0,deleterious,,
17 7673799 . A G . . .,True,274.0,V,A,p.V274A,0.0,deleterious,,
17 7673800 . C G . . .,True,274.0,V,L,p.V274L,0.0,deleterious,,
17 7675125 . A T . . .,True,163.0,Y,N,p.Y163N,0.0,deleterious,,
17 7675125 . A G . . .,True,163.0,Y,H,p.Y163H,0.0,deleterious,,
17 7674917 . T C . . .,True,205.0,Y,C,p.Y205C,0.0,deleterious,,
17 7674917 . T G . . .,True,205.0,Y,S,p.Y205S,0.0,deleterious,,
17 7674918 . A T . . .,True,205.0,Y,N,p.Y205N,0.0,deleterious,,
17 7674918 . A G . . .,True,205.0,Y,H,p.Y205H,0.0,deleterious,,
17 7674918 . A C . . .,True,205.0,Y,D,p.Y205D,0.0,deleterious,,
17 7674873 . A G . . .,True,220.0,Y,H,p.Y220H,0.0,deleterious,,
17 7674873 . A T . . .,True,220.0,Y,N,p.Y220N,0.0,deleterious,,
17 7674873 . A C . . .,True,220.0,Y,D,p.Y220D,0.0,deleterious,,
17 7674262 . T G . . .,True,234.0,Y,S,p.Y234S,0.0,deleterious,,
17 7674263 . A G . . .,True,234.0,Y,H,p.Y234H,0.0,deleterious,,
17 7674263 . A T . . .,True,234.0,Y,N,p.Y234N,0.0,deleterious,,
17 7674256 . T C . . .,True,236.0,Y,C,p.Y236C,0.0,deleterious,,
17 7674257 . A T . . .,True,236.0,Y,N,p.Y236N,0.0,deleterious,,
17 7669596 . G A . . .,False,,,,,,,,
17 7669603 . A T . . .,False,,,,,,,,
17 7670593 . G A . . .,False,,,,,,,,
17 7670606 . C G . . .,False,368.0,*,S,p.*368S,,,,
17 7673534 . C G . . .,False,,,,,,,,
17 7674171 . G A . . .,False,,,,,,,,
17 7674309 . C T . . .,False,,,,,,,,
17 7675129 . G T . . .,False,161.0,,,,,,,
17 7675135 . G A . . .,False,159.0,,,,,,,
17 7675141 . G T . . .,False,157.0,,,,,,,
17 7676102 . G T . . .,False,89.0,,,,,,,
17 7676605 . C T . . .,False,,,,,,,,
17 7670644 . A G . . .,False,355.0,,,,,,,
17 7670727 . G A . . .,False,,,,,,,,
17 7673595 . G A . . .,False,311.0,,,,,,,
17 7673789 . A G . . .,False,277.0,,,,,,,
17 7674246 . G C . . .,True,239.0,N,K,p.N239K,0.0,deleterious,,
17 7674844 . A C . . .,False,,,,,,,,
17 7675255 . G A . . .,False,,,,,,,,
17 7676283 . G A . . .,False,,,,,,,,
17 7676289 . A G . . .,False,,,,,,,,
17 7676417 . G A . . .,False,,,,,,,,
17 7673621 . C G . . .,False,,,,,,,,
17 7673622 . A G . . .,False,,,,,,,,
17 7673692 . C T . . .,False,,,,,,,,
17 7674291 . C T . . .,False,,,,,,,,
17 7674850 . A G . . .,False,,,,,,,,
17 7674967 . C T . . .,False,188.0,,,,,,,
17 7675253 . G A . . .,False,,,,,,,,
17 7675978 . C T . . .,False,,,,,,,,
17 7675981 . C T . . .,False,,,,,,,,
17 7676606 . G A . . .,False,,,,,,,,
17 7676610 . G A . . .,False,,,,,,,,
17 7676614 . G C . . .,False,,,,,,,,
17 7669594 . A G . . .,False,,,,,,,,
17 7669693 . G A . . .,False,398.0,Q,*,p.Q398*,,,,
17 7673544 . G A . . .,False,328.0,,,,,,,
17 7673619 . G A . . .,False,,,,,,,,
17 7673684 . T C . . .,False,,,,,,,,
17 7673686 . G C . . .,False,,,,,,,,
17 7673694 . T G . . .,False,,,,,,,,
17 7673720 . G C . . .,False,300.0,,,,,,,
17 7673740 . C A . . .,False,294.0,E,*,p.E294*,,,,
17 7676044 . A C . . .,True,109.0,F,V,p.F109V,0.0,deleterious,,
17 7676213 . T C . . .,False,52.0,,,,,,,
17 7676367 . A G . . .,False,,,,,,,,
17 7669657 . G A . . .,True,378.0,,,,,,,
17 7673527 . C T . . .,False,,,,,,,,
17 7673609 . C G . . .,False,,,,,,,,
17 7673841 . C T . . .,False,,,,,,,,
17 7673577 . C A . . .,True,317.0,Q,H,p.Q317H,0.13,tolerated,,
17 7673596 . T C . . .,True,311.0,N,S,p.N311S,1.0,tolerated,,
17 7674227 . T A . . .,True,246.0,M,L,p.M246L,0.0,deleterious,,
17 7674868 . C T . . .,False,221.0,,,,,,,
17 7673715 . C T . . .,True,302.0,G,E,p.G302E,0.06,tolerated,,
17 7674957 . G A . . .,False,192.0,Q,*,p.Q192*,,,,
17 7673839 . T C . . .,True,262.0,S,G,p.S262G,,,,
17 7674190 . T C . . .,True,258.0,E,G,p.E258G,0.0,deleterious,,
17 7674203 . T C . . .,True,254.0,I,V,p.I254V,0.0,deleterious,,
17 7675056 . C T . . .,True,186.0,D,N,p.D186N,0.19,tolerated,,
17 7675075 . A T . . .,True,179.0,H,Q,p.H179Q,0.02,deleterious,,
17 7675148 . G T . . .,True,155.0,T,N,p.T155N,0.01,deleterious,,
17 7674236 . T C . . .,True,243.0,M,V,p.M243V,0.0,deleterious,,
17 7676040 . C A . . .,True,110.0,R,L,p.R110L,0.08,tolerated,,
17 7676237 . C T . . .,True,44.0,M,I,p.M44I,0.3,tolerated,0.0,benign
17 7676266 . A T . . .,True,35.0,L,M,p.L35M,0.18,tolerated,0.098,benign
17 7674867 . G A . . .,True,222.0,P,S,p.P222S,0.17,tolerated,,
17 7674900 . T C . . .,True,211.0,T,A,p.T211A,0.02,deleterious,,
17 7674903 . T A . . .,True,210.0,N,Y,p.N210Y,0.07,tolerated,,
17 7675082 . G A . . .,True,177.0,P,L,p.P177L,0.01,deleterious,,
17 7676048 . G T . . .,False,107.0,Y,*,p.Y107*,,,,
17 7676050 . A T . . .,True,107.0,Y,N,p.Y107N,0.01,deleterious,,
17 7676056 . C G . . .,True,105.0,G,R,p.G105R,0.0,deleterious,,
17 7676234 . C T . . .,False,45.0,,,,,,,
17 7676399 . G T . . .,True,27.0,P,T,p.P27T,0.11,tolerated,0.6,possibly_damaging
17 7676550 . A G . . .,False,15.0,,,,,,,
17 7669640 . A G . . .,True,384.0,M,T,p.M384T,0.09,tolerated,,
17 7670599 . G T . . .,False,,,,,,,,
17 7670667 . A C . . .,True,348.0,L,V,p.L348V,0.0,deleterious,,
17 7673613 . G T . . .,False,,,,,,,,
17 7673725 . G A . . .,False,299.0,,,,,,,
17 7673777 . G T . . .,True,281.0,D,E,p.D281E,0.03,deleterious,,
17 7673809 . C T . . .,True,271.0,E,K,p.E271K,0.02,deleterious,,
17 7673828 . T C . . .,False,264.0,,,,,,,
17 7674216 . C G . . .,True,249.0,R,S,p.R249S,0.01,deleterious,,
17 7674885 . C G . . .,True,216.0,V,L,p.V216L,0.0,deleterious,,
17 7674980 . A C . . .,False,,,,,,,,
17 7675990 . T C . . .,False,,,,,,,,
17 7676039 . A G . . .,False,110.0,,,,,,,
17 7676175 . C G . . .,True,65.0,R,T,p.R65T,0.59,tolerated,0.0,benign
17 7676230 . G T . . .,True,47.0,P,T,p.P47T,0.15,tolerated,0.003,benign
17 7676577 . T C . . .,False,6.0,,,,,,,
17 7676584 . G C . . .,True,4.0,P,R,p.P4R,0.01,deleterious,0.163,benign
17 7673587 . G A . . .,True,314.0,S,F,p.S314F,0.01,deleterious,,
17 7673604 . C G . . .,False,308.0,,,,,,,
17 7673745 . T C . . .,True,292.0,K,R,p.K292R,0.11,tolerated,,
17 7674223 . T C . . .,True,247.0,N,S,p.N247S,0.01,deleterious,,
17 7675061 . T C . . .,True,184.0,D,G,p.D184G,0.08,tolerated,,
17 7676131 . G A . . .,True,80.0,P,S,p.P80S,0.2,tolerated,0.02,benign
17 7676159 . A T . . .,False,70.0,,,,,,,
17 7676195 . T C . . .,False,58.0,,,,,,,
17 7676558 . G A . . .,True,13.0,P,S,p.P13S,0.04,deleterious,0.999,probably_damaging
17 7670669 . G A . . .,True,347.0,A,V,p.A347V,0.0,deleterious,,
17 7670696 . A G . . .,True,338.0,F,S,p.F338S,0.0,deleterious,,
17 7673536 . T C . . .,True,331.0,Q,R,p.Q331R,0.03,deleterious,,
17 7673558 . C G . . .,True,324.0,D,H,p.D324H,0.0,deleterious,,
17 7673736 . G A . . .,True,295.0,P,L,p.P295L,0.16,tolerated,,
17 7673759 . C G . . .,True,287.0,E,D,p.E287D,0.18,tolerated,,
17 7673767 . C T . . .,True,285.0,E,K,p.E285K,0.0,deleterious,,
17 7673784 . C T . . .,True,279.0,G,E,p.G279E,0.0,deleterious,,
17 7673791 . A G . . .,True,277.0,C,R,p.C277R,0.0,deleterious,,
17 7674214 . G A . . .,True,250.0,P,L,p.P250L,0.0,deleterious,,
17 7674253 . A C . . .,True,237.0,M,R,p.M237R,0.0,deleterious,,
17 7674277 . C T . . .,True,229.0,C,Y,p.C229Y,0.31,tolerated,,
17 7674278 . A G . . .,True,229.0,C,R,p.C229R,0.02,deleterious,,
17 7674897 . A T . . .,True,212.0,F,I,p.F212I,0.38,tolerated,,
17 7674962 . G A . . .,True,190.0,P,L,p.P190L,0.0,deleterious,,
17 7674971 . C T . . .,True,187.0,G,D,p.G187D,0.11,tolerated,,
17 7675066 . G C . . .,True,182.0,C,W,p.C182W,0.01,deleterious,,
17 7675080 . G T . . .,True,178.0,H,N,p.H178N,0.0,deleterious,,
17 7675091 . C T . . .,True,174.0,R,K,p.R174K,0.45,tolerated,,
17 7675130 . G T . . .,True,161.0,A,D,p.A161D,0.0,deleterious,,
17 7675155 . G A . . .,True,153.0,P,S,p.P153S,0.07,tolerated,,
17 7675213 . C T . . .,True,133.0,M,I,p.M133I,0.0,deleterious,,
17 7676011 . T G . . .,True,120.0,K,Q,p.K120Q,0.0,deleterious,,
17 7676016 . G A . . .,True,118.0,T,I,p.T118I,0.0,deleterious,,
17 7676043 . A G . . .,True,109.0,F,S,p.F109S,0.0,deleterious,,
17 7676210 . C T . . .,False,53.0,W,*,p.W53*,,,,
17 7676564 . C T . . .,True,11.0,E,K,p.E11K,0.02,deleterious,0.812,possibly_damaging
17 7669630 . T C . . .,False,387.0,,,,,,,
17 7670709 . C A . . .,True,334.0,G,W,p.G334W,0.0,deleterious,,
17 7673535 . C T . . .,False,331.0,,,,,,,
17 7673598 . G C . . .,True,310.0,N,K,p.N310K,0.7,tolerated,,
17 7673699 . A C . . .,False,,,,,,,,
17 7673700 . C G . . .,False,,,,,,,,
17 7673737 . G A . . .,True,295.0,P,S,p.P295S,0.37,tolerated,,
17 7673794 . C G . . .,True,276.0,A,P,p.A276P,0.0,deleterious,,
17 7673820 . C G . . .,True,267.0,R,P,p.R267P,0.0,deleterious,,
17 7673835 . C A . . .,True,262.0,G,V,p.G262V,0.0,deleterious,,
17 7674226 . A G . . .,True,246.0,M,T,p.M246T,0.0,deleterious,,
17 7674860 . T G . . .,True,224.0,E,A,p.E224A,0.0,deleterious,,
17 7674888 . T G . . .,True,215.0,S,R,p.S215R,0.0,deleterious,,
17 7675052 . C T . . .,False,,,,,,,,
17 7675097 . A C . . .,True,172.0,V,G,p.V172G,0.0,deleterious,,
17 7675098 . C A . . .,True,172.0,V,F,p.V172F,0.0,deleterious,,
17 7675109 . T C . . .,True,168.0,H,R,p.H168R,0.0,deleterious,,
17 7675120 . C G . . .,True,164.0,K,N,p.K164N,0.0,deleterious,,
17 7675142 . A G . . .,True,157.0,V,A,p.V157A,0.0,deleterious,,
17 7675170 . C A . . .,True,148.0,D,Y,p.D148Y,0.01,deleterious,,
17 7675174 . C T . . .,False,146.0,W,*,p.W146*,,,,
17 7675220 . T A . . .,True,131.0,N,I,p.N131I,0.01,deleterious,,
17 7675223 . A G . . .,True,130.0,L,P,p.L130P,0.0,deleterious,,
17 7675236 . A T . . .,True,126.0,Y,N,p.Y126N,0.0,deleterious,,
17 7676056 . C T . . .,True,105.0,G,S,p.G105S,0.07,tolerated,,
17 7676381 . C G . . .,False,,,,,,,,
17 7676405 . T C . . .,False,,,,,,,,
17 7687459 . T C . . .,False,,,,,,,,
17 7689680 . G A . . .,False,207.0,,,,,,,
17 7670694 . C A . . .,False,339.0,E,*,p.E339*,,,,
17 7669676 . T G . . .,True,372.0,K,T,p.K372T,0.01,deleterious,,
17 7674211 . A G . . .,True,251.0,I,T,p.I251T,0.0,deleterious,,
17 7674914 . A G . . .,True,206.0,L,S,p.L206S,0.16,tolerated,,
17 7675992 . A G . . .,False,,,,,,,,
17 7676599 . G A . . .,False,,,,,,,,
17 7675327 . C T . . .,False,,,,,,,,
17 7675134 . T C . . .,True,160.0,M,V,p.M160V,0.19,tolerated,,
17 7673579 . G A . . .,False,317.0,Q,*,p.Q317*,,,,
17 7674239 . A G . . .,True,242.0,C,R,p.C242R,0.0,deleterious,,
17 7674935 . C A . . .,True,199.0,G,V,p.G199V,0.0,deleterious,,
17 7676241 . A T . . .,False,43.0,L,*,p.L43*,,,,
17 7669626 . C T . . .,True,389.0,G,R,p.G389R,0.28,tolerated,,
17 7670677 . C G . . .,False,344.0,,,,,,,
17 7670713 . G C . . .,True,332.0,I,M,p.I332M,0.0,deleterious,,
17 7673586 . G T . . .,False,314.0,,,,,,,
17 7673603 . G A . . .,True,309.0,P,S,p.P309S,0.2,tolerated,,
17 7673770 . T A . . .,True,284.0,T,S,p.T284S,0.13,tolerated,,
17 7673838 . C T . . .,True,262.0,S,N,p.S262N,,,,
17 7674178 . G T . . .,False,,,,,,,,
17 7674193 . A G . . .,True,257.0,L,P,p.L257P,0.0,deleterious,,
17 7674232 . C G . . .,True,244.0,G,A,p.G244A,0.0,deleterious,,
17 7674243 . A C . . .,True,240.0,S,R,p.S240R,0.0,deleterious,,
17 7674916 . A G . . .,False,205.0,,,,,,,
17 7675136 . G A . . .,True,159.0,A,V,p.A159V,0.0,deleterious,,
17 7675235 . T C . . .,True,126.0,Y,C,p.Y126C,0.0,deleterious,,
17 7676028 . A G . . .,True,114.0,L,S,p.L114S,0.47,tolerated,,
17 7676124 . G C . . .,True,82.0,P,R,p.P82R,0.04,deleterious,0.309,benign
17 7676140 . G T . . .,True,77.0,P,T,p.P77T,0.33,tolerated,0.0,benign
17 7676177 . G C . . .,False,64.0,,,,,,,
17 7676513 . C T . . .,False,,,,,,,,
17 7669609 . T A . . .,False,394.0,*,C,p.*394C,,,,
17 7670599 . G A . . .,False,,,,,,,,
17 7670624 . C T . . .,True,362.0,S,N,p.S362N,0.29,tolerated,,
17 7670657 . T C . . .,True,351.0,K,R,p.K351R,0.07,tolerated,,
17 7673751 . C G . . .,True,290.0,R,P,p.R290P,0.02,deleterious,,
17 7674286 . C A . . .,True,226.0,G,V,p.G226V,0.0,deleterious,,
17 7674292 . T C . . .,False,,,,,,,,
17 7675044 . G C . . .,False,,,,,,,,
17 7675082 . G C . . .,True,177.0,P,R,p.P177R,0.02,deleterious,,
17 7675149 . T C . . .,True,155.0,T,A,p.T155A,0.92,tolerated,,
17 7675997 . G T . . .,False,124.0,C,*,p.C124*,,,,
17 7676565 . G C . . .,False,10.0,,,,,,,
17 7670649 . G A . . .,False,354.0,Q,*,p.Q354*,,,,
17 7673553 . T C . . .,False,325.0,,,,,,,
17 7673592 . G C . . .,False,312.0,,,,,,,
17 7673785 . C T . . .,True,279.0,G,R,p.G279R,0.0,deleterious,,
17 7675049 . T C . . .,False,,,,,,,,
17 7675096 . A C . . .,False,172.0,,,,,,,
17 7676080 . C A . . .,True,97.0,V,F,p.V97F,0.0,deleterious,,
17 7676569 . C T . . .,True,9.0,S,N,p.S9N,0.28,tolerated,0.015,benign
17 7669640 . A C . . .,True,384.0,M,R,p.M384R,0.0,deleterious,,
17 7670625 . T A . . .,True,362.0,S,C,p.S362C,0.19,tolerated,,
17 7670720 . A G . . .,False,,,,,,,,
17 7670721 . G T . . .,False,,,,,,,,
17 7673528 . T C . . .,False,,,,,,,,
17 7673703 . C T . . .,True,306.0,R,Q,p.R306Q,0.03,deleterious,,
17 7673771 . G C . . .,False,283.0,,,,,,,
17 7673790 . C A . . .,True,277.0,C,F,p.C277F,0.0,deleterious,,
17 7673824 . C T . . .,True,266.0,G,R,p.G266R,0.0,deleterious,,
17 7674190 . T G . . .,True,258.0,E,A,p.E258A,0.0,deleterious,,
17 7674271 . G A . . .,True,231.0,T,I,p.T231I,0.0,deleterious,,
17 7674925 . A G . . .,False,202.0,,,,,,,
17 7675224 . G C . . .,True,130.0,L,V,p.L130V,0.0,deleterious,,
17 7675226 . G C . . .,True,129.0,A,G,p.A129G,0.21,tolerated,,
17 7675238 . T A . . .,False,,,,,,,,
17 7676047 . C G . . .,True,108.0,G,R,p.G108R,0.04,deleterious,,
17 7676258 . G A . . .,True,37.0,,,,,,,
17 7669611 . A C . . .,False,394.0,*,G,p.*394G,,,,
17 7669638 . A G . . .,True,385.0,F,L,p.F385L,0.26,tolerated,,
17 7670631 . C A . . .,True,360.0,G,W,p.G360W,0.18,tolerated,,
17 7670655 . C A . . .,True,352.0,D,Y,p.D352Y,0.0,deleterious,,
17 7670671 . C T . . .,False,346.0,,,,,,,
17 7670701 . C T . . .,False,336.0,,,,,,,
17 7673608 . G C . . .,True,307.0,A,G,p.A307G,0.03,deleterious,,
17 7669631 . G C . . .,True,387.0,T,R,p.T387R,0.94,tolerated,,
17 7673772 . C G . . .,True,283.0,R,P,p.R283P,0.0,deleterious,,
17 7669642 . G T . . .,False,383.0,,,,,,,
17 7674226 . A T . . .,True,246.0,M,K,p.M246K,0.0,deleterious,,
17 7669687 . G C . . .,True,368.0,H,Q,p.H368Q,0.39,tolerated,,
17 7674288 . A G . . .,False,225.0,,,,,,,
17 7674861 . C T . . .,True,224.0,E,K,p.E224K,0.01,deleterious,,
17 7670628 . C G . . .,True,361.0,G,R,p.G361R,0.5,tolerated,,
17 7674946 . G T . . .,False,195.0,,,,,,,
17 7670647 . C T . . .,False,354.0,,,,,,,
17 7675079 . T G . . .,True,178.0,H,P,p.H178P,0.0,deleterious,,
17 7670668 . G C . . .,False,347.0,,,,,,,
17 7670695 . G C . . .,True,338.0,F,L,p.F338L,0.0,deleterious,,
17 7673554 . C T . . .,True,325.0,G,E,p.G325E,1.0,tolerated,,
17 7675169 . T G . . .,True,148.0,D,A,p.D148A,0.39,tolerated,,
17 7675178 . A T . . .,True,145.0,L,Q,p.L145Q,0.0,deleterious,,
17 7669658 . G C . . .,True,378.0,S,C,p.S378C,0.07,tolerated,,
17 7669687 . G A . . .,True,368.0,,,,,,,
17 7675204 . T A . . .,True,136.0,Q,H,p.Q136H,0.0,deleterious,,
17 7675206 . G C . . .,True,136.0,Q,E,p.Q136E,0.0,deleterious,,
17 7675228 . A G . . .,False,128.0,,,,,,,
17 7670624 . C A . . .,True,362.0,S,I,p.S362I,0.26,tolerated,,
17 7673795 . A C . . .,True,275.0,C,W,p.C275W,0.0,deleterious,,
17 7675240 . T A . . .,False,,,,,,,,
17 7676209 . A G . . .,True,54.0,F,L,p.F54L,1.0,tolerated,0.0,benign
17 7676381 . C A . . .,False,,,,,,,,
17 7670661 . G A . . .,True,350.0,L,F,p.L350F,0.11,tolerated,,
17 7676400 . A G . . .,False,26.0,,,,,,,
17 7674290 . C T . . .,True,225.0,V,I,p.V225I,0.02,deleterious,,
17 7676556 . A C . . .,False,13.0,,,,,,,
17 7674883 . C T . . .,False,216.0,,,,,,,
17 7673708 . A G . . .,False,304.0,,,,,,,
17 7674924 . C G . . .,True,203.0,V,L,p.V203L,0.04,deleterious,,
17 7674964 . G A . . .,False,189.0,,,,,,,
17 7675083 . G T . . .,True,177.0,P,T,p.P177T,0.0,deleterious,,
17 7673829 . A G . . .,True,264.0,L,P,p.L264P,0.06,tolerated,,
17 7674187 . T A . . .,True,259.0,D,V,p.D259V,0.1,tolerated,,
17 7675099 . C T . . .,False,171.0,,,,,,,
17 7675152 . C G . . .,True,154.0,G,R,p.G154R,0.0,deleterious,,
17 7674225 . C T . . .,True,246.0,M,I,p.M246I,0.0,deleterious,,
17 7675166 . G A . . .,True,149.0,S,F,p.S149F,0.02,deleterious,,
17 7675184 . A C . . .,True,143.0,V,G,p.V143G,0.0,deleterious,,
17 7674251 . A T . . .,True,238.0,C,S,p.C238S,0.0,deleterious,,
17 7674253 . A G . . .,True,237.0,M,T,p.M237T,0.0,deleterious,,
17 7675207 . G A . . .,False,135.0,,,,,,,
17 7674269 . T G . . .,True,232.0,I,L,p.I232L,0.03,deleterious,,
17 7674282 . A C . . .,False,227.0,,,,,,,
17 7675212 . A T . . .,True,134.0,F,I,p.F134I,0.0,deleterious,,
17 7675230 . G T . . .,True,128.0,P,T,p.P128T,0.1,tolerated,,
17 7674901 . G A . . .,False,210.0,,,,,,,
17 7676014 . C G . . .,True,119.0,A,P,p.A119P,0.0,deleterious,,
17 7675120 . C T . . .,False,164.0,,,,,,,
17 7676024 . A G . . .,False,115.0,,,,,,,
17 7676094 . G A . . .,True,92.0,P,L,p.P92L,0.0,deleterious,0.069,benign
17 7676106 . G A . . .,True,88.0,A,V,p.A88V,0.19,tolerated,0.056,benign
17 7675158 . G A . . .,True,152.0,P,S,p.P152S,0.0,deleterious,,
17 7675198 . G A . . .,False,138.0,,,,,,,
17 7676155 . G A . . .,True,72.0,P,S,p.P72S,0.46,tolerated,0.001,benign
17 7675237 . C T . . .,False,,,,,,,,
17 7675992 . A C . . .,False,,,,,,,,
17 7675994 . C G . . .,False,125.0,,,,,,,
17 7676020 . C T . . .,True,117.0,G,R,p.G117R,0.0,deleterious,,
17 7676271 . G T . . .,True,33.0,S,Y,p.S33Y,0.03,deleterious,0.396,benign
17 7676198 . G A . . .,False,57.0,,,,,,,
17 7676574 . A C . . .,True,7.0,D,E,p.D7E,0.49,tolerated,0.094,benign
17 7676248 . C T . . .,True,41.0,D,N,p.D41N,0.41,tolerated,0.015,benign
17 7676385 . A C . . .,False,31.0,,,,,,,
17 7669668 . G A . . .,True,375.0,Q,*,p.Q375*,,,,
17 7670671 . C G . . .,True,346.0,E,D,p.E346D,0.75,tolerated,,
17 7670705 . C T . . .,True,335.0,R,H,p.R335H,0.12,tolerated,,
17 7670717 . T C . . .,False,,,,,,,,
17 7673530 . A G . . .,False,,,,,,,,
17 7673555 . C T . . .,True,325.0,G,R,p.G325R,0.23,tolerated,,
17 7673601 . G T . . .,False,309.0,,,,,,,
17 7673606 . G A . . .,False,308.0,,,,,,,
17 7673609 . C A . . .,False,,,,,,,,
17 7673611 . A G . . .,False,,,,,,,,
17 7673718 . G A . . .,True,301.0,P,L,p.P301L,0.11,tolerated,,
17 7673749 . T C . . .,True,291.0,K,E,p.K291E,0.0,deleterious,,
17 7673822 . T A . . .,False,266.0,,,,,,,
17 7673831 . A T . . .,True,263.0,N,K,p.N263K,0.25,tolerated,,
17 7674191 . C A . . .,False,258.0,E,*,p.E258*,,,,
17 7674210 . G C . . .,True,251.0,I,M,p.I251M,0.0,deleterious,,
17 7674246 . G A . . .,False,239.0,,,,,,,
17 7674294 . G C . . .,False,,,,,,,,
17 7674924 . C A . . .,True,203.0,V,L,p.V203L,0.04,deleterious,,
17 7674942 . C G . . .,True,197.0,V,L,p.V197L,0.0,deleterious,,
17 7675064 . G A . . .,True,183.0,S,L,p.S183L,0.05,deleterious,,
17 7675078 . G A . . .,False,178.0,,,,,,,
17 7675080 . G C . . .,True,178.0,H,D,p.H178D,0.0,deleterious,,
17 7675119 . G T . . .,True,165.0,Q,K,p.Q165K,1.0,tolerated,,
17 7675142 . A T . . .,True,157.0,V,D,p.V157D,0.0,deleterious,,
17 7675227 . C T . . .,True,129.0,A,T,p.A129T,0.49,tolerated,,
17 7675989 . C T . . .,False,,,,,,,,
17 7676001 . G A . . .,True,123.0,T,I,p.T123I,0.03,deleterious,,
17 7676026 . G T . . .,True,115.0,H,N,p.H115N,0.17,tolerated,,
17 7676125 . G C . . .,True,82.0,P,A,p.P82A,0.18,tolerated,0.003,benign
17 7676137 . C T . . .,True,78.0,A,T,p.A78T,0.4,tolerated,0.003,benign
17 7676171 . C T . . .,True,66.0,M,I,p.M66I,0.52,tolerated,0.007,benign
17 7676176 . T G . . .,False,65.0,,,,,,,
17 7676384 . G A . . .,False,32.0,,,,,,,
17 7676398 . G A . . .,True,27.0,P,L,p.P27L,0.09,tolerated,0.031,benign
17 7676557 . G C . . .,True,13.0,P,R,p.P13R,0.0,deleterious,0.999,probably_damaging
17 7675112 . T G . . .,True,167.0,Q,P,p.Q167P,0.0,deleterious,,
17 7676167 . C G . . .,True,68.0,E,Q,p.E68Q,0.41,tolerated,0.005,benign
17 7667908 . C A . . .,False,,,,,,,,
17 7675103 . G C . . .,True,170.0,T,R,p.T170R,0.0,deleterious,,
17 7676591 . C T . . .,True,2.0,E,K,p.E2K,0.01,deleterious,0.548,possibly_damaging
17 7675048 . C T . . .,False,,,,,,,,
17 7673248 . A G . . .,True,338.0,W,R,p.W338R,0.02,deleterious,,
17 7673250 . C T . . .,True,337.0,R,Q,p.R337Q,0.0,deleterious,,
17 7673307 . T C . . .,False,342.0,,,,,,,
17 7673319 . T G . . .,True,338.0,K,N,p.K338N,0.12,tolerated_low_confidence,,
17 7673336 . G C . . .,True,333.0,Q,E,p.Q333E,0.27,tolerated_low_confidence,,
17 7673520 . C A . . .,False,,,,,,,,
17 7673625 . G T . . .,False,,,,,,,,
17 7673872 . T C . . .,False,,,,,,,,
17 7673895 . C T . . .,False,,,,,,,,
17 7673896 . C T . . .,False,,,,,,,,
17 7673897 . C T . . .,False,,,,,,,,
17 7673899 . T C . . .,False,,,,,,,,
17 7674195 . T A . . .,False,256.0,,,,,,,
17 7674843 . C T . . .,False,,,,,,,,
17 7674844 . A G . . .,False,,,,,,,,
17 7674845 . G C . . .,False,,,,,,,,
17 7674986 . T G . . .,False,,,,,,,,
17 7675256 . A G . . .,False,,,,,,,,
17 7676370 . C G . . .,False,,,,,,,,
17 7676415 . G T . . .,False,,,,,,,,
17 7676457 . C T . . .,False,,,,,,,,
17 7676465 . G C . . .,False,,,,,,,,
17 7676499 . C T . . .,False,,,,,,,,
17 7676522 . G A . . .,True,25.0,,,,,,,
17 7669664 . G A . . .,True,376.0,S,F,p.S376F,0.01,deleterious,,
17 7670632 . T C . . .,False,359.0,,,,,,,
17 7673222 . C T . . .,False,346.0,,,,,,,
17 7673251 . G A . . .,False,337.0,R,*,p.R337*,,,,
17 7673287 . G A . . .,False,,,,,,,,
17 7673312 . A G . . .,True,341.0,C,R,p.C341R,0.0,deleterious_low_confidence,,
17 7673575 . G A . . .,True,318.0,P,L,p.P318L,0.01,deleterious,,
17 7673903 . A C . . .,False,,,,,,,,
17 7674840 . C T . . .,False,,,,,,,,
17 7674880 . C A . . .,False,217.0,,,,,,,
17 7673223 . G A . . .,True,346.0,S,L,p.S346L,0.0,deleterious_low_confidence,,
17 7675114 . T C . . .,False,166.0,,,,,,,
17 7675210 . A G . . .,False,134.0,,,,,,,
17 7673225 . C T . . .,False,345.0,,,,,,,
17 7676421 . A C . . .,False,,,,,,,,
17 7673322 . T C . . .,False,337.0,,,,,,,
17 7673337 . G A . . .,False,332.0,,,,,,,
17 7676459 . C A . . .,False,,,,,,,,
17 7673346 . A T . . .,False,,,,,,,,
17 7673765 . C T . . .,False,285.0,,,,,,,
17 7676477 . T C . . .,False,,,,,,,,
17 7673774 . C T . . .,False,282.0,,,,,,,
17 7673870 . A G . . .,False,,,,,,,,
17 7676484 . G A . . .,False,,,,,,,,
17 7674167 . A C . . .,False,,,,,,,,
17 7674293 . A G . . .,False,,,,,,,,
17 7674295 . G T . . .,False,,,,,,,,
17 7675033 . C T . . .,False,,,,,,,,
17 7676443 . C T . . .,False,,,,,,,,
17 7676444 . G A . . .,False,,,,,,,,
17 7676445 . C A . . .,False,,,,,,,,
17 7676452 . C A . . .,False,,,,,,,,
17 7676486 . G A . . .,False,,,,,,,,
17 7676494 . G C . . .,False,,,,,,,,
17 7669614 . C T . . .,True,393.0,D,N,p.D393N,0.03,deleterious,,
17 7670594 . G A . . .,False,,,,,,,,
17 7673226 . G A . . .,True,345.0,S,L,p.S345L,0.11,tolerated_low_confidence,,
17 7673228 . G C . . .,True,344.0,N,K,p.N344K,1.0,tolerated_low_confidence,,
17 7673245 . A G . . .,True,339.0,C,R,p.C339R,0.19,tolerated,,
17 7673290 . C T . . .,False,,,,,,,,
17 7673291 . C G . . .,False,,,,,,,,
17 7673848 . T C . . .,False,,,,,,,,
17 7673889 . A C . . .,False,,,,,,,,
17 7674303 . A G . . .,False,,,,,,,,
17 7676035 . C T . . .,True,112.0,G,S,p.G112S,0.37,tolerated,,
17 7676258 . G C . . .,True,37.0,,,,,,,
17 7676280 . T A . . .,False,,,,,,,,
17 7676420 . G T . . .,False,,,,,,,,
17 7676430 . C T . . .,False,,,,,,,,
17 7676462 . C G . . .,False,,,,,,,,
17 7676480 . G A . . .,False,,,,,,,,
17 7676483 . G T . . .,False,,,,,,,,
17 7673789 . A T . . .,False,277.0,C,*,p.C277*,,,,
17 7674972 . C G . . .,False,,,,,,,,
17 7675029 . G A . . .,False,,,,,,,,
17 7676051 . G C . . .,True,106.0,S,R,p.S106R,0.29,tolerated,,
17 7676368 . A G . . .,False,,,,,,,,
17 7673700 . C A . . .,False,,,,,,,,
17 7676568 . G C . . .,True,9.0,S,R,p.S9R,0.16,tolerated,0.642,possibly_damaging
17 7674180 . C A . . .,False,,,,,,,,
17 7673755 . G C . . .,True,289.0,L,V,p.L289V,0.07,tolerated,,
17 7674205 . G T . . .,True,253.0,T,N,p.T253N,0.01,deleterious,,
17 7674857 . A T . . .,False,,,,,,,,
17 7673531 . G A . . .,False,,,,,,,,
17 7675040 . C T . . .,False,,,,,,,,
17 7675162 . T G . . .,False,150.0,,,,,,,
17 7674175 . C T . . .,False,,,,,,,,
17 7675243 . G A . . .,False,,,,,,,,
17 7676397 . A G . . .,False,27.0,,,,,,,
17 7670698 . G A . . .,False,337.0,,,,,,,
17 7675093 . C T . . .,False,173.0,,,,,,,
17 7676156 . G A . . .,False,71.0,,,,,,,
17 7676636 . A C . . .,False,,,,,,,,
17 7669660 . G T . . .,True,377.0,,,,,,,
17 7673750 . G T . . .,False,290.0,,,,,,,
17 7674285 . G T . . .,False,226.0,,,,,,,
17 7676093 . G T . . .,False,92.0,,,,,,,
17 7676586 . C T . . .,False,3.0,,,,,,,
17 7687368 . G A . . .,False,,,,,,,,
17 7670645 . G A . . .,True,355.0,A,V,p.A355V,0.03,deleterious,,
17 7673581 . G A . . .,True,316.0,P,L,p.P316L,0.04,deleterious,,
17 7673616 . A G . . .,False,,,,,,,,
17 7674900 . T G . . .,True,211.0,T,P,p.T211P,0.0,deleterious,,
17 7675113 . G A . . .,False,167.0,Q,*,p.Q167*,,,,
17 7675115 . G A . . .,True,166.0,S,L,p.S166L,0.08,tolerated,,
17 7675139 . C A . . .,True,158.0,R,L,p.R158L,0.0,deleterious,,
17 7675173 . C T . . .,True,147.0,V,I,p.V147I,0.0,deleterious,,
17 7675199 . G T . . .,True,138.0,A,D,p.A138D,0.01,deleterious,,
17 7675992 . A T . . .,False,,,,,,,,
17 7676140 . G A . . .,True,77.0,P,S,p.P77S,0.26,tolerated,0.0,benign
17 7676163 . G A . . .,True,69.0,A,V,p.A69V,0.39,tolerated,0.001,benign
17 7673693 . T G . . .,False,,,,,,,,
17 7673704 . G T . . .,False,306.0,,,,,,,
17 7673833 . T G . . .,True,263.0,N,H,p.N263H,0.15,tolerated,,
17 7676411 . A G . . .,False,,,,,,,,
17 7673597 . T G . . .,True,311.0,N,H,p.N311H,0.13,tolerated,,
17 7673612 . G C . . .,False,,,,,,,,
17 7674889 . A G . . .,False,214.0,,,,,,,
17 7674966 . C A . . .,True,189.0,A,S,p.A189S,0.01,deleterious,,
17 7675097 . A G . . .,True,172.0,V,A,p.V172A,0.0,deleterious,,
17 7675215 . T C . . .,True,133.0,M,V,p.M133V,0.01,deleterious,,
17 7676076 . G A . . .,True,98.0,P,L,p.P98L,0.01,deleterious,,
17 7676169 . G T . . .,True,67.0,P,Q,p.P67Q,0.24,tolerated,0.015,benign
17 7670602 . C T . . .,False,,,,,,,,
17 7670613 . A G . . .,True,366.0,S,P,p.S366P,0.11,tolerated,,
17 7673534 . C T . . .,False,,,,,,,,
17 7673726 . C T . . .,False,298.0,,,,,,,
17 7674197 . T G . . .,True,256.0,T,P,p.T256P,0.0,deleterious,,
17 7674211 . A T . . .,True,251.0,I,N,p.I251N,0.0,deleterious,,
17 7674878 . A C . . .,True,218.0,V,G,p.V218G,0.0,deleterious,,
17 7674977 . A G . . .,False,,,,,,,,
17 7676100 . G A . . .,True,90.0,S,F,p.S90F,0.21,tolerated,0.351,benign
17 7676399 . G A . . .,True,27.0,P,S,p.P27S,0.1,tolerated,0.085,benign
17 7676560 . G A . . .,True,12.0,P,L,p.P12L,0.57,tolerated,0.015,benign
17 7676570 . T G . . .,True,9.0,S,R,p.S9R,0.16,tolerated,0.642,possibly_damaging
17 7673850 . G C . . .,False,,,,,,,,
17 7676287 . A G . . .,False,,,,,,,,
17 7673831 . A G . . .,False,263.0,,,,,,,
17 7669645 . T C . . .,False,382.0,,,,,,,
17 7673773 . G C . . .,True,283.0,R,G,p.R283G,0.0,deleterious,,
17 7674178 . G A . . .,False,,,,,,,,
17 7675078 . G T . . .,True,178.0,H,Q,p.H178Q,0.0,deleterious,,
17 7675170 . C T . . .,True,148.0,D,N,p.D148N,0.45,tolerated,,
17 7676073 . G C . . .,True,99.0,S,C,p.S99C,0.01,deleterious,,
17 7676259 . G A . . .,True,37.0,S,F,p.S37F,0.01,deleterious,0.231,benign
17 7676560 . G T . . .,True,12.0,P,H,p.P12H,0.17,tolerated,0.955,probably_damaging
17 7674935 . C T . . .,True,199.0,G,E,p.G199E,0.06,tolerated,,
17 7676127 . G A . . .,True,81.0,T,I,p.T81I,0.5,tolerated,0.036,benign
17 7676164 . C T . . .,True,69.0,A,T,p.A69T,0.58,tolerated,0.003,benign
17 7676218 . C A . . .,False,51.0,E,*,p.E51*,,,,
17 7676253 . G A . . .,True,39.0,A,V,p.A39V,0.35,tolerated,0.003,benign
17 7676377 . C T . . .,False,,,,,,,,
17 7673578 . T C . . .,True,317.0,Q,R,p.Q317R,0.41,tolerated,,
17 7673845 . G C . . .,False,,,,,,,,
17 7674869 . T G . . .,True,221.0,E,A,p.E221A,0.0,deleterious,,
17 7674940 . C T . . .,False,197.0,,,,,,,
17 7675106 . A C . . .,True,169.0,M,R,p.M169R,0.03,deleterious,,
17 7675205 . T G . . .,True,136.0,Q,P,p.Q136P,0.0,deleterious,,
17 7676059 . G A . . .,False,104.0,Q,*,p.Q104*,,,,
17 7676065 . T A . . .,True,102.0,T,S,p.T102S,0.05,deleterious,,
17 7676073 . G A . . .,True,99.0,S,F,p.S99F,0.0,deleterious,,
17 7676150 . C T . . .,False,73.0,,,,,,,
17 7676158 . G A . . .,True,71.0,P,S,p.P71S,0.71,tolerated,0.0,benign
17 7676158 . G C . . .,True,71.0,P,A,p.P71A,1.0,tolerated,0.0,benign
17 7676217 . T C . . .,True,51.0,E,G,p.E51G,0.33,tolerated,0.022,benign
17 7669662 . T C . . .,True,377.0,T,A,p.T377A,0.6,tolerated,,
17 7669673 . T C . . .,True,373.0,K,R,p.K373R,0.21,tolerated,,
17 7670618 . G A . . .,True,364.0,A,V,p.A364V,0.24,tolerated,,
17 7673805 . A G . . .,True,272.0,V,A,p.V272A,0.0,deleterious,,
17 7673806 . C G . . .,True,272.0,V,L,p.V272L,0.0,deleterious,,
17 7674277 . C G . . .,True,229.0,C,S,p.C229S,0.08,tolerated,,
17 7675234 . G C . . .,False,126.0,Y,*,p.Y126*,,,,
17 7675989 . C G . . .,False,,,,,,,,
17 7676555 . G C . . .,True,14.0,L,V,p.L14V,0.04,deleterious,0.719,possibly_damaging
17 7670640 . T C . . .,True,357.0,K,E,p.K357E,0.24,tolerated,,
17 7673232 . A T . . .,True,343.0,I,K,p.I343K,0.0,deleterious,,
17 7674245 . T C . . .,True,240.0,S,G,p.S240G,0.0,deleterious,,
17 7674908 . T C . . .,True,208.0,D,G,p.D208G,0.0,deleterious,,
17 7675195 . C A . . .,True,139.0,K,N,p.K139N,0.0,deleterious,,
17 7676185 . C A . . .,False,62.0,E,*,p.E62*,,,,
17 7669644 . G A . . .,True,383.0,L,F,p.L383F,0.01,deleterious,,
17 7673801 . A G . . .,False,273.0,,,,,,,
17 7675123 . G C . . .,False,163.0,Y,*,p.Y163*,,,,
17 7674853 . C A . . .,False,,,,,,,,
17 7669618 . G C . . .,True,391.0,D,E,p.D391E,0.03,deleterious,,
17 7669666 . C T . . .,True,375.0,,,,,,,
17 7669672 . C T . . .,True,373.0,,,,,,,
17 7669681 . C T . . .,True,370.0,,,,,,,
17 7670648 . T C . . .,True,354.0,Q,R,p.Q354R,0.51,tolerated,,
17 7670696 . A C . . .,True,338.0,F,C,p.F338C,0.0,deleterious,,
17 7673558 . C A . . .,True,324.0,D,Y,p.D324Y,0.0,deleterious,,
17 7673577 . C T . . .,False,317.0,,,,,,,
17 7673747 . C G . . .,True,291.0,K,N,p.K291N,0.08,tolerated,,
17 7673752 . G C . . .,True,290.0,R,G,p.R290G,0.06,tolerated,,
17 7674886 . A G . . .,False,215.0,,,,,,,
17 7674906 . T C . . .,True,209.0,R,G,p.R209G,0.37,tolerated,,
17 7676006 . A C . . .,False,121.0,,,,,,,
17 7676052 . C A . . .,True,106.0,S,I,p.S106I,0.1,tolerated,,
17 7676107 . C G . . .,True,88.0,A,P,p.A88P,0.17,tolerated,0.014,benign
17 7676160 . G A . . .,True,70.0,A,V,p.A70V,0.38,tolerated,0.035,benign
17 7676268 . G C . . .,True,34.0,P,R,p.P34R,0.1,tolerated,0.105,benign
17 7673358 . G A . . .,False,,,,,,,,
17 7674299 . T C . . .,False,,,,,,,,
17 7674985 . G T . . .,False,,,,,,,,
17 7676434 . T C . . .,False,,,,,,,,
17 7676487 . G T . . .,False,,,,,,,,
17 7670597 . G C . . .,False,,,,,,,,
17 7673204 . T C . . .,False,,,,,,,,
17 7673217 . A G . . .,False,,,,,,,,
17 7673225 . C A . . .,False,345.0,,,,,,,
17 7673246 . C T . . .,False,338.0,W,*,p.W338*,,,,
17 7673303 . C G . . .,False,,,,,,,,
17 7673901 . T G . . .,False,,,,,,,,
17 7673218 . C T . . .,False,,,,,,,,
17 7673359 . G A . . .,False,,,,,,,,
17 7673871 . G A . . .,False,,,,,,,,
17 7676467 . G A . . .,False,,,,,,,,
17 7673884 . G C . . .,False,,,,,,,,
17 7673893 . G A . . .,False,,,,,,,,
17 7674858 . C A . . .,False,,,,,,,,
17 7673895 . C A . . .,False,,,,,,,,
17 7675976 . C T . . .,False,,,,,,,,
17 7674983 . C T . . .,False,,,,,,,,
17 7676433 . A G . . .,False,,,,,,,,
17 7676435 . G A . . .,False,,,,,,,,
17 7676446 . T G . . .,False,,,,,,,,
17 7676450 . C T . . .,False,,,,,,,,
17 7676489 . G C . . .,False,,,,,,,,
17 7670698 . G C . . .,False,337.0,,,,,,,
17 7673751 . C A . . .,True,290.0,R,L,p.R290L,0.11,tolerated,,
17 7673696 . C A . . .,False,,,,,,,,
17 7673700 . C T . . .,False,,,,,,,,
17 7673699 . A T . . .,False,,,,,,,,
17 7670664 . C A . . .,False,349.0,E,*,p.E349*,,,,
17 7670673 . C A . . .,False,346.0,E,*,p.E346*,,,,
17 7673764 . C A . . .,False,286.0,E,*,p.E286*,,,,
17 7673780 . T G . . .,True,280.0,R,S,p.R280S,0.02,deleterious,,
17 7673803 . G C . . .,True,273.0,R,G,p.R273G,0.0,deleterious,,
17 7673812 . A G . . .,True,270.0,F,L,p.F270L,0.0,deleterious,,
17 7674188 . C A . . .,True,259.0,D,Y,p.D259Y,0.05,deleterious,,
17 7674252 . C A . . .,True,237.0,M,I,p.M237I,0.02,deleterious,,
17 7674268 . A C . . .,True,232.0,I,S,p.I232S,0.0,deleterious,,
17 7674870 . C A . . .,False,221.0,E,*,p.E221*,,,,
17 7674871 . A T . . .,False,220.0,Y,*,p.Y220*,,,,
17 7674936 . C A . . .,False,199.0,G,*,p.G199*,,,,
17 7674939 . C A . . .,False,198.0,E,*,p.E198*,,,,
17 7674941 . A T . . .,True,197.0,V,E,p.V197E,0.0,deleterious,,
17 7675064 . G C . . .,False,183.0,S,*,p.S183*,,,,
17 7675074 . C A . . .,False,180.0,E,*,p.E180*,,,,
17 7675101 . C A . . .,False,171.0,E,*,p.E171*,,,,
17 7675115 . G C . . .,False,166.0,S,*,p.S166*,,,,
17 7675145 . C G . . .,True,156.0,R,P,p.R156P,0.2,tolerated,,
17 7675175 . C T . . .,False,146.0,W,*,p.W146*,,,,
17 7675182 . G A . . .,False,144.0,Q,*,p.Q144*,,,,
17 7675197 . T A . . .,False,139.0,K,*,p.K139*,,,,
17 7675216 . C A . . .,True,132.0,K,N,p.K132N,0.0,deleterious,,
17 7676028 . A T . . .,False,114.0,L,*,p.L114*,,,,
17 7676031 . A C . . .,True,113.0,F,C,p.F113C,0.0,deleterious,,
17 7676043 . A C . . .,True,109.0,F,C,p.F109C,0.0,deleterious,,
17 7676055 . C A . . .,True,105.0,G,V,p.G105V,0.0,deleterious,,
17 7676071 . G A . . .,False,100.0,Q,*,p.Q100*,,,,
17 7676176 . T A . . .,False,65.0,R,*,p.R65*,,,,
17 7673534 . C A . . .,False,,,,,,,,
17 7673838 . C A . . .,True,262.0,S,I,p.S262I,,,,
17 7674180 . C T . . .,False,,,,,,,,
17 7674972 . C T . . .,False,,,,,,,,
17 7674974 . A C . . .,False,,,,,,,,
17 7675989 . C A . . .,False,,,,,,,,
17 7675993 . C T . . .,False,,,,,,,,
17 7669692 . T G . . .,True,398.0,Q,P,p.Q398P,,,,
17 7673533 . A C . . .,False,,,,,,,,
17 7673839 . T A . . .,True,262.0,S,C,p.S262C,,,,
17 7673839 . T G . . .,True,262.0,S,R,p.S262R,,,,
17 7674292 . T A . . .,False,,,,,,,,
17 7674292 . T G . . .,False,,,,,,,,
17 7674857 . A C . . .,False,,,,,,,,
17 7674859 . C A . . .,True,224.0,E,D,p.E224D,0.01,deleterious,,
17 7675051 . A T . . .,False,,,,,,,,
17 7675053 . C G . . .,True,187.0,G,R,p.G187R,0.0,deleterious,,
17 7675993 . C A . . .,False,,,,,,,,
17 7669611 . A T . . .,False,394.0,*,R,p.*394R,,,,
17 7669639 . C T . . .,True,384.0,M,I,p.M384I,0.06,tolerated,,
17 7669671 . C A . . .,True,374.0,G,C,p.G374C,0.0,deleterious,,
17 7669687 . G T . . .,True,368.0,H,Q,p.H368Q,0.39,tolerated,,
17 7670664 . C G . . .,True,349.0,E,Q,p.E349Q,0.03,deleterious,,
17 7670670 . C T . . .,True,347.0,A,T,p.A347T,0.0,deleterious,,
17 7670673 . C T . . .,True,346.0,E,K,p.E346K,0.01,deleterious,,
17 7673539 . A G . . .,True,330.0,L,P,p.L330P,0.0,deleterious,,
17 7673542 . G A . . .,True,329.0,T,I,p.T329I,0.04,deleterious,,
17 7673545 . A G . . .,True,328.0,F,S,p.F328S,0.0,deleterious,,
17 7673600 . T C . . .,True,310.0,N,D,p.N310D,0.45,tolerated,,
17 7673608 . G A . . .,True,307.0,A,V,p.A307V,0.07,tolerated,,
17 7673729 . G T . . .,True,297.0,H,Q,p.H297Q,0.35,tolerated,,
17 7673790 . C G . . .,True,277.0,C,S,p.C277S,0.01,deleterious,,
17 7673815 . T G . . .,True,269.0,S,R,p.S269R,0.02,deleterious,,
17 7673830 . G T . . .,True,264.0,L,I,p.L264I,0.02,deleterious,,
17 7674202 . A C . . .,True,254.0,I,S,p.I254S,0.0,deleterious,,
17 7674238 . C G . . .,True,242.0,C,S,p.C242S,0.0,deleterious,,
17 7674287 . C T . . .,True,226.0,G,S,p.G226S,0.03,deleterious,,
17 7674890 . T G . . .,True,214.0,H,P,p.H214P,0.0,deleterious,,
17 7674923 . A T . . .,True,203.0,V,E,p.V203E,0.0,deleterious,,
17 7674963 . G A . . .,True,190.0,P,S,p.P190S,0.02,deleterious,,
17 7675083 . G A . . .,True,177.0,P,S,p.P177S,0.01,deleterious,,
17 7675112 . T C . . .,True,167.0,Q,R,p.Q167R,0.0,deleterious,,
17 7675151 . C A . . .,True,154.0,G,V,p.G154V,0.0,deleterious,,
17 7675154 . G A . . .,True,153.0,P,L,p.P153L,0.26,tolerated,,
17 7675194 . T C . . .,True,140.0,T,A,p.T140A,0.06,tolerated,,
17 7675197 . T C . . .,True,139.0,K,E,p.K139E,0.0,deleterious,,
17 7675232 . G T . . .,True,127.0,S,Y,p.S127Y,0.0,deleterious,,
17 7676023 . A C . . .,True,116.0,S,A,p.S116A,0.03,deleterious,,
17 7676050 . A C . . .,True,107.0,Y,D,p.Y107D,0.01,deleterious,,
17 7676068 . T G . . .,True,101.0,K,Q,p.K101Q,0.07,tolerated,,
17 7676112 . G A . . .,True,86.0,A,V,p.A86V,0.2,tolerated,0.1,benign
17 7676133 . G C . . .,True,79.0,A,G,p.A79G,0.25,tolerated,0.005,benign
17 7676232 . G T . . .,True,46.0,S,Y,p.S46Y,0.09,tolerated,0.003,benign
17 7676236 . G C . . .,True,45.0,L,V,p.L45V,0.1,tolerated,0.122,benign
17 7676242 . A T . . .,True,43.0,L,M,p.L43M,0.05,deleterious,0.074,benign
17 7676251 . T C . . .,True,40.0,M,V,p.M40V,1.0,tolerated,0.0,benign
17 7676271 . G A . . .,True,33.0,S,F,p.S33F,0.03,deleterious,0.014,benign
17 7676382 . C T . . .,False,32.0,,,,,,,
17 7676391 . G C . . .,True,29.0,N,K,p.N29K,0.63,tolerated,0.013,benign
17 7676398 . G C . . .,True,27.0,P,R,p.P27R,0.05,deleterious,0.84,possibly_damaging
17 7676547 . C G . . .,True,16.0,Q,H,p.Q16H,0.02,deleterious,0.996,probably_damaging
17 7676560 . G C . . .,True,12.0,P,R,p.P12R,0.23,tolerated,0.915,probably_damaging
17 7676573 . G T . . .,True,8.0,P,T,p.P8T,0.69,tolerated,0.02,benign
17 7675048 . C G . . .,False,,,,,,,,
17 7676273 . C T . . .,False,,,,,,,,
17 7670604 . C T . . .,False,,,,,,,,
17 7673530 . A C . . .,False,,,,,,,,
17 7675047 . G T . . .,False,,,,,,,,
17 7675993 . C G . . .,False,,,,,,,,
17 7676273 . C A . . .,False,,,,,,,,
17 7673844 . A C . . .,False,,,,,,,,
17 7674855 . A G . . .,False,,,,,,,,
17 7675052 . C A . . .,False,,,,,,,,
17 7676283 . G C . . .,False,,,,,,,,
17 7673777 . G A . . .,False,281.0,,,,,,,
17 7674639 . C A . . .,False,,,,,,,,
17 7675322 . A G . . .,False,,,,,,,,
17 7676799 . C G . . .,False,,,,,,,,
17 7675353 . C T . . .,False,,,,,,,,
17 7675519 . A G . . .,False,,,,,,,,
17 7676038 . G A . . .,False,111.0,,,,,,,
17 7676243 . A G . . .,True,42.0,,,,,,,
17 7669660 . G A . . .,True,377.0,,,,,,,
17 7673580 . G A . . .,False,316.0,,,,,,,
17 7673586 . G C . . .,False,314.0,,,,,,,
17 7673847 . A G . . .,False,,,,,,,,
17 7676282 . G A . . .,False,,,,,,,,
17 7669624 . C A . . .,False,389.0,,,,,,,
17 7673753 . G C . . .,False,289.0,,,,,,,
17 7674915 . A G . . .,False,206.0,,,,,,,
17 7675063 . T C . . .,False,183.0,,,,,,,
17 7676033 . G C . . .,False,112.0,,,,,,,
17 7676069 . C T . . .,False,100.0,,,,,,,
17 7676535 . T A . . .,False,20.0,,,,,,,
17 7676538 . A G . . .,False,19.0,,,,,,,
17 7669697 . G A . . .,False,396.0,,,,,,,
17 7676514 . C A . . .,False,,,,,,,,
17 7674173 . C A . . .,False,,,,,,,,
17 7674975 . A G . . .,False,,,,,,,,
17 7675986 . C A . . .,False,,,,,,,,
17 7676276 . T C . . .,False,,,,,,,,
17 7676374 . G C . . .,False,,,,,,,,
17 7670713 . G A . . .,False,332.0,,,,,,,
17 7673720 . G A . . .,False,300.0,,,,,,,
17 7673768 . T C . . .,False,284.0,,,,,,,
17 7674255 . G A . . .,False,236.0,,,,,,,
17 7676057 . C T . . .,False,104.0,,,,,,,
17 7676087 . T A . . .,False,94.0,,,,,,,
17 7676126 . T C . . .,False,81.0,,,,,,,
17 7676174 . T C . . .,False,65.0,,,,,,,
17 7676252 . T C . . .,True,39.0,,,,,,,
17 7673618 . A G . . .,False,,,,,,,,
17 7687372 . C A . . .,False,,,,,,,,
17 7687391 . C A . . .,False,,,,,,,,
17 7675184 . A G . . .,True,143.0,V,A,p.V143A,0.0,deleterious,,
17 7670579 . T A . . .,False,,,,,,,,
17 7669614 . C G . . .,True,393.0,D,H,p.D393H,0.0,deleterious,,
17 7669623 . G T . . .,True,390.0,P,T,p.P390T,0.1,tolerated,,
17 7669634 . T C . . .,True,386.0,K,R,p.K386R,0.02,deleterious,,
17 7669661 . G A . . .,True,377.0,T,I,p.T377I,0.16,tolerated,,
17 7670620 . C T . . .,False,363.0,,,,,,,
17 7670656 . C A . . .,True,351.0,K,N,p.K351N,0.14,tolerated,,
17 7670679 . G A . . .,False,344.0,,,,,,,
17 7670690 . A T . . .,True,340.0,M,K,p.M340K,0.01,deleterious,,
17 7670693 . T C . . .,True,339.0,E,G,p.E339G,0.01,deleterious,,
17 7673537 . G T . . .,True,331.0,Q,K,p.Q331K,0.19,tolerated,,
17 7673560 . A G . . .,True,323.0,L,P,p.L323P,0.14,tolerated,,
17 7673582 . G A . . .,True,316.0,P,S,p.P316S,0.15,tolerated,,
17 7673707 . T A . . .,False,305.0,K,*,p.K305*,,,,
17 7673741 . C T . . .,False,293.0,,,,,,,
17 7673755 . G A . . .,True,289.0,L,F,p.L289F,1.0,tolerated,,
17 7673794 . C T . . .,True,276.0,A,T,p.A276T,0.05,tolerated,,
17 7673816 . G A . . .,False,268.0,,,,,,,
17 7673818 . T A . . .,True,268.0,N,Y,p.N268Y,0.01,deleterious,,
17 7673819 . C T . . .,False,267.0,,,,,,,
17 7673825 . C A . . .,False,265.0,,,,,,,
17 7673832 . T C . . .,True,263.0,N,S,p.N263S,0.17,tolerated,,
17 7674194 . G C . . .,True,257.0,L,V,p.L257V,0.0,deleterious,,
17 7674206 . T C . . .,True,253.0,T,A,p.T253A,0.08,tolerated,,
17 7674207 . G T . . .,False,252.0,,,,,,,
17 7674245 . T G . . .,True,240.0,S,R,p.S240R,0.0,deleterious,,
17 7674860 . T C . . .,True,224.0,E,G,p.E224G,0.0,deleterious,,
17 7674875 . G A . . .,True,219.0,P,L,p.P219L,0.01,deleterious,,
17 7674883 . C G . . .,False,216.0,,,,,,,
17 7674894 . G T . . .,False,213.0,,,,,,,
17 7674898 . A C . . .,False,211.0,,,,,,,
17 7674909 . C G . . .,True,208.0,D,H,p.D208H,0.0,deleterious,,
17 7674926 . C G . . .,True,202.0,R,P,p.R202P,0.03,deleterious,,
17 7674941 . A C . . .,True,197.0,V,G,p.V197G,0.0,deleterious,,
17 7674949 . A T . . .,False,194.0,,,,,,,
17 7674952 . A T . . .,True,193.0,H,Q,p.H193Q,0.0,deleterious,,
17 7675070 . C G . . .,True,181.0,R,P,p.R181P,0.0,deleterious,,
17 7675081 . G C . . .,False,177.0,,,,,,,
17 7675098 . C T . . .,True,172.0,V,I,p.V172I,0.01,deleterious,,
17 7675102 . C A . . .,False,170.0,,,,,,,
17 7675156 . C G . . .,False,152.0,,,,,,,
17 7675157 . G C . . .,True,152.0,P,R,p.P152R,0.0,deleterious,,
17 7675174 . C A . . .,True,146.0,W,C,p.W146C,0.18,tolerated,,
17 7675188 . G A . . .,True,142.0,P,S,p.P142S,0.0,deleterious,,
17 7675223 . A T . . .,True,130.0,L,H,p.L130H,0.0,deleterious,,
17 7675227 . C A . . .,True,129.0,A,S,p.A129S,0.6,tolerated,,
17 7675229 . G A . . .,True,128.0,P,L,p.P128L,0.01,deleterious,,
17 7675233 . A T . . .,True,127.0,S,T,p.S127T,0.0,deleterious,,
17 7676031 . A G . . .,True,113.0,F,S,p.F113S,0.0,deleterious,,
17 7676041 . G C . . .,True,110.0,R,G,p.R110G,0.04,deleterious,,
17 7676060 . G C . . .,False,103.0,Y,*,p.Y103*,,,,
17 7676066 . T C . . .,False,101.0,,,,,,,
17 7676077 . G A . . .,True,98.0,P,S,p.P98S,0.0,deleterious,,
17 7676104 . G T . . .,True,89.0,P,T,p.P89T,1.0,tolerated,0.0,benign
17 7676176 . T C . . .,True,65.0,R,G,p.R65G,0.4,tolerated,0.0,benign
17 7676186 . A T . . .,True,61.0,D,E,p.D61E,0.69,tolerated,0.001,benign
17 7676190 . G A . . .,True,60.0,P,L,p.P60L,0.42,tolerated,0.228,benign
17 7676193 . C T . . .,True,59.0,G,D,p.G59D,0.42,tolerated,0.001,benign
17 7676229 . G C . . .,True,47.0,P,R,p.P47R,0.03,deleterious,0.163,benign
17 7676262 . G A . . .,True,36.0,P,L,p.P36L,0.31,tolerated,0.0,benign
17 7676267 . G A . . .,True,34.0,,,,,,,
17 7676268 . G A . . .,True,34.0,P,L,p.P34L,0.12,tolerated,0.0,benign
17 7676393 . T C . . .,True,29.0,N,D,p.N29D,0.38,tolerated,0.013,benign
17 7676536 . G A . . .,True,20.0,S,L,p.S20L,0.1,tolerated,0.74,possibly_damaging
17 7676553 . C T . . .,False,14.0,,,,,,,
17 7676566 . A C . . .,True,10.0,V,G,p.V10G,0.0,deleterious,0.239,benign
17 7676568 . G T . . .,True,9.0,S,R,p.S9R,0.16,tolerated,0.642,possibly_damaging
17 7673612 . G A . . .,False,,,,,,,,
17 7669646 . T G . . .,True,382.0,K,T,p.K382T,0.01,deleterious,,
17 7669672 . C A . . .,True,373.0,K,N,p.K373N,0.01,deleterious,,
17 7670609 . C G . . .,True,367.0,S,T,p.S367T,0.12,tolerated,,
17 7670619 . C A . . .,True,364.0,A,S,p.A364S,0.57,tolerated,,
17 7670661 . G C . . .,True,350.0,L,V,p.L350V,0.03,deleterious,,
17 7670664 . C T . . .,True,349.0,E,K,p.E349K,0.0,deleterious,,
17 7670705 . C G . . .,True,335.0,R,P,p.R335P,0.0,deleterious,,
17 7673567 . T A . . .,False,321.0,K,*,p.K321*,,,,
17 7673578 . T A . . .,True,317.0,Q,L,p.Q317L,0.27,tolerated,,
17 7673587 . G C . . .,True,314.0,S,C,p.S314C,0.01,deleterious,,
17 7673807 . C A . . .,True,271.0,E,D,p.E271D,0.02,deleterious,,
17 7673820 . C A . . .,True,267.0,R,L,p.R267L,0.0,deleterious,,
17 7674196 . G A . . .,True,256.0,T,I,p.T256I,0.0,deleterious,,
17 7674202 . A T . . .,True,254.0,I,N,p.I254N,0.0,deleterious,,
17 7674205 . G A . . .,True,253.0,T,I,p.T253I,0.0,deleterious,,
17 7674234 . C T . . .,True,243.0,M,I,p.M243I,0.01,deleterious,,
17 7674268 . A T . . .,True,232.0,I,N,p.I232N,0.0,deleterious,,
17 7674272 . T C . . .,True,231.0,T,A,p.T231A,0.0,deleterious,,
17 7674289 . A T . . .,True,225.0,V,D,p.V225D,0.0,deleterious,,
17 7674916 . A C . . .,False,205.0,Y,*,p.Y205*,,,,
17 7674959 . G T . . .,True,191.0,P,H,p.P191H,0.0,deleterious,,
17 7675053 . C T . . .,True,187.0,G,S,p.G187S,0.04,deleterious,,
17 7675097 . A T . . .,True,172.0,V,D,p.V172D,0.0,deleterious,,
17 7675107 . T C . . .,True,169.0,M,V,p.M169V,1.0,tolerated,,
17 7675140 . G C . . .,True,158.0,R,G,p.R158G,0.0,deleterious,,
17 7675172 . A G . . .,True,147.0,V,A,p.V147A,0.01,deleterious,,
17 7675187 . G A . . .,True,142.0,P,L,p.P142L,0.0,deleterious,,
17 7676008 . A G . . .,True,121.0,S,P,p.S121P,0.0,deleterious,,
17 7676019 . C A . . .,True,117.0,G,V,p.G117V,0.02,deleterious,,
17 7676038 . G T . . .,True,111.0,L,M,p.L111M,0.01,deleterious,,
17 7676098 . A G . . .,True,91.0,W,R,p.W91R,0.13,tolerated,0.745,possibly_damaging
17 7676137 . C A . . .,True,78.0,A,S,p.A78S,0.48,tolerated,0.057,benign
17 7676145 . G A . . .,True,75.0,P,L,p.P75L,0.25,tolerated,0.053,benign
17 7676154 . G A . . .,True,72.0,P,L,p.P72L,0.13,tolerated,0.003,benign
17 7676170 . G A . . .,True,67.0,P,S,p.P67S,0.91,tolerated,0.001,benign
17 7676185 . C T . . .,True,62.0,E,K,p.E62K,0.09,tolerated,0.164,benign
17 7676218 . C T . . .,True,51.0,E,K,p.E51K,0.78,tolerated,0.022,benign
17 7676240 . C A . . .,True,43.0,L,F,p.L43F,0.16,tolerated,0.502,possibly_damaging
17 7676247 . T C . . .,True,41.0,D,G,p.D41G,0.1,tolerated,0.01,benign
17 7676392 . T G . . .,True,29.0,N,T,p.N29T,0.26,tolerated,0.04,benign
17 7676548 . T C . . .,True,16.0,Q,R,p.Q16R,0.0,deleterious,0.994,probably_damaging
17 7676588 . C G . . .,True,3.0,E,Q,p.E3Q,0.01,deleterious,0.798,possibly_damaging
17 7676588 . C T . . .,True,3.0,E,K,p.E3K,0.0,deleterious,0.743,possibly_damaging
17 7673617 . G T . . .,False,,,,,,,,
17 7673843 . C T . . .,False,,,,,,,,
17 7674853 . C T . . .,False,,,,,,,,
17 7676381 . C T . . .,False,,,,,,,,
17 7675210 . A T . . .,True,134.0,F,L,p.F134L,0.0,deleterious,,
17 7668477 . G A . . .,False,,,,,,,,
17 7668848 . A G . . .,False,,,,,,,,
17 7668849 . A G . . .,False,,,,,,,,
17 7669200 . G T . . .,False,,,,,,,,
17 7669252 . A G . . .,False,,,,,,,,
17 7669281 . C T . . .,False,,,,,,,,
17 7669441 . G A . . .,False,,,,,,,,
17 7669465 . C T . . .,False,,,,,,,,
17 7676616 . C T . . .,False,,,,,,,,
17 7687471 . G A . . .,False,,,,,,,,
17 7675142 . A C . . .,True,157.0,V,G,p.V157G,0.0,deleterious,,
17 7676010 . T A . . .,True,120.0,K,M,p.K120M,0.0,deleterious,,
17 7667874 . G C . . .,False,,,,,,,,
17 7667880 . G A . . .,False,,,,,,,,
17 7667888 . G A . . .,False,,,,,,,,
17 7667899 . A C . . .,False,,,,,,,,
17 7667901 . C T . . .,False,,,,,,,,
17 7667904 . C T . . .,False,,,,,,,,
17 7667906 . C A . . .,False,,,,,,,,
17 7667906 . C T . . .,False,,,,,,,,
17 7667909 . C T . . .,False,,,,,,,,
17 7667910 . C A . . .,False,,,,,,,,
17 7667914 . C T . . .,False,,,,,,,,
17 7667923 . T G . . .,False,,,,,,,,
17 7667926 . C T . . .,False,,,,,,,,
17 7667929 . C T . . .,False,,,,,,,,
17 7667933 . C T . . .,False,,,,,,,,
17 7669678 . G A . . .,False,371.0,,,,,,,
17 7669689 . G T . . .,True,368.0,H,N,p.H368N,0.38,tolerated,,
17 7670612 . G C . . .,True,366.0,S,C,p.S366C,0.08,tolerated,,
17 7673537 . G A . . .,False,331.0,Q,*,p.Q331*,,,,
17 7673584 . G C . . .,True,315.0,S,C,p.S315C,0.03,deleterious,,
17 7673727 . T C . . .,True,298.0,E,G,p.E298G,0.26,tolerated,,
17 7673729 . G C . . .,True,297.0,H,Q,p.H297Q,0.35,tolerated,,
17 7673744 . T C . . .,False,292.0,,,,,,,
17 7673759 . C A . . .,True,287.0,E,D,p.E287D,0.18,tolerated,,
17 7673766 . T C . . .,True,285.0,E,G,p.E285G,0.0,deleterious,,
17 7673782 . T G . . .,False,280.0,,,,,,,
17 7674201 . G A . . .,False,254.0,,,,,,,
17 7674221 . G T . . .,False,248.0,,,,,,,
17 7674260 . T C . . .,True,235.0,N,D,p.N235D,0.0,deleterious,,
17 7674270 . G T . . .,False,231.0,,,,,,,
17 7674271 . G C . . .,True,231.0,T,S,p.T231S,0.0,deleterious,,
17 7674279 . G C . . .,True,228.0,D,E,p.D228E,0.82,tolerated,,
17 7674912 . C G . . .,True,207.0,D,H,p.D207H,0.02,deleterious,,
17 7674932 . T C . . .,True,200.0,N,S,p.N200S,0.12,tolerated,,
17 7674955 . C A . . .,True,192.0,Q,H,p.Q192H,0.1,tolerated,,
17 7675105 . C A . . .,True,169.0,M,I,p.M169I,0.08,tolerated,,
17 7675219 . G A . . .,False,131.0,,,,,,,
17 7675234 . G A . . .,False,126.0,,,,,,,
17 7676116 . G A . . .,True,85.0,P,S,p.P85S,0.38,tolerated,0.001,benign
17 7676150 . C A . . .,False,73.0,,,,,,,
17 7676164 . C G . . .,True,69.0,A,P,p.A69P,0.27,tolerated,0.001,benign
17 7676238 . A C . . .,True,44.0,M,R,p.M44R,0.26,tolerated,0.022,benign
17 7676402 . G T . . .,True,26.0,L,I,p.L26I,0.12,tolerated,0.715,possibly_damaging
17 7676590 . T C . . .,True,2.0,E,G,p.E2G,0.0,deleterious,0.798,possibly_damaging
17 7676605 . C A . . .,False,,,,,,,,
17 7673249 . T C . . .,False,337.0,,,,,,,
17 7673351 . A G . . .,False,,,,,,,,
17 7673531 . G C . . .,False,,,,,,,,
17 7676462 . C T . . .,False,,,,,,,,
17 7676473 . G A . . .,False,,,,,,,,
17 7676475 . G T . . .,False,,,,,,,,
17 7673236 . G A . . .,False,342.0,,,,,,,
17 7673258 . A T . . .,False,334.0,,,,,,,
17 7673295 . T A . . .,False,,,,,,,,
17 7673350 . T C . . .,False,,,,,,,,
17 7673850 . G A . . .,False,,,,,,,,
17 7673851 . G A . . .,False,,,,,,,,
17 7674295 . G A . . .,False,,,,,,,,
17 7669703 . G A . . .,False,394.0,,,,,,,
17 7670589 . A C . . .,False,,,,,,,,
17 7673240 . G A . . .,False,340.0,,,,,,,
17 7673332 . G A . . .,True,334.0,T,I,p.T334I,0.2,tolerated_low_confidence,,
17 7673340 . C T . . .,False,,,,,,,,
17 7673346 . A G . . .,False,,,,,,,,
17 7673918 . T A . . .,False,,,,,,,,
17 7675249 . G A . . .,False,,,,,,,,
17 7675250 . A C . . .,False,,,,,,,,
17 7676491 . T C . . .,False,,,,,,,,
17 7676493 . G C . . .,False,,,,,,,,
17 7676509 . G A . . .,False,,,,,,,,
17 7673268 . T C . . .,False,,,,,,,,
17 7673883 . G A . . .,False,,,,,,,,
17 7676275 . G C . . .,False,,,,,,,,
17 7676497 . T G . . .,False,,,,,,,,
17 7670620 . C A . . .,True,363.0,R,S,p.R363S,0.0,deleterious,,
17 7670708 . C T . . .,True,334.0,G,E,p.G334E,0.0,deleterious,,
17 7674286 . C G . . .,True,226.0,G,A,p.G226A,0.01,deleterious,,
17 7674920 . T C . . .,True,204.0,E,G,p.E204G,0.08,tolerated,,
17 7675078 . G C . . .,True,178.0,H,Q,p.H178Q,0.0,deleterious,,
17 7675128 . T A . . .,True,162.0,I,F,p.I162F,0.0,deleterious,,
17 7676013 . G C . . .,True,119.0,A,G,p.A119G,0.0,deleterious,,
17 7676058 . T A . . .,True,104.0,Q,L,p.Q104L,0.02,deleterious,,
17 7676187 . T C . . .,True,61.0,D,G,p.D61G,0.24,tolerated,0.001,benign
17 7676197 . G T . . .,True,58.0,P,T,p.P58T,0.68,tolerated,0.019,benign
17 7673543 . T C . . .,True,329.0,T,A,p.T329A,0.02,deleterious,,
17 7674969 . G C . . .,True,188.0,L,V,p.L188V,0.28,tolerated,,
17 7675122 . T A . . .,False,164.0,K,*,p.K164*,,,,
17 7675233 . A G . . .,True,127.0,S,P,p.S127P,0.0,deleterious,,
17 7676109 . G A . . .,True,87.0,P,L,p.P87L,0.27,tolerated,0.017,benign
17 7676256 . T G . . .,True,38.0,Q,P,p.Q38P,0.31,tolerated,0.0,benign
17 7676269 . G A . . .,True,34.0,P,S,p.P34S,0.31,tolerated,0.0,benign
17 7676380 . A T . . .,False,,,,,,,,
17 7670679 . G C . . .,True,344.0,L,V,p.L344V,0.04,deleterious,,
17 7670693 . T A . . .,True,339.0,E,V,p.E339V,0.02,deleterious,,
17 7673767 . C G . . .,True,285.0,E,Q,p.E285Q,0.0,deleterious,,
17 7673797 . A T . . .,True,275.0,C,S,p.C275S,0.0,deleterious,,
17 7673824 . C A . . .,False,266.0,G,*,p.G266*,,,,
17 7673826 . A T . . .,True,265.0,L,Q,p.L265Q,0.0,deleterious,,
17 7674242 . A T . . .,True,241.0,S,T,p.S241T,0.0,deleterious,,
17 7674275 . T C . . .,True,230.0,T,A,p.T230A,0.03,deleterious,,
17 7674279 . G T . . .,True,228.0,D,E,p.D228E,0.82,tolerated,,
17 7674875 . G C . . .,True,219.0,P,R,p.P219R,0.0,deleterious,,
17 7674905 . C T . . .,True,209.0,R,K,p.R209K,0.86,tolerated,,
17 7675082 . G T . . .,True,177.0,P,H,p.P177H,0.0,deleterious,,
17 7673770 . T C . . .,True,284.0,T,A,p.T284A,0.0,deleterious,,
17 7674225 . C A . . .,True,246.0,M,I,p.M246I,0.0,deleterious,,
17 7675092 . T A . . .,True,174.0,R,W,p.R174W,0.0,deleterious,,
17 7676567 . C A . . .,True,10.0,V,F,p.V10F,0.01,deleterious,0.034,benign
17 7674974 . A G . . .,False,,,,,,,,
17 7669662 . T G . . .,True,377.0,T,P,p.T377P,0.42,tolerated,,
17 7669650 . T C . . .,True,381.0,K,E,p.K381E,0.0,deleterious,,
17 7674921 . C A . . .,False,204.0,E,*,p.E204*,,,,
17 7676097 . C T . . .,False,91.0,W,*,p.W91*,,,,
17 7673780 . T A . . .,True,280.0,R,S,p.R280S,0.02,deleterious,,
17 7674955 . C G . . .,True,192.0,Q,H,p.Q192H,0.1,tolerated,,
17 7675212 . A C . . .,True,134.0,F,V,p.F134V,0.0,deleterious,,
17 7676604 . C A . . .,False,,,,,,,,
17 7673584 . G A . . .,True,315.0,S,F,p.S315F,0.01,deleterious,,
17 7673740 . C T . . .,True,294.0,E,K,p.E294K,0.18,tolerated,,
17 7673746 . T C . . .,True,292.0,K,E,p.K292E,0.03,deleterious,,
17 7673825 . C T . . .,False,265.0,,,,,,,
17 7675148 . G A . . .,True,155.0,T,I,p.T155I,0.0,deleterious,,
17 7675203 . G C . . .,True,137.0,L,V,p.L137V,0.0,deleterious,,
17 7675239 . G C . . .,False,,,,,,,,
17 7676029 . A C . . .,True,114.0,L,V,p.L114V,0.25,tolerated,,
17 7673795 . A T . . .,False,275.0,C,*,p.C275*,,,,
17 7669612 . G C . . .,True,393.0,D,E,p.D393E,0.04,deleterious,,
17 7670682 . C G . . .,True,343.0,E,Q,p.E343Q,0.14,tolerated,,
17 7670689 . C T . . .,True,340.0,M,I,p.M340I,0.05,tolerated,,
17 7670700 . G T . . .,True,337.0,R,S,p.R337S,0.0,deleterious,,
17 7673540 . G A . . .,True,330.0,L,F,p.L330F,0.0,deleterious,,
17 7673550 . T A . . .,True,326.0,E,D,p.E326D,0.03,deleterious,,
17 7673696 . C T . . .,False,,,,,,,,
17 7673709 . G A . . .,True,304.0,T,I,p.T304I,0.12,tolerated,,
17 7673711 . G C . . .,True,303.0,S,R,p.S303R,0.19,tolerated,,
17 7673745 . T G . . .,True,292.0,K,T,p.K292T,0.04,deleterious,,
17 7673758 . T C . . .,True,288.0,N,D,p.N288D,0.0,deleterious,,
17 7674278 . A C . . .,True,229.0,C,G,p.C229G,0.07,tolerated,,
17 7674899 . G C . . .,True,211.0,T,S,p.T211S,0.04,deleterious,,
17 7674936 . C T . . .,True,199.0,G,R,p.G199R,0.0,deleterious,,
17 7674960 . G A . . .,True,191.0,P,S,p.P191S,0.03,deleterious,,
17 7674963 . G C . . .,True,190.0,P,A,p.P190A,0.03,deleterious,,
17 7675050 . C T . . .,False,,,,,,,,
17 7675136 . G T . . .,True,159.0,A,D,p.A159D,0.0,deleterious,,
17 7675178 . A C . . .,True,145.0,L,R,p.L145R,0.0,deleterious,,
17 7675210 . A C . . .,True,134.0,F,L,p.F134L,0.0,deleterious,,
17 7675998 . C G . . .,True,124.0,C,S,p.C124S,0.13,tolerated,,
17 7676080 . C T . . .,True,97.0,V,I,p.V97I,0.02,deleterious,,
17 7676125 . G A . . .,True,82.0,P,S,p.P82S,0.36,tolerated,0.049,benign
17 7676376 . C T . . .,False,,,,,,,,
17 7676552 . T G . . .,True,15.0,S,R,p.S15R,0.0,deleterious,0.991,probably_damaging
17 7688649 . A G . . .,False,1.0,M,V,p.M1V,0.0,deleterious_low_confidence,0.687,possibly_damaging
17 7670606 . C T . . .,False,368.0,,,,,,,
17 7670645 . G C . . .,True,355.0,A,G,p.A355G,0.07,tolerated,,
17 7673716 . C T . . .,True,302.0,G,R,p.G302R,0.09,tolerated,,
17 7674244 . C A . . .,True,240.0,S,I,p.S240I,0.0,deleterious,,
17 7674908 . T A . . .,True,208.0,D,V,p.D208V,0.0,deleterious,,
17 7674956 . T G . . .,True,192.0,Q,P,p.Q192P,0.04,deleterious,,
17 7676077 . G C . . .,True,98.0,P,A,p.P98A,0.0,deleterious,,
17 7676254 . C T . . .,True,39.0,A,T,p.A39T,0.58,tolerated,0.078,benign
17 7676272 . A T . . .,True,33.0,S,T,p.S33T,0.23,tolerated,0.006,benign
17 7676518 . C T . . .,False,,,,,,,,
17 7669673 . T A . . .,True,373.0,K,M,p.K373M,0.0,deleterious,,
17 7670649 . G C . . .,True,354.0,Q,E,p.Q354E,1.0,tolerated,,
17 7670684 . C A . . .,True,342.0,R,L,p.R342L,0.13,tolerated,,
17 7673749 . T G . . .,True,291.0,K,Q,p.K291Q,0.02,deleterious,,
17 7674176 . C T . . .,False,,,,,,,,
17 7674209 . G A . . .,True,252.0,L,F,p.L252F,0.0,deleterious,,
17 7674856 . G A . . .,False,,,,,,,,
17 7674891 . G A . . .,True,214.0,H,Y,p.H214Y,0.0,deleterious,,
17 7674933 . T C . . .,True,200.0,N,D,p.N200D,0.0,deleterious,,
17 7675047 . G A . . .,False,,,,,,,,
17 7675090 . C G . . .,True,174.0,R,S,p.R174S,0.02,deleterious,,
17 7675157 . G T . . .,True,152.0,P,Q,p.P152Q,0.0,deleterious,,
17 7675200 . C T . . .,True,138.0,A,T,p.A138T,0.01,deleterious,,
17 7675220 . T C . . .,True,131.0,N,S,p.N131S,0.0,deleterious,,
17 7675235 . T G . . .,True,126.0,Y,S,p.Y126S,0.0,deleterious,,
17 7676019 . C G . . .,True,117.0,G,A,p.G117A,0.01,deleterious,,
17 7676043 . A T . . .,True,109.0,F,Y,p.F109Y,0.0,deleterious,,
17 7676068 . T C . . .,True,101.0,K,E,p.K101E,0.66,tolerated,,
17 7675140 . G T . . .,True,158.0,R,S,p.R158S,0.0,deleterious,,
17 7676404 . C T . . .,False,,,,,,,,
17 7673570 . T A . . .,False,320.0,K,*,p.K320*,,,,
17 7674261 . G C . . .,False,234.0,Y,*,p.Y234*,,,,
17 7676048 . G C . . .,False,107.0,Y,*,p.Y107*,,,,
17 7670704 . A C . . .,False,335.0,,,,,,,
17 7670721 . G A . . .,False,,,,,,,,
17 7673792 . G A . . .,False,276.0,,,,,,,
17 7674258 . G A . . .,False,235.0,,,,,,,
17 7675245 . A T . . .,False,,,,,,,,
17 7676090 . C T . . .,False,93.0,,,,,,,
17 7676180 . A G . . .,False,63.0,,,,,,,
17 7676228 . C A . . .,False,47.0,,,,,,,
17 7676555 . G A . . .,False,14.0,,,,,,,
17 7676583 . C A . . .,False,4.0,,,,,,,
17 7670668 . G A . . .,False,347.0,,,,,,,
17 7670725 . C G . . .,False,,,,,,,,
17 7674231 . G T . . .,False,244.0,,,,,,,
17 7674264 . G A . . .,False,233.0,,,,,,,
17 7674880 . C G . . .,False,217.0,,,,,,,
17 7674961 . A C . . .,False,190.0,,,,,,,
17 7676015 . T C . . .,False,118.0,,,,,,,
17 7676372 . T C . . .,False,,,,,,,,
17 7676511 . A C . . .,False,,,,,,,,
17 7669684 . C T . . .,True,369.0,,,,,,,
17 7669698 . A T . . .,True,396.0,L,H,p.L396H,,,,
17 7670600 . G T . . .,False,,,,,,,,
17 7670614 . G A . . .,False,365.0,,,,,,,
17 7670723 . A C . . .,False,,,,,,,,
17 7673738 . C T . . .,False,294.0,,,,,,,
17 7673804 . C T . . .,False,272.0,,,,,,,
17 7674173 . C G . . .,False,,,,,,,,
17 7674907 . G A . . .,False,208.0,,,,,,,
17 7674958 . A C . . .,False,191.0,,,,,,,
17 7676003 . C A . . .,False,122.0,,,,,,,
17 7676204 . A C . . .,False,55.0,,,,,,,
17 7676559 . G A . . .,False,12.0,,,,,,,
17 7676580 . C T . . .,False,5.0,,,,,,,
17 7670683 . T C . . .,False,342.0,,,,,,,
17 7673617 . G A . . .,False,,,,,,,,
17 7673798 . A C . . .,False,274.0,,,,,,,
17 7673843 . C G . . .,False,,,,,,,,
17 7674851 . A C . . .,False,,,,,,,,
17 7675147 . G A . . .,False,155.0,,,,,,,
17 7675159 . G A . . .,False,151.0,,,,,,,
17 7675231 . G T . . .,False,127.0,,,,,,,
17 7675244 . A C . . .,False,,,,,,,,
17 7676003 . C T . . .,False,122.0,,,,,,,
17 7676021 . A G . . .,False,116.0,,,,,,,
17 7676108 . T A . . .,False,87.0,,,,,,,
17 7676240 . C T . . .,False,43.0,,,,,,,
17 7676373 . T C . . .,False,,,,,,,,
17 7676583 . C G . . .,False,4.0,,,,,,,
17 7669703 . G C . . .,True,394.0,F,L,p.F394L,,,,
17 7670633 . G C . . .,True,359.0,P,R,p.P359R,0.12,tolerated,,
17 7673580 . G C . . .,False,316.0,,,,,,,
17 7675081 . G A . . .,False,177.0,,,,,,,
17 7676132 . A C . . .,False,79.0,,,,,,,
17 7676143 . C T . . .,True,76.0,A,T,p.A76T,0.57,tolerated,0.001,benign
17 7673754 . A G . . .,True,289.0,L,P,p.L289P,0.02,deleterious,,
17 7676549 . G T . . .,True,16.0,Q,K,p.Q16K,0.0,deleterious,0.987,probably_damaging
17 7673809 . C A . . .,False,271.0,E,*,p.E271*,,,,
17 7670717 . T G . . .,False,,,,,,,,
17 7676404 . C A . . .,False,,,,,,,,
17 7674390 . G A . . .,False,,,,,,,,
17 7674973 . T G . . .,False,,,,,,,,
17 7673533 . A G . . .,False,,,,,,,,
17 7674811 . C T . . .,False,,,,,,,,
17 7670625 . T C . . .,True,362.0,S,G,p.S362G,0.26,tolerated,,
17 7674857 . A G . . .,False,,,,,,,,
17 7675237 . C A . . .,False,,,,,,,,
17 7676963 . G A . . .,False,,,,,,,,
17 7674291 . C G . . .,False,,,,,,,,
17 7670717 . T A . . .,False,,,,,,,,
17 7673030 . C T . . .,False,,,,,,,,
17 7675397 . T C . . .,False,,,,,,,,
17 7670716 . C A . . .,False,,,,,,,,
17 7674089 . A C . . .,False,,,,,,,,
17 7674109 . G A . . .,False,,,,,,,,
17 7675361 . A G . . .,False,,,,,,,,
17 7673183 . G A . . .,False,,,,,,,,
17 7669692 . T A . . .,True,398.0,Q,L,p.Q398L,,,,
17 7669739 . G A . . .,False,382.0,,,,,,,
17 7669911 . C T . . .,False,,,,,,,,
17 7676324 . C T . . .,False,,,,,,,,
17 7672958 . T A . . .,False,,,,,,,,
17 7676734 . C T . . .,False,,,,,,,,
17 7668134 . G A . . .,False,,,,,,,,
17 7675238 . T G . . .,False,,,,,,,,
17 7674276 . A G . . .,False,229.0,,,,,,,
17 7676625 . G C . . .,False,,,,,,,,
17 7674215 . G A . . .,True,250.0,P,S,p.P250S,0.0,deleterious,,
17 7674192 . C T . . .,False,257.0,,,,,,,
17 7676172 . A G . . .,True,66.0,M,T,p.M66T,0.39,tolerated,0.014,benign
17 7675337 . T A . . .,False,,,,,,,,
17 7676034 . C T . . .,True,112.0,G,D,p.G112D,0.33,tolerated,,
17 7674811 . C A . . .,False,,,,,,,,
17 7676203 . C A . . .,False,56.0,E,*,p.E56*,,,,
17 7676186 . A G . . .,False,61.0,,,,,,,
17 7676601 . G C . . .,False,,,,,,,,
17 7676081 . A G . . .,False,96.0,,,,,,,
17 7673719 . G C . . .,True,301.0,P,A,p.P301A,0.22,tolerated,,
17 7689619 . A C . . .,True,187.0,N,T,p.N187T,0.0,deleterious,0.749,possibly_damaging
17 7688998 . A C . . .,True,117.0,E,A,p.E117A,0.19,tolerated,0.0,benign
17 7688983 . G A . . .,True,112.0,S,N,p.S112N,0.45,tolerated,0.001,benign
17 7689079 . C G . . .,True,144.0,T,S,p.T144S,0.57,tolerated,0.0,benign
17 7675196 . T G . . .,True,139.0,K,T,p.K139T,0.0,deleterious,,
17 7676106 . G C . . .,True,88.0,A,G,p.A88G,0.17,tolerated,0.219,benign
17 7674243 . A T . . .,True,240.0,S,R,p.S240R,0.0,deleterious,,
17 7675123 . G T . . .,False,163.0,Y,*,p.Y163*,,,,
17 7674274 . G A . . .,True,230.0,T,I,p.T230I,0.02,deleterious,,
17 7676222 . A C . . .,True,49.0,D,E,p.D49E,0.31,tolerated,0.039,benign
17 7673539 . A T . . .,True,330.0,L,H,p.L330H,0.0,deleterious,,
17 7676194 . C G . . .,True,59.0,G,R,p.G59R,0.46,tolerated,0.003,benign
17 7674212 . T A . . .,True,251.0,I,F,p.I251F,0.0,deleterious,,
17 7673755 . G T . . .,True,289.0,L,I,p.L289I,0.05,tolerated,,
17 7673739 . T G . . .,True,294.0,E,A,p.E294A,0.14,tolerated,,
17 7674182 . T C . . .,True,261.0,S,G,p.S261G,0.26,tolerated,,
17 7674859 . C G . . .,True,224.0,E,D,p.E224D,0.01,deleterious,,
17 7673797 . A C . . .,True,275.0,C,G,p.C275G,0.0,deleterious,,
17 7670646 . C A . . .,True,355.0,A,S,p.A355S,0.28,tolerated,,
17 7670607 . A T . . .,False,368.0,*,R,p.*368R,,,,
17 7674882 . C A . . .,True,217.0,V,L,p.V217L,0.29,tolerated,,
17 7669688 . T C . . .,True,368.0,H,R,p.H368R,0.44,tolerated,,
17 7673728 . C G . . .,True,298.0,E,Q,p.E298Q,0.26,tolerated,,
17 7675211 . A T . . .,True,134.0,F,Y,p.F134Y,0.23,tolerated,,
17 7670629 . C A . . .,False,360.0,,,,,,,
17 7670619 . C T . . .,True,364.0,A,T,p.A364T,0.54,tolerated,,
17 7673719 . G A . . .,True,301.0,P,S,p.P301S,0.4,tolerated,,
17 7676184 . T G . . .,True,62.0,E,A,p.E62A,0.09,tolerated,0.003,benign
17 7687376 . C T . . .,False,,,,,,,,
17 7676543 . T A . . .,True,18.0,T,S,p.T18S,0.49,tolerated,0.329,benign
17 7676222 . A T . . .,True,49.0,D,E,p.D49E,0.31,tolerated,0.039,benign
17 7675977 . C A . . .,False,,,,,,,,
17 7687376 . C G . . .,False,,,,,,,,
17 7673547 . A T . . .,False,327.0,Y,*,p.Y327*,,,,
17 7673833 . T A . . .,True,263.0,N,Y,p.N263Y,0.1,tolerated,,
17 7670604 . C G . . .,False,,,,,,,,
17 7673532 . T A . . .,False,,,,,,,,
17 7674175 . C G . . .,False,,,,,,,,
17 7676187 . T A . . .,True,61.0,D,V,p.D61V,0.27,tolerated,0.005,benign
17 7674188 . C G . . .,True,259.0,D,H,p.D259H,0.06,tolerated,,
17 7673816 . G C . . .,True,268.0,N,K,p.N268K,0.02,deleterious,,
17 7676245 . C T . . .,True,42.0,D,N,p.D42N,0.23,tolerated,0.01,benign
17 7675194 . T A . . .,True,140.0,T,S,p.T140S,0.01,deleterious,,
17 7675252 . G A . . .,False,,,,,,,,
17 7674899 . G A . . .,True,211.0,T,I,p.T211I,0.03,deleterious,,
17 7673810 . A T . . .,True,270.0,F,L,p.F270L,0.0,deleterious,,
17 7676188 . C A . . .,True,61.0,D,Y,p.D61Y,0.22,tolerated,0.074,benign
17 7674984 . A T . . .,False,,,,,,,,
17 7670688 . A T . . .,True,341.0,F,I,p.F341I,0.09,tolerated,,
17 7674281 . C T . . .,True,228.0,D,N,p.D228N,0.0,deleterious,,
17 7675168 . A C . . .,True,148.0,D,E,p.D148E,0.45,tolerated,,
17 7674971 . C G . . .,True,187.0,G,A,p.G187A,0.06,tolerated,,
17 7676199 . T G . . .,True,57.0,D,A,p.D57A,0.16,tolerated,0.0,benign
17 7674846 . T C . . .,False,,,,,,,,
17 7676399 . G C . . .,True,27.0,P,A,p.P27A,0.08,tolerated,0.413,benign
17 7669679 . G T . . .,True,371.0,S,Y,p.S371Y,0.01,deleterious,,
17 7675239 . G A . . .,False,,,,,,,,
17 7673539 . A C . . .,True,330.0,L,R,p.L330R,0.0,deleterious,,
17 7674853 . C G . . .,False,,,,,,,,
17 7675072 . C G . . .,True,180.0,E,D,p.E180D,0.0,deleterious,,
17 7675072 . C A . . .,True,180.0,E,D,p.E180D,0.0,deleterious,,
17 7669611 . A G . . .,False,394.0,*,R,p.*394R,,,,
17 7676004 . A G . . .,True,122.0,V,A,p.V122A,0.05,deleterious,,
17 7676046 . C T . . .,True,108.0,G,D,p.G108D,0.16,tolerated,,
17 7675234 . G T . . .,False,126.0,Y,*,p.Y126*,,,,
17 7676136 . G A . . .,True,78.0,A,V,p.A78V,0.18,tolerated,0.005,benign
17 7676215 . G A . . .,False,52.0,Q,*,p.Q52*,,,,
17 7669682 . T G . . .,True,370.0,K,T,p.K370T,0.03,deleterious,,
17 7673844 . A G . . .,False,,,,,,,,
17 7676585 . G A . . .,True,4.0,P,S,p.P4S,0.31,tolerated,0.003,benign
17 7675163 . G A . . .,True,150.0,T,I,p.T150I,0.02,deleterious,,
17 7675199 . G C . . .,True,138.0,A,G,p.A138G,0.01,deleterious,,
17 7674189 . T G . . .,True,258.0,E,D,p.E258D,0.0,deleterious,,
17 7676010 . T C . . .,True,120.0,K,R,p.K120R,0.0,deleterious,,
17 7676032 . A T . . .,True,113.0,F,I,p.F113I,0.0,deleterious,,
17 7673535 . C G . . .,True,331.0,Q,H,p.Q331H,0.04,deleterious,,
17 7676149 . C A . . .,True,74.0,A,S,p.A74S,0.49,tolerated,0.009,benign
17 7676369 . C A . . .,False,,,,,,,,
17 7676047 . C A . . .,True,108.0,G,C,p.G108C,0.0,deleterious,,
17 7676076 . G C . . .,True,98.0,P,R,p.P98R,0.0,deleterious,,
17 7673602 . G A . . .,True,309.0,P,L,p.P309L,0.1,tolerated,,
17 7674909 . C A . . .,True,208.0,D,Y,p.D208Y,0.0,deleterious,,
17 7675172 . A T . . .,True,147.0,V,D,p.V147D,0.0,deleterious,,
17 7674965 . G C . . .,True,189.0,A,G,p.A189G,0.0,deleterious,,
17 7673784 . C A . . .,True,279.0,G,V,p.G279V,0.0,deleterious,,
17 7674866 . G T . . .,True,222.0,P,Q,p.P222Q,0.07,tolerated,,
17 7675068 . A C . . .,True,182.0,C,G,p.C182G,0.05,deleterious,,
17 7675127 . A T . . .,True,162.0,I,N,p.I162N,0.0,deleterious,,
17 7676212 . A T . . .,True,53.0,W,R,p.W53R,0.09,tolerated,0.377,benign
17 7675196 . T C . . .,True,139.0,K,R,p.K139R,0.03,deleterious,,
17 7673743 . C G . . .,True,293.0,G,R,p.G293R,0.48,tolerated,,
17 7674237 . G T . . .,False,242.0,C,*,p.C242*,,,,
17 7676001 . G C . . .,True,123.0,T,S,p.T123S,0.0,deleterious,,
17 7676389 . T A . . .,True,30.0,N,I,p.N30I,0.09,tolerated,0.022,benign
17 7675143 . C G . . .,True,157.0,V,L,p.V157L,0.55,tolerated,,
17 7676020 . C G . . .,True,117.0,G,R,p.G117R,0.0,deleterious,,
17 7676077 . G T . . .,True,98.0,P,T,p.P98T,0.0,deleterious,,
17 7673529 . T C . . .,False,,,,,,,,
17 7675146 . G C . . .,True,156.0,R,G,p.R156G,0.33,tolerated,,
17 7669641 . T A . . .,True,384.0,M,L,p.M384L,1.0,tolerated,,
17 7675211 . A G . . .,True,134.0,F,S,p.F134S,0.0,deleterious,,
17 7673607 . T C . . .,False,307.0,,,,,,,
17 7675246 . G A . . .,False,,,,,,,,
17 7676422 . A T . . .,False,,,,,,,,
17 7673574 . T C . . .,False,318.0,,,,,,,
17 7675046 . T C . . .,False,,,,,,,,
17 7675096 . A G . . .,False,172.0,,,,,,,
17 7674270 . G A . . .,False,231.0,,,,,,,
17 7675063 . T G . . .,False,183.0,,,,,,,
17 7676108 . T G . . .,False,87.0,,,,,,,
17 7673592 . G T . . .,False,312.0,,,,,,,
17 7670629 . C G . . .,False,360.0,,,,,,,
17 7669612 . G A . . .,False,393.0,,,,,,,
17 7669705 . A G . . .,True,394.0,F,L,p.F394L,,,,
17 7669707 . C T . . .,True,393.0,C,Y,p.C393Y,,,,
17 7674216 . C T . . .,False,249.0,,,,,,,
17 7675138 . G T . . .,False,158.0,,,,,,,
17 7676291 . A T . . .,False,,,,,,,,
17 7670595 . C T . . .,False,,,,,,,,
17 7669618 . G A . . .,False,391.0,,,,,,,
17 7676418 . C T . . .,False,,,,,,,,
17 7674163 . T C . . .,False,,,,,,,,
17 7674198 . G A . . .,False,255.0,,,,,,,
17 7675247 . A C . . .,False,,,,,,,,
17 7670732 . G T . . .,False,,,,,,,,
17 7675039 . C T . . .,False,,,,,,,,
17 7674305 . A C . . .,False,,,,,,,,
17 7674308 . C T . . .,False,,,,,,,,
17 7673521 . C G . . .,False,,,,,,,,
17 7674985 . G A . . .,False,,,,,,,,
17 7675087 . G A . . .,False,175.0,,,,,,,
17 7674302 . C T . . .,False,,,,,,,,
17 7675231 . G A . . .,False,127.0,,,,,,,
17 7675093 . C G . . .,False,173.0,,,,,,,
17 7673681 . T C . . .,False,,,,,,,,
17 7674961 . A G . . .,False,190.0,,,,,,,
17 7676504 . C T . . .,False,,,,,,,,
17 7675982 . A G . . .,False,,,,,,,,
17 7673621 . C T . . .,False,,,,,,,,
17 7676419 . A C . . .,False,,,,,,,,
17 7673601 . G A . . .,False,309.0,,,,,,,
17 7673688 . C T . . .,False,,,,,,,,
17 7674989 . G A . . .,False,,,,,,,,
17 7673705 . C T . . .,False,305.0,,,,,,,
17 7676562 . C T . . .,False,11.0,,,,,,,
17 7670721 . G C . . .,False,,,,,,,,
17 7673522 . C T . . .,False,,,,,,,,
17 7673807 . C T . . .,False,271.0,,,,,,,
17 7673621 . C A . . .,False,,,,,,,,
17 7675165 . G A . . .,False,149.0,,,,,,,
17 7675041 . C G . . .,False,,,,,,,,
17 7673849 . A G . . .,False,,,,,,,,
17 7673776 . G T . . .,False,282.0,,,,,,,
17 7676597 . C T . . .,False,,,,,,,,
17 7676341 . T C . . .,False,,,,,,,,
17 7674255 . G C . . .,False,236.0,Y,*,p.Y236*,,,,
17 7676240 . C G . . .,True,43.0,L,F,p.L43F,0.16,tolerated,0.502,possibly_damaging
17 7675197 . T G . . .,True,139.0,K,Q,p.K139Q,0.01,deleterious,,
17 7673750 . G A . . .,False,290.0,,,,,,,
17 7676498 . G A . . .,False,,,,,,,,
17 7673593 . G A . . .,True,312.0,T,I,p.T312I,0.01,deleterious,,
17 7673853 . A C . . .,False,,,,,,,,
17 7676475 . G A . . .,False,,,,,,,,
17 7670578 . G A . . .,False,,,,,,,,
17 7674176 . C G . . .,False,,,,,,,,
17 7670642 . C G . . .,True,356.0,G,A,p.G356A,0.64,tolerated,,
17 7676256 . T C . . .,True,38.0,Q,R,p.Q38R,0.42,tolerated,0.022,benign
17 7676172 . A C . . .,True,66.0,M,R,p.M66R,0.26,tolerated,0.042,benign
17 7676140 . G C . . .,True,77.0,P,A,p.P77A,0.32,tolerated,0.0,benign
17 7675229 . G C . . .,True,128.0,P,R,p.P128R,0.0,deleterious,,
17 7673744 . T G . . .,True,292.0,K,N,p.K292N,0.08,tolerated,,
17 7673599 . T A . . .,True,310.0,N,I,p.N310I,0.1,tolerated,,
17 7673564 . G C . . .,True,322.0,P,A,p.P322A,0.37,tolerated,,
17 7676230 . G C . . .,True,47.0,P,A,p.P47A,0.08,tolerated,0.001,benign
17 7675206 . G A . . .,False,136.0,Q,*,p.Q136*,,,,
17 7676046 . C A . . .,True,108.0,G,V,p.G108V,0.0,deleterious,,
17 7676013 . G T . . .,True,119.0,A,D,p.A119D,0.01,deleterious,,
17 7675996 . T C . . .,True,125.0,T,A,p.T125A,0.0,deleterious,,
17 7675225 . G A . . .,False,129.0,,,,,,,
17 7669627 . T A . . .,True,388.0,E,D,p.E388D,0.06,tolerated,,
17 7675203 . G A . . .,False,137.0,,,,,,,
17 7669646 . T A . . .,True,382.0,K,I,p.K382I,0.0,deleterious,,
17 7675228 . A T . . .,False,128.0,,,,,,,
17 7675226 . G T . . .,True,129.0,A,D,p.A129D,1.0,tolerated,,
17 7669629 . C G . . .,True,388.0,E,Q,p.E388Q,0.01,deleterious,,
17 7675174 . C G . . .,True,146.0,W,C,p.W146C,0.18,tolerated,,
17 7676054 . G T . . .,False,105.0,,,,,,,
17 7676038 . G C . . .,True,111.0,L,V,p.L111V,0.06,tolerated,,
17 7676558 . G C . . .,True,13.0,P,A,p.P13A,0.03,deleterious,0.996,probably_damaging
17 7669636 . G T . . .,True,385.0,F,L,p.F385L,0.26,tolerated,,
17 7669636 . G A . . .,False,385.0,,,,,,,
17 7676042 . G A . . .,False,109.0,,,,,,,
17 7675241 . A C . . .,False,,,,,,,,
17 7675236 . A G . . .,True,126.0,Y,H,p.Y126H,0.0,deleterious,,
17 7675146 . G T . . .,True,156.0,R,S,p.R156S,0.4,tolerated,,
17 7669609 . T C . . .,False,394.0,*,W,p.*394W,,,,
17 7675093 . C A . . .,False,173.0,,,,,,,
17 7676599 . G C . . .,False,,,,,,,,
17 7674930 . A T . . .,True,201.0,L,M,p.L201M,0.22,tolerated,,
17 7675152 . C A . . .,True,154.0,G,C,p.G154C,0.0,deleterious,,
17 7675128 . T C . . .,True,162.0,I,V,p.I162V,0.76,tolerated,,
17 7675102 . C G . . .,False,170.0,,,,,,,
17 7675100 . T C . . .,True,171.0,E,G,p.E171G,0.0,deleterious,,
17 7674938 . T C . . .,True,198.0,E,G,p.E198G,0.04,deleterious,,
17 7674934 . T G . . .,False,199.0,,,,,,,
17 7674909 . C T . . .,True,208.0,D,N,p.D208N,0.05,deleterious,,
17 7674906 . T G . . .,False,209.0,,,,,,,
17 7674878 . A T . . .,True,218.0,V,E,p.V218E,0.0,deleterious,,
17 7674877 . C A . . .,False,218.0,,,,,,,
17 7675156 . C A . . .,False,152.0,,,,,,,
17 7675109 . T A . . .,True,168.0,H,L,p.H168L,0.02,deleterious,,
17 7675108 . G C . . .,True,168.0,H,Q,p.H168Q,0.0,deleterious,,
17 7675084 . G T . . .,False,176.0,C,*,p.C176*,,,,
17 7675057 . G C . . .,True,185.0,S,R,p.S185R,0.1,tolerated,,
17 7674920 . T A . . .,True,204.0,E,V,p.E204V,0.23,tolerated,,
17 7674888 . T A . . .,True,215.0,S,C,p.S215C,0.01,deleterious,,
17 7669614 . C A . . .,True,393.0,D,Y,p.D393Y,0.0,deleterious,,
17 7675111 . C T . . .,False,167.0,,,,,,,
17 7674871 . A G . . .,False,220.0,,,,,,,
17 7674240 . G A . . .,False,241.0,,,,,,,
17 7674236 . T A . . .,True,243.0,M,L,p.M243L,0.03,deleterious,,
17 7674209 . G C . . .,True,252.0,L,V,p.L252V,0.03,deleterious,,
17 7674207 . G A . . .,False,252.0,,,,,,,
17 7674202 . A G . . .,True,254.0,I,T,p.I254T,0.0,deleterious,,
17 7673828 . T A . . .,False,264.0,,,,,,,
17 7673821 . G C . . .,True,267.0,R,G,p.R267G,0.0,deleterious,,
17 7673789 . A C . . .,True,277.0,C,W,p.C277W,0.02,deleterious,,
17 7676391 . G A . . .,False,29.0,,,,,,,
17 7673701 . C G . . .,True,307.0,A,P,p.A307P,0.05,tolerated,,
17 7673599 . T C . . .,True,310.0,N,S,p.N310S,0.6,tolerated,,
17 7674215 . G T . . .,True,250.0,P,T,p.P250T,0.0,deleterious,,
17 7674215 . G C . . .,True,250.0,P,A,p.P250A,0.05,tolerated,,
17 7676521 . A C . . .,True,25.0,L,R,p.L25R,0.04,deleterious,0.165,benign
17 7674212 . T C . . .,True,251.0,I,V,p.I251V,0.02,deleterious,,
17 7670689 . C A . . .,True,340.0,M,I,p.M340I,0.05,tolerated,,
17 7674177 . T G . . .,False,,,,,,,,
17 7673840 . A G . . .,False,261.0,,,,,,,
17 7673840 . A C . . .,True,261.0,S,R,p.S261R,,,,
17 7673836 . C G . . .,True,262.0,G,R,p.G262R,0.01,deleterious,,
17 7676397 . A C . . .,False,27.0,,,,,,,
17 7673792 . G T . . .,False,276.0,,,,,,,
17 7676378 . T C . . .,False,,,,,,,,
17 7676242 . A G . . .,False,43.0,,,,,,,
17 7673559 . C G . . .,False,323.0,,,,,,,
17 7674254 . T G . . .,True,237.0,M,L,p.M237L,0.01,deleterious,,
17 7674252 . C G . . .,True,237.0,M,I,p.M237I,0.02,deleterious,,
17 7674225 . C G . . .,True,246.0,M,I,p.M246I,0.0,deleterious,,
17 7674219 . C T . . .,False,248.0,,,,,,,
17 7674218 . T G . . .,False,249.0,,,,,,,
17 7673770 . T G . . .,True,284.0,T,P,p.T284P,0.0,deleterious,,
17 7673759 . C T . . .,False,287.0,,,,,,,
17 7673723 . C T . . .,False,299.0,,,,,,,
17 7673723 . C A . . .,False,299.0,,,,,,,
17 7673721 . G A . . .,True,300.0,P,L,p.P300L,0.05,deleterious,,
17 7676384 . G C . . .,True,32.0,L,V,p.L32V,0.18,tolerated,0.029,benign
17 7674334 . G A . . .,False,,,,,,,,
17 7676523 . T C . . .,False,24.0,,,,,,,
17 7674195 . T G . . .,False,256.0,,,,,,,
17 7673819 . C A . . .,False,267.0,,,,,,,
17 7673732 . G A . . .,False,296.0,,,,,,,
17 7673593 . G T . . .,True,312.0,T,N,p.T312N,0.02,deleterious,,
17 7673598 . G A . . .,False,310.0,,,,,,,
17 7676277 . A G . . .,False,,,,,,,,
17 7670714 . A T . . .,True,332.0,I,N,p.I332N,0.0,deleterious,,
17 7670714 . A G . . .,True,332.0,I,T,p.I332T,0.0,deleterious,,
17 7670685 . G C . . .,True,342.0,R,G,p.R342G,0.0,deleterious,,
17 7676212 . A G . . .,True,53.0,W,R,p.W53R,0.09,tolerated,0.377,benign
17 7676211 . C A . . .,True,53.0,W,L,p.W53L,0.32,tolerated,0.003,benign
17 7670650 . G T . . .,False,353.0,,,,,,,
17 7673508 . T C . . .,False,,,,,,,,
17 7670670 . C A . . .,True,347.0,A,S,p.A347S,0.33,tolerated,,
17 7670663 . T C . . .,True,349.0,E,G,p.E349G,0.0,deleterious,,
17 7670653 . A C . . .,True,352.0,D,E,p.D352E,0.16,tolerated,,
17 7676197 . G C . . .,True,58.0,P,A,p.P58A,0.94,tolerated,0.005,benign
17 7676189 . T C . . .,False,60.0,,,,,,,
17 7676238 . A T . . .,True,44.0,M,K,p.M44K,0.2,tolerated,0.014,benign
17 7676238 . A G . . .,True,44.0,M,T,p.M44T,0.3,tolerated,0.018,benign
17 7670659 . G A . . .,False,350.0,,,,,,,
17 7676199 . T A . . .,True,57.0,D,V,p.D57V,0.12,tolerated,0.024,benign
17 7670679 . G T . . .,True,344.0,L,M,p.L344M,0.05,deleterious,,
17 7676194 . C T . . .,True,59.0,G,S,p.G59S,0.6,tolerated,0.003,benign
17 7676192 . A T . . .,False,59.0,,,,,,,
17 7670646 . C T . . .,True,355.0,A,T,p.A355T,0.16,tolerated,,
17 7676173 . T C . . .,True,66.0,M,V,p.M66V,0.94,tolerated,0.0,benign
17 7670631 . C G . . .,True,360.0,G,R,p.G360R,0.56,tolerated,,
17 7676261 . C A . . .,True,36.0,,,,,,,
17 7676141 . T C . . .,False,76.0,,,,,,,
17 7676132 . A G . . .,False,79.0,,,,,,,
17 7676130 . G A . . .,True,80.0,P,L,p.P80L,0.29,tolerated,0.012,benign
17 7676572 . G C . . .,True,8.0,P,R,p.P8R,0.55,tolerated,0.374,benign
17 7669694 . T C . . .,False,397.0,,,,,,,
17 7669690 . G A . . .,True,367.0,,,,,,,
17 7676118 . G A . . .,True,84.0,A,V,p.A84V,0.31,tolerated,0.007,benign
17 7670615 . T G . . .,True,365.0,H,P,p.H365P,0.2,tolerated,,
17 7676123 . C G . . .,False,82.0,,,,,,,
17 7676111 . T C . . .,False,86.0,,,,,,,
17 7676109 . G C . . .,True,87.0,P,R,p.P87R,0.1,tolerated,0.568,possibly_damaging
17 7676148 . G C . . .,True,74.0,A,G,p.A74G,0.33,tolerated,0.003,benign
17 7676126 . T A . . .,False,81.0,,,,,,,
17 7676113 . C G . . .,True,86.0,A,P,p.A86P,0.32,tolerated,0.006,benign
17 7676099 . G C . . .,False,90.0,,,,,,,
17 7676576 . C T . . .,True,7.0,D,N,p.D7N,0.0,deleterious,0.92,probably_damaging
17 7676595 . G A . . .,False,,,,,,,,
17 7669682 . T A . . .,True,370.0,K,M,p.K370M,0.01,deleterious,,
17 7676259 . G C . . .,True,37.0,S,C,p.S37C,0.03,deleterious,0.535,possibly_damaging
17 7676088 . G T . . .,False,94.0,S,*,p.S94*,,,,
17 7676088 . G A . . .,True,94.0,S,L,p.S94L,0.0,deleterious,0.839,possibly_damaging
17 7669670 . C A . . .,True,374.0,G,V,p.G374V,0.01,deleterious,,
17 7676079 . A G . . .,True,97.0,V,A,p.V97A,0.01,deleterious,,
17 7676078 . G T . . .,False,97.0,,,,,,,
17 7676065 . T C . . .,True,102.0,T,A,p.T102A,0.03,deleterious,,
17 7676063 . G T . . .,False,102.0,,,,,,,
17 7676085 . G A . . .,True,95.0,S,F,p.S95F,0.01,deleterious,,
17 7676081 . A C . . .,False,96.0,,,,,,,
17 7669666 . C A . . .,True,375.0,Q,H,p.Q375H,0.08,tolerated,,
17 7669668 . G T . . .,True,375.0,Q,K,p.Q375K,0.66,tolerated,,
17 7669691 . C G . . .,True,398.0,Q,H,p.Q398H,,,,
17 7670732 . G C . . .,False,,,,,,,,
17 7675260 . A T . . .,False,,,,,,,,
17 7673691 . G C . . .,False,,,,,,,,
17 7676283 . G T . . .,False,,,,,,,,
17 7674955 . C T . . .,False,192.0,,,,,,,
17 7674965 . G T . . .,True,189.0,A,D,p.A189D,0.06,tolerated,,
17 7676060 . G T . . .,False,103.0,Y,*,p.Y103*,,,,
17 7673518 . G A . . .,False,,,,,,,,
17 7676151 . A G . . .,True,73.0,V,A,p.V73A,0.99,tolerated,0.0,benign
17 7674237 . G A . . .,False,242.0,,,,,,,
17 7675095 . C G . . .,True,173.0,V,L,p.V173L,0.0,deleterious,,
17 7674839 . A T . . .,False,,,,,,,,
17 7676501 . C T . . .,False,,,,,,,,
17 7675248 . G A . . .,False,,,,,,,,
17 7675137 . C T . . .,True,159.0,A,T,p.A159T,0.13,tolerated,,
17 7675162 . T A . . .,False,150.0,,,,,,,
17 7673731 . G A . . .,True,297.0,H,Y,p.H297Y,0.04,deleterious,,
17 7676142 . G A . . .,True,76.0,A,V,p.A76V,0.42,tolerated,0.001,benign
17 7673537 . G C . . .,True,331.0,Q,E,p.Q331E,0.07,tolerated,,
17 7675201 . C T . . .,False,137.0,,,,,,,
17 7670626 . C A . . .,False,361.0,,,,,,,
17 7670628 . C T . . .,True,361.0,G,R,p.G361R,0.5,tolerated,,
17 7673526 . A G . . .,False,,,,,,,,
17 7673527 . C G . . .,False,,,,,,,,
17 7670629 . C T . . .,False,360.0,,,,,,,
17 7673562 . T G . . .,False,322.0,,,,,,,
17 7673541 . G A . . .,False,329.0,,,,,,,
17 7676146 . G T . . .,True,75.0,P,T,p.P75T,0.26,tolerated,0.035,benign
17 7670613 . A T . . .,True,366.0,S,T,p.S366T,0.14,tolerated,,
17 7674982 . T C . . .,False,,,,,,,,
17 7675127 . A G . . .,True,162.0,I,T,p.I162T,0.0,deleterious,,
17 7673852 . A G . . .,False,,,,,,,,
17 7670643 . C A . . .,True,356.0,G,W,p.G356W,0.02,deleterious,,
17 7673774 . C G . . .,False,282.0,,,,,,,
17 7676365 . C T . . .,False,,,,,,,,
17 7675975 . G C . . .,False,,,,,,,,
17 7673747 . C T . . .,False,291.0,,,,,,,
17 7674174 . T A . . .,False,,,,,,,,
17 7675978 . C A . . .,False,,,,,,,,
17 7674933 . T G . . .,True,200.0,N,H,p.N200H,0.0,deleterious,,
17 7670733 . G A . . .,False,,,,,,,,
17 7675218 . T A . . .,False,132.0,K,*,p.K132*,,,,
17 7674285 . G A . . .,False,226.0,,,,,,,
17 7676254 . C A . . .,True,39.0,A,S,p.A39S,0.71,tolerated,0.003,benign
17 7675189 . G A . . .,False,141.0,,,,,,,
17 7673702 . T A . . .,False,306.0,,,,,,,
17 7674886 . A T . . .,True,215.0,S,R,p.S215R,0.0,deleterious,,
17 7675986 . C G . . .,False,,,,,,,,
17 7674971 . C A . . .,True,187.0,G,V,p.G187V,0.02,deleterious,,
17 7675081 . G T . . .,False,177.0,,,,,,,
17 7675983 . G A . . .,False,,,,,,,,
17 7675130 . G A . . .,True,161.0,A,V,p.A161V,0.0,deleterious,,
17 7674228 . G A . . .,False,245.0,,,,,,,
17 7673685 . T C . . .,False,,,,,,,,
17 7676554 . A T . . .,True,14.0,L,Q,p.L14Q,0.0,deleterious,0.996,probably_damaging
17 7676365 . C A . . .,False,,,,,,,,
17 7676122 . C T . . .,True,83.0,A,T,p.A83T,0.19,tolerated,0.005,benign
17 7673724 . A G . . .,True,299.0,L,P,p.L299P,0.3,tolerated,,
17 7674979 . C A . . .,False,,,,,,,,
17 7674306 . G A . . .,False,,,,,,,,
17 7676055 . C G . . .,True,105.0,G,A,p.G105A,0.01,deleterious,,
17 7676385 . A T . . .,False,31.0,,,,,,,
17 7676231 . G A . . .,False,46.0,,,,,,,
17 7673842 . T G . . .,False,,,,,,,,
17 7676507 . A T . . .,False,,,,,,,,
17 7675181 . T C . . .,True,144.0,Q,R,p.Q144R,0.0,deleterious,,
17 7676239 . T G . . .,True,44.0,M,L,p.M44L,1.0,tolerated,0.0,benign
17 7670623 . G T . . .,True,362.0,S,R,p.S362R,0.26,tolerated,,
17 7673575 . G C . . .,True,318.0,P,R,p.P318R,0.02,deleterious,,
17 7675997 . G A . . .,False,124.0,,,,,,,
17 7673618 . A T . . .,False,,,,,,,,
17 7673856 . G A . . .,False,,,,,,,,
17 7673562 . T C . . .,False,322.0,,,,,,,
17 7674243 . A G . . .,False,240.0,,,,,,,
17 7669617 . A G . . .,True,392.0,S,P,p.S392P,0.0,deleterious,,
17 7673516 . A T . . .,False,,,,,,,,
17 7676570 . T C . . .,True,9.0,S,G,p.S9G,0.62,tolerated,0.015,benign
17 7674854 . C G . . .,False,,,,,,,,
17 7673813 . G C . . .,True,269.0,S,R,p.S269R,0.02,deleterious,,
17 7673604 . C A . . .,False,308.0,,,,,,,
17 7670730 . G A . . .,False,,,,,,,,
17 7673515 . G A . . .,False,,,,,,,,
17 7674290 . C A . . .,True,225.0,V,F,p.V225F,0.0,deleterious,,
17 7676005 . C A . . .,True,122.0,V,L,p.V122L,0.0,deleterious,,
17 7676030 . G T . . .,True,113.0,F,L,p.F113L,0.0,deleterious,,
17 7673757 . T G . . .,True,288.0,N,T,p.N288T,0.01,deleterious,,
17 7669652 . T C . . .,True,380.0,H,R,p.H380R,0.17,tolerated,,
17 7670652 . C A . . .,True,353.0,A,S,p.A353S,0.16,tolerated,,
17 7676205 . G C . . .,True,55.0,T,S,p.T55S,0.75,tolerated,0.0,benign
17 7669621 . A C . . .,False,390.0,,,,,,,
17 7673830 . G A . . .,False,264.0,,,,,,,
17 7674201 . G C . . .,True,254.0,I,M,p.I254M,0.0,deleterious,,
17 7675214 . A T . . .,True,133.0,M,K,p.M133K,0.0,deleterious,,
17 7670003 . C T . . .,False,,,,,,,,
17 7670658 . T A . . .,False,351.0,K,*,p.K351*,,,,
17 7674400 . C T . . .,False,,,,,,,,
17 7674179 . A G . . .,False,,,,,,,,
17 7675099 . C A . . .,True,171.0,E,D,p.E171D,0.1,tolerated,,
17 7674933 . T A . . .,True,200.0,N,Y,p.N200Y,0.0,deleterious,,
17 7676584 . G T . . .,True,4.0,P,Q,p.P4Q,0.1,tolerated,0.007,benign
17 7676019 . C T . . .,True,117.0,G,E,p.G117E,0.0,deleterious,,
17 7674904 . T G . . .,True,209.0,R,S,p.R209S,0.67,tolerated,,
17 7673590 . C T . . .,True,313.0,S,N,p.S313N,0.12,tolerated,,
17 7670660 . A G . . .,True,350.0,L,P,p.L350P,0.0,deleterious,,
17 7670703 . C G . . .,True,336.0,E,Q,p.E336Q,0.09,tolerated,,
17 7676036 . C G . . .,False,111.0,,,,,,,
17 7673556 . A T . . .,True,324.0,D,E,p.D324E,0.27,tolerated,,
17 7674281 . C A . . .,True,228.0,D,Y,p.D228Y,0.0,deleterious,,
17 7673610 . T A . . .,False,,,,,,,,
17 7674179 . A T . . .,False,,,,,,,,
17 7676078 . G A . . .,False,97.0,,,,,,,
17 7674858 . C G . . .,False,,,,,,,,
17 7674244 . C T . . .,True,240.0,S,N,p.S240N,0.0,deleterious,,
17 7675063 . T A . . .,False,183.0,,,,,,,
17 7675118 . T A . . .,True,165.0,Q,L,p.Q165L,0.0,deleterious,,
17 7670612 . G A . . .,True,366.0,S,F,p.S366F,0.02,deleterious,,
17 7676075 . A T . . .,False,98.0,,,,,,,
17 7676377 . C G . . .,False,,,,,,,,
17 7675237 . C G . . .,False,,,,,,,,
17 7673814 . C A . . .,True,269.0,S,I,p.S269I,0.02,deleterious,,
17 7673576 . G A . . .,True,318.0,P,S,p.P318S,0.23,tolerated,,
17 7673574 . T A . . .,False,318.0,,,,,,,
17 7673819 . C G . . .,False,267.0,,,,,,,
17 7673815 . T A . . .,True,269.0,S,C,p.S269C,0.46,tolerated,,
17 7673491 . G T . . .,False,,,,,,,,
17 7682425 . C G . . .,False,,,,,,,,
17 7682463 . C A . . .,False,,,,,,,,
17 7682348 . T C . . .,False,,,,,,,,
17 7682350 . T A . . .,False,,,,,,,,
17 7675945 . C T . . .,False,,,,,,,,
17 7676316 . C T . . .,False,,,,,,,,
17 7673551 . T A . . .,True,326.0,E,V,p.E326V,0.0,deleterious,,
17 7673550 . T C . . .,False,326.0,,,,,,,
17 7673558 . C T . . .,True,324.0,D,N,p.D324N,0.04,deleterious,,
17 7682469 . C G . . .,False,,,,,,,,
17 7682470 . C A . . .,False,,,,,,,,
17 7682238 . G T . . .,False,,,,,,,,
17 7670686 . G C . . .,True,341.0,F,L,p.F341L,1.0,tolerated,,
17 7676153 . G C . . .,False,72.0,,,,,,,
17 7669632 . T G . . .,True,387.0,T,P,p.T387P,0.03,deleterious,,
17 7675083 . G C . . .,True,177.0,P,A,p.P177A,0.0,deleterious,,
17 7676380 . A C . . .,False,,,,,,,,
17 7673714 . C T . . .,False,302.0,,,,,,,
17 7670607 . A G . . .,False,368.0,*,R,p.*368R,,,,
17 7676044 . A T . . .,True,109.0,F,I,p.F109I,0.0,deleterious,,
17 7674261 . G T . . .,False,234.0,Y,*,p.Y234*,,,,
17 7670680 . C G . . .,True,343.0,E,D,p.E343D,0.03,deleterious,,
17 7673563 . G C . . .,True,322.0,P,R,p.P322R,0.28,tolerated,,
17 7674914 . A C . . .,True,206.0,L,W,p.L206W,0.15,tolerated,,
17 7673769 . G C . . .,True,284.0,T,R,p.T284R,0.0,deleterious,,
17 7673594 . T C . . .,True,312.0,T,A,p.T312A,0.18,tolerated,,
17 7675167 . A G . . .,True,149.0,S,P,p.S149P,0.03,deleterious,,
17 7673847 . A C . . .,False,,,,,,,,
17 7673561 . G C . . .,True,323.0,L,V,p.L323V,0.49,tolerated,,
17 7673744 . T A . . .,True,292.0,K,N,p.K292N,0.08,tolerated,,
17 7674957 . G C . . .,True,192.0,Q,E,p.Q192E,0.21,tolerated,,
17 7673727 . T G . . .,True,298.0,E,A,p.E298A,0.31,tolerated,,
17 7674187 . T G . . .,True,259.0,D,A,p.D259A,0.37,tolerated,,
17 7674255 . G T . . .,False,236.0,Y,*,p.Y236*,,,,
17 7670669 . G C . . .,True,347.0,A,G,p.A347G,0.19,tolerated,,
17 7675245 . A G . . .,False,,,,,,,,
17 7675042 . C A . . .,False,,,,,,,,
17 7675171 . A C . . .,False,147.0,,,,,,,
17 7675222 . G C . . .,False,130.0,,,,,,,
17 7675159 . G T . . .,False,151.0,,,,,,,
17 7675110 . G T . . .,True,168.0,H,N,p.H168N,0.0,deleterious,,
17 7675230 . G A . . .,True,128.0,P,S,p.P128S,0.07,tolerated,,
17 7675214 . A C . . .,True,133.0,M,R,p.M133R,0.0,deleterious,,
17 7675155 . G C . . .,True,153.0,P,A,p.P153A,0.27,tolerated,,
17 7675062 . C G . . .,True,184.0,D,H,p.D184H,0.0,deleterious,,
17 7675185 . C G . . .,True,143.0,V,L,p.V143L,0.02,deleterious,,
17 7675184 . A T . . .,True,143.0,V,E,p.V143E,0.0,deleterious,,
17 7675169 . T A . . .,True,148.0,D,V,p.D148V,0.05,tolerated,,
17 7675158 . G T . . .,True,152.0,P,T,p.P152T,0.0,deleterious,,
17 7675122 . T G . . .,True,164.0,K,Q,p.K164Q,0.0,deleterious,,
17 7675116 . A C . . .,True,166.0,S,A,p.S166A,0.07,tolerated,,
17 7675018 . C T . . .,False,,,,,,,,
17 7675242 . G C . . .,False,,,,,,,,
17 7675247 . A G . . .,False,,,,,,,,
17 7675240 . T G . . .,False,,,,,,,,
17 7675284 . A T . . .,False,,,,,,,,
17 7676199 . T C . . .,True,57.0,D,G,p.D57G,0.14,tolerated,0.0,benign
17 7676030 . G C . . .,True,113.0,F,L,p.F113L,0.0,deleterious,,
17 7674959 . G A . . .,True,191.0,P,L,p.P191L,0.0,deleterious,,
17 7676206 . T G . . .,True,55.0,T,P,p.T55P,0.27,tolerated,0.014,benign
17 7676532 . G C . . .,True,21.0,D,E,p.D21E,0.45,tolerated,0.031,benign
17 7673686 . G A . . .,False,,,,,,,,
17 7674964 . G C . . .,False,189.0,,,,,,,
17 7676413 . A G . . .,False,,,,,,,,
17 7670641 . C G . . .,False,356.0,,,,,,,
17 7687376 . C A . . .,False,,,,,,,,
17 7673520 . C G . . .,False,,,,,,,,
17 7669670 . C T . . .,True,374.0,G,D,p.G374D,0.07,tolerated,,
17 7673692 . C G . . .,False,,,,,,,,
17 7676123 . C A . . .,False,82.0,,,,,,,
17 7676414 . A G . . .,False,,,,,,,,
17 7676061 . T G . . .,True,103.0,Y,S,p.Y103S,0.0,deleterious,,
17 7675113 . G T . . .,True,167.0,Q,K,p.Q167K,0.0,deleterious,,
17 7670665 . C T . . .,False,348.0,,,,,,,
17 7674982 . T G . . .,False,,,,,,,,
17 7674845 . G A . . .,False,,,,,,,,
17 7675183 . C T . . .,False,143.0,,,,,,,
17 7673834 . A G . . .,False,262.0,,,,,,,
17 7676193 . C G . . .,True,59.0,G,A,p.G59A,0.68,tolerated,0.001,benign
17 7674285 . G C . . .,False,226.0,,,,,,,
17 7674937 . T C . . .,False,198.0,,,,,,,
17 7670678 . A C . . .,True,344.0,L,R,p.L344R,0.02,deleterious,,
17 7674876 . G T . . .,True,219.0,P,T,p.P219T,0.0,deleterious,,
17 7675243 . G T . . .,False,,,,,,,,
17 7670666 . A G . . .,True,348.0,L,S,p.L348S,0.0,deleterious,,
17 7670632 . T G . . .,False,359.0,,,,,,,
17 7673821 . G T . . .,False,267.0,,,,,,,
17 7675124 . T G . . .,True,163.0,Y,S,p.Y163S,0.0,deleterious,,
17 7669700 . A G . . .,False,395.0,,,,,,,
17 7675166 . G T . . .,True,149.0,S,Y,p.S149Y,0.0,deleterious,,
17 7674908 . T G . . .,True,208.0,D,A,p.D208A,0.0,deleterious,,
17 7674247 . T A . . .,True,239.0,N,I,p.N239I,0.0,deleterious,,
17 7673791 . A C . . .,True,277.0,C,G,p.C277G,0.0,deleterious,,
17 7674184 . G A . . .,True,260.0,S,F,p.S260F,0.01,deleterious,,
17 7673623 . A G . . .,False,,,,,,,,
17 7669696 . G C . . .,True,397.0,L,V,p.L397V,,,,
17 7670612 . G T . . .,True,366.0,S,Y,p.S366Y,0.02,deleterious,,
17 7676371 . C T . . .,False,,,,,,,,
17 7673826 . A C . . .,True,265.0,L,R,p.L265R,0.0,deleterious,,
17 7673767 . C A . . .,False,285.0,E,*,p.E285*,,,,
17 7675149 . T G . . .,True,155.0,T,P,p.T155P,0.0,deleterious,,
17 7673620 . G A . . .,False,,,,,,,,
17 7670605 . T A . . .,False,368.0,*,C,p.*368C,,,,
17 7670643 . C T . . .,True,356.0,G,R,p.G356R,0.26,tolerated,,
17 7670645 . G T . . .,True,355.0,A,D,p.A355D,0.1,tolerated,,
17 7673615 . A C . . .,False,,,,,,,,
17 7674254 . T A . . .,True,237.0,M,L,p.M237L,0.01,deleterious,,
17 7675068 . A G . . .,True,182.0,C,R,p.C182R,0.11,tolerated,,
17 7675179 . G C . . .,True,145.0,L,V,p.L145V,0.38,tolerated,,
17 7676179 . G A . . .,True,64.0,P,S,p.P64S,0.88,tolerated,0.0,benign
17 7676242 . A C . . .,True,43.0,L,V,p.L43V,0.17,tolerated,0.017,benign
17 7673548 . T C . . .,True,327.0,Y,C,p.Y327C,0.02,deleterious,,
17 7675186 . A G . . .,False,142.0,,,,,,,
17 7675079 . T C . . .,True,178.0,H,R,p.H178R,0.0,deleterious,,
17 7670733 . G T . . .,False,,,,,,,,
17 7676226 . T C . . .,True,48.0,D,G,p.D48G,0.24,tolerated,0.049,benign
17 7674190 . T A . . .,True,258.0,E,V,p.E258V,0.0,deleterious,,
17 7673701 . C T . . .,True,307.0,A,T,p.A307T,0.2,tolerated,,
17 7675159 . G C . . .,False,151.0,,,,,,,
17 7676566 . A T . . .,True,10.0,V,D,p.V10D,0.0,deleterious,0.374,benign
17 7676115 . G A . . .,True,85.0,P,L,p.P85L,0.04,deleterious,0.003,benign
17 7674172 . G T . . .,False,,,,,,,,
17 7676194 . C A . . .,True,59.0,G,C,p.G59C,0.2,tolerated,0.007,benign
17 7675072 . C T . . .,False,180.0,,,,,,,
17 7674310 . C A . . .,False,,,,,,,,
17 7676029 . A G . . .,False,114.0,,,,,,,
17 7676091 . A C . . .,True,93.0,L,R,p.L93R,0.01,deleterious,0.704,possibly_damaging
17 7674196 . G T . . .,True,256.0,T,K,p.T256K,0.0,deleterious,,
17 7670639 . T G . . .,True,357.0,K,T,p.K357T,0.09,tolerated,,
17 7676369 . C G . . .,False,,,,,,,,
17 7673541 . G T . . .,False,329.0,,,,,,,
17 7674269 . T A . . .,True,232.0,I,F,p.I232F,0.05,deleterious,,
17 7676423 . A G . . .,False,,,,,,,,
17 7673711 . G A . . .,False,303.0,,,,,,,
17 7675036 . C T . . .,False,,,,,,,,
17 7676287 . A C . . .,False,,,,,,,,
17 7676110 . G A . . .,True,87.0,P,S,p.P87S,0.31,tolerated,0.069,benign
17 7676116 . G C . . .,True,85.0,P,A,p.P85A,0.13,tolerated,0.009,benign
17 7673520 . C T . . .,False,,,,,,,,
17 7673535 . C A . . .,True,331.0,Q,H,p.Q331H,0.04,deleterious,,
17 7670728 . A C . . .,False,,,,,,,,
17 7670723 . A T . . .,False,,,,,,,,
17 7673565 . T C . . .,False,321.0,,,,,,,
17 7676406 . G A . . .,False,,,,,,,,
17 7675151 . C G . . .,True,154.0,G,A,p.G154A,0.02,deleterious,,
17 7673817 . T C . . .,True,268.0,N,S,p.N268S,0.09,tolerated,,
17 7673600 . T G . . .,True,310.0,N,H,p.N310H,0.1,tolerated,,
17 7675129 . G A . . .,False,161.0,,,,,,,
17 7670731 . A C . . .,False,,,,,,,,
17 7674987 . G A . . .,False,,,,,,,,
17 7670655 . C G . . .,True,352.0,D,H,p.D352H,0.0,deleterious,,
17 7676585 . G C . . .,True,4.0,P,A,p.P4A,0.1,tolerated,0.001,benign
17 7669710 . G A . . .,True,392.0,P,L,p.P392L,,,,
17 7675120 . C A . . .,True,164.0,K,N,p.K164N,0.0,deleterious,,
17 7674876 . G C . . .,True,219.0,P,A,p.P219A,0.0,deleterious,,
17 7676110 . G C . . .,True,87.0,P,A,p.P87A,0.16,tolerated,0.364,benign
17 7673624 . G A . . .,False,,,,,,,,
17 7673688 . C A . . .,False,,,,,,,,
17 7676063 . G C . . .,False,102.0,,,,,,,
17 7673808 . T C . . .,True,271.0,E,G,p.E271G,0.0,deleterious,,
17 7675976 . C A . . .,False,,,,,,,,
17 7673614 . A G . . .,False,,,,,,,,
17 7673726 . C G . . .,True,298.0,E,D,p.E298D,0.34,tolerated,,
17 7669633 . C T . . .,False,386.0,,,,,,,
17 7676221 . T G . . .,True,50.0,I,L,p.I50L,1.0,tolerated,0.0,benign
17 7675107 . T A . . .,True,169.0,M,L,p.M169L,0.02,deleterious,,
17 7673585 . A G . . .,True,315.0,S,P,p.S315P,0.16,tolerated,,
17 7674273 . G A . . .,False,230.0,,,,,,,
17 7670589 . A G . . .,False,,,,,,,,
17 7675133 . A G . . .,True,160.0,M,T,p.M160T,0.89,tolerated,,
17 7674204 . G A . . .,False,253.0,,,,,,,
17 7675034 . T A . . .,False,,,,,,,,
17 7674912 . C T . . .,True,207.0,D,N,p.D207N,0.09,tolerated,,
17 7674171 . G T . . .,False,,,,,,,,
17 7676117 . G T . . .,False,84.0,,,,,,,
17 7673835 . C T . . .,True,262.0,G,D,p.G262D,0.0,deleterious,,
17 7676370 . C T . . .,False,,,,,,,,
17 7670672 . T C . . .,True,346.0,E,G,p.E346G,0.0,deleterious,,
17 7674335 . G A . . .,False,,,,,,,,
17 7668194 . C T . . .,False,,,,,,,,
17 7668195 . G A . . .,False,,,,,,,,
17 7668440 . T C . . .,False,,,,,,,,
17 7669658 . G T . . .,True,378.0,S,Y,p.S378Y,0.03,deleterious,,
17 7675251 . A G . . .,False,,,,,,,,
17 7676177 . G A . . .,False,64.0,,,,,,,
17 7676266 . A G . . .,False,35.0,,,,,,,
17 7676170 . G C . . .,True,67.0,P,A,p.P67A,0.53,tolerated,0.001,benign
17 7673614 . A C . . .,False,,,,,,,,
17 7670720 . A C . . .,False,,,,,,,,
17 7670686 . G T . . .,True,341.0,F,L,p.F341L,1.0,tolerated,,
17 7673569 . T G . . .,True,320.0,K,T,p.K320T,0.04,deleterious,,
17 7676277 . A C . . .,False,,,,,,,,
17 7673814 . C T . . .,True,269.0,S,N,p.S269N,0.1,tolerated,,
17 7673808 . T A . . .,True,271.0,E,V,p.E271V,0.0,deleterious,,
17 7676257 . G A . . .,False,38.0,Q,*,p.Q38*,,,,
17 7674973 . T C . . .,False,,,,,,,,
17 7674180 . C G . . .,False,,,,,,,,
17 7676274 . T G . . .,False,,,,,,,,
17 7674972 . C A . . .,False,,,,,,,,
17 7674914 . A T . . .,False,206.0,L,*,p.L206*,,,,
17 7670608 . C A . . .,True,367.0,R,S,p.R367S,0.05,deleterious_low_confidence,,
17 7673610 . T G . . .,False,,,,,,,,
17 7674206 . T G . . .,True,253.0,T,P,p.T253P,0.0,deleterious,,
17 7670648 . T A . . .,True,354.0,Q,L,p.Q354L,0.36,tolerated,,
17 7669643 . A G . . .,True,383.0,L,P,p.L383P,0.09,tolerated,,
17 7669620 . C T . . .,True,391.0,D,N,p.D391N,0.03,deleterious,,
17 7669610 . C A . . .,False,394.0,*,L,p.*394L,,,,
17 7676203 . C T . . .,True,56.0,E,K,p.E56K,0.45,tolerated,0.011,benign
17 7676097 . C G . . .,True,91.0,W,S,p.W91S,0.25,tolerated,0.043,benign
17 7675177 . C T . . .,False,145.0,,,,,,,
17 7674902 . T C . . .,True,210.0,N,S,p.N210S,0.2,tolerated,,
17 7674249 . A T . . .,False,238.0,C,*,p.C238*,,,,
17 7673735 . A T . . .,False,295.0,,,,,,,
17 7673503 . T A . . .,False,,,,,,,,
17 7670655 . C T . . .,True,352.0,D,N,p.D352N,0.01,deleterious,,
17 7674200 . T C . . .,True,255.0,I,V,p.I255V,0.08,tolerated,,
17 7670689 . C G . . .,True,340.0,M,I,p.M340I,0.05,tolerated,,
17 7673678 . C T . . .,False,,,,,,,,
17 7674835 . A G . . .,False,,,,,,,,
17 7674973 . T A . . .,False,,,,,,,,
17 7675131 . C G . . .,True,161.0,A,P,p.A161P,0.02,deleterious,,
17 7675065 . A G . . .,True,183.0,S,P,p.S183P,0.2,tolerated,,
17 7675109 . T G . . .,True,168.0,H,P,p.H168P,0.0,deleterious,,
17 7670705 . C A . . .,True,335.0,R,L,p.R335L,0.01,deleterious,,
17 7673715 . C G . . .,True,302.0,G,A,p.G302A,0.09,tolerated,,
17 7675166 . G C . . .,True,149.0,S,C,p.S149C,0.01,deleterious,,
17 7669672 . C G . . .,True,373.0,K,N,p.K373N,0.01,deleterious,,
17 7673572 . T G . . .,True,319.0,K,T,p.K319T,0.03,deleterious,,
17 7670648 . T G . . .,True,354.0,Q,P,p.Q354P,0.26,tolerated,,
17 7674970 . A C . . .,False,187.0,,,,,,,
17 7673704 . G C . . .,True,306.0,R,G,p.R306G,0.0,deleterious,,
17 7673736 . G T . . .,True,295.0,P,H,p.P295H,0.07,tolerated,,
17 7673746 . T A . . .,False,292.0,K,*,p.K292*,,,,
17 7674319 . G C . . .,False,,,,,,,,
17 7676091 . A G . . .,True,93.0,L,P,p.L93P,0.18,tolerated,0.307,benign
17 7675244 . A G . . .,False,,,,,,,,
17 7674941 . A G . . .,True,197.0,V,A,p.V197A,0.0,deleterious,,
17 7676239 . T C . . .,True,44.0,M,V,p.M44V,0.34,tolerated,0.005,benign
17 7676261 . C G . . .,True,36.0,,,,,,,
17 7674919 . C G . . .,True,204.0,E,D,p.E204D,0.2,tolerated,,
17 7676219 . A G . . .,False,50.0,,,,,,,
17 7676089 . A C . . .,True,94.0,S,A,p.S94A,0.21,tolerated,0.356,benign
17 7676000 . A T . . .,False,123.0,,,,,,,
17 7676234 . C G . . .,False,45.0,,,,,,,
17 7676151 . A T . . .,True,73.0,V,E,p.V73E,1.0,tolerated,0.0,benign
17 7674925 . A T . . .,False,202.0,,,,,,,
17 7676016 . G C . . .,True,118.0,T,R,p.T118R,0.0,deleterious,,
17 7675192 . G C . . .,False,140.0,,,,,,,
17 7675104 . T A . . .,True,170.0,T,S,p.T170S,0.13,tolerated,,
17 7673800 . C T . . .,True,274.0,V,I,p.V274I,0.25,tolerated,,
17 7676195 . T A . . .,False,58.0,,,,,,,
17 7670680 . C A . . .,True,343.0,E,D,p.E343D,0.03,deleterious,,
17 7670608 . C T . . .,False,367.0,,,,,,,
17 7676142 . G C . . .,True,76.0,A,G,p.A76G,0.4,tolerated,0.001,benign
17 7670653 . A G . . .,False,352.0,,,,,,,
17 7670642 . C T . . .,True,356.0,G,E,p.G356E,0.63,tolerated,,
17 7674896 . A G . . .,True,212.0,F,S,p.F212S,0.4,tolerated,,
17 7676153 . G T . . .,False,72.0,,,,,,,
17 7673708 . A C . . .,False,304.0,,,,,,,
17 7675068 . A T . . .,True,182.0,C,S,p.C182S,0.52,tolerated,,
17 7669605 . A C . . .,False,,,,,,,,
17 7675172 . A C . . .,True,147.0,V,G,p.V147G,0.0,deleterious,,
17 7670703 . C A . . .,False,336.0,E,*,p.E336*,,,,
17 7676552 . T C . . .,True,15.0,S,G,p.S15G,0.01,deleterious,0.982,probably_damaging
17 7673524 . A G . . .,False,,,,,,,,
17 7675228 . A C . . .,False,128.0,,,,,,,
17 7673702 . T C . . .,False,306.0,,,,,,,
17 7669613 . T C . . .,True,393.0,D,G,p.D393G,0.0,deleterious,,
17 7674165 . G A . . .,False,,,,,,,,
17 7669613 . T A . . .,True,393.0,D,V,p.D393V,0.0,deleterious,,
17 7669662 . T A . . .,True,377.0,T,S,p.T377S,0.76,tolerated,,
17 7673603 . G T . . .,True,309.0,P,T,p.P309T,0.1,tolerated,,
17 7673709 . G C . . .,True,304.0,T,S,p.T304S,0.26,tolerated,,
17 7673722 . G A . . .,True,300.0,P,S,p.P300S,0.2,tolerated,,
17 7673809 . C G . . .,True,271.0,E,Q,p.E271Q,0.0,deleterious,,
17 7674188 . C T . . .,True,259.0,D,N,p.D259N,0.34,tolerated,,
17 7674283 . G A . . .,True,227.0,S,F,p.S227F,0.0,deleterious,,
17 7675119 . G C . . .,True,165.0,Q,E,p.Q165E,0.0,deleterious,,
17 7676032 . A G . . .,True,113.0,F,L,p.F113L,0.0,deleterious,,
17 7676034 . C G . . .,True,112.0,G,A,p.G112A,0.52,tolerated,,
17 7676089 . A T . . .,True,94.0,S,T,p.S94T,0.24,tolerated,0.046,benign
17 7676094 . G T . . .,True,92.0,P,H,p.P92H,0.0,deleterious,0.78,possibly_damaging
17 7676152 . C A . . .,True,73.0,V,L,p.V73L,0.6,tolerated,0.0,benign
17 7676178 . G A . . .,True,64.0,P,L,p.P64L,0.56,tolerated,0.0,benign
17 7676390 . T C . . .,True,30.0,N,D,p.N30D,0.43,tolerated,0.001,benign
17 7676396 . C T . . .,True,28.0,E,K,p.E28K,0.35,tolerated,0.157,benign
17 7676534 . C T . . .,True,21.0,D,N,p.D21N,0.04,deleterious,0.783,possibly_damaging
17 7670635 . C T . . .,False,358.0,,,,,,,
17 7674162 . G T . . .,False,,,,,,,,
17 7676018 . C G . . .,False,117.0,,,,,,,
17 7674300 . A G . . .,False,,,,,,,,
17 7676159 . A C . . .,False,70.0,,,,,,,
17 7675254 . A C . . .,False,,,,,,,,
17 7676574 . A G . . .,False,7.0,,,,,,,
17 7675207 . G T . . .,False,135.0,C,*,p.C135*,,,,
17 7676291 . A G . . .,False,,,,,,,,
17 7676279 . A G . . .,False,,,,,,,,
17 7670733 . G C . . .,False,,,,,,,,
17 7675115 . G T . . .,False,166.0,S,*,p.S166*,,,,
17 7676012 . G C . . .,False,119.0,,,,,,,
17 7670718 . G C . . .,False,,,,,,,,
17 7674293 . A C . . .,False,,,,,,,,
17 7670727 . G C . . .,False,,,,,,,,
17 7676526 . C T . . .,False,23.0,W,*,p.W23*,,,,
17 7674259 . T A . . .,True,235.0,N,I,p.N235I,0.0,deleterious,,
17 7673687 . T A . . .,False,,,,,,,,
17 7676506 . A G . . .,False,,,,,,,,
17 7670675 . T C . . .,True,345.0,N,S,p.N345S,0.0,deleterious,,
17 7675986 . C T . . .,False,,,,,,,,
17 7674841 . C T . . .,False,,,,,,,,
17 7674985 . G C . . .,False,,,,,,,,
17 7676147 . G C . . .,False,74.0,,,,,,,
17 7675084 . G A . . .,False,176.0,,,,,,,
17 7676506 . A C . . .,False,,,,,,,,
17 7676179 . G T . . .,True,64.0,P,T,p.P64T,0.46,tolerated,0.014,benign
17 7674182 . T G . . .,True,261.0,S,R,p.S261R,0.25,tolerated,,
17 7673517 . G C . . .,False,,,,,,,,
17 7670722 . C T . . .,False,,,,,,,,
17 7673856 . G C . . .,False,,,,,,,,
17 7673519 . T C . . .,False,,,,,,,,
17 7675041 . C A . . .,False,,,,,,,,
17 7676371 . C G . . .,False,,,,,,,,
17 7673628 . A T . . .,False,,,,,,,,
17 7676292 . G C . . .,False,,,,,,,,
17 7670708 . C A . . .,True,334.0,G,V,p.G334V,0.0,deleterious,,
17 7669716 . G A . . .,True,390.0,S,F,p.S390F,0.0,deleterious_low_confidence,,
17 7669733 . G A . . .,False,384.0,,,,,,,
17 7673669 . C T . . .,False,,,,,,,,
17 7674319 . G A . . .,False,,,,,,,,
17 7674323 . G A . . .,False,,,,,,,,
17 7674825 . C T . . .,False,,,,,,,,
17 7675021 . G T . . .,False,,,,,,,,
17 7675968 . G T . . .,False,,,,,,,,
17 7676453 . A G . . .,False,,,,,,,,
17 7676482 . T G . . .,False,,,,,,,,
17 7676620 . C T . . .,False,,,,,,,,
17 7670702 . T C . . .,True,336.0,E,G,p.E336G,0.0,deleterious,,
17 7676010 . T G . . .,True,120.0,K,T,p.K120T,0.0,deleterious,,
17 7674846 . T G . . .,False,,,,,,,,
17 7674329 . C T . . .,False,,,,,,,,
17 7669601 . G A . . .,False,,,,,,,,
17 7674943 . T C . . .,False,196.0,,,,,,,
17 7674279 . G A . . .,False,228.0,,,,,,,
17 7675066 . G T . . .,False,182.0,C,*,p.C182*,,,,
17 7675116 . A T . . .,True,166.0,S,T,p.S166T,0.04,deleterious,,
17 7675997 . G C . . .,True,124.0,C,W,p.C124W,0.01,deleterious,,
17 7676184 . T C . . .,True,62.0,E,G,p.E62G,0.08,tolerated,0.003,benign
17 7674910 . A C . . .,True,207.0,D,E,p.D207E,1.0,tolerated,,
17 7675188 . G C . . .,True,142.0,P,A,p.P142A,0.0,deleterious,,
17 7673698 . T A . . .,False,,,,,,,,
17 7676561 . G A . . .,True,12.0,P,S,p.P12S,0.47,tolerated,0.877,possibly_damaging
17 7673793 . G A . . .,True,276.0,A,V,p.A276V,0.0,deleterious,,
17 7673566 . T G . . .,True,321.0,K,T,p.K321T,0.06,tolerated,,
17 7675208 . C G . . .,True,135.0,C,S,p.C135S,0.0,deleterious,,
17 7673762 . T G . . .,True,286.0,E,D,p.E286D,0.02,deleterious,,
17 7676202 . T C . . .,True,56.0,E,G,p.E56G,0.3,tolerated,0.024,benign
17 7676122 . C A . . .,True,83.0,A,S,p.A83S,0.61,tolerated,0.005,benign
17 7673838 . C G . . .,True,262.0,S,T,p.S262T,,,,
17 7666193 . C T . . .,False,345.0,,,,,,,
17 7675205 . T A . . .,True,136.0,Q,L,p.Q136L,0.0,deleterious,,
17 7674966 . C T . . .,True,189.0,A,T,p.A189T,0.05,deleterious,,
17 7675188 . G T . . .,True,142.0,P,T,p.P142T,0.0,deleterious,,
17 7676122 . C G . . .,True,83.0,A,P,p.A83P,0.15,tolerated,0.255,benign
17 7669659 . A T . . .,True,378.0,S,T,p.S378T,0.16,tolerated,,
17 7674907 . G C . . .,True,208.0,D,E,p.D208E,0.01,deleterious,,
17 7674913 . C G . . .,True,206.0,L,F,p.L206F,0.22,tolerated,,
17 7675192 . G A . . .,False,140.0,,,,,,,
17 7676533 . T G . . .,True,21.0,D,A,p.D21A,0.1,tolerated,0.526,possibly_damaging
17 7674854 . C A . . .,False,,,,,,,,
17 7673550 . T G . . .,True,326.0,E,D,p.E326D,0.03,deleterious,,
17 7675202 . A T . . .,True,137.0,L,Q,p.L137Q,0.0,deleterious,,
17 7674245 . T A . . .,True,240.0,S,C,p.S240C,0.0,deleterious,,
17 7676117 . G A . . .,False,84.0,,,,,,,
17 7674911 . T C . . .,True,207.0,D,G,p.D207G,0.01,deleterious,,
17 7675999 . A G . . .,True,124.0,C,R,p.C124R,0.0,deleterious,,
17 7676090 . C G . . .,False,93.0,,,,,,,
17 7676421 . A G . . .,False,,,,,,,,
17 7673627 . A G . . .,False,,,,,,,,
17 7673607 . T G . . .,False,307.0,,,,,,,
17 7676216 . T C . . .,False,51.0,,,,,,,
17 7674988 . A G . . .,False,,,,,,,,
17 7676375 . T C . . .,False,,,,,,,,
17 7673780 . T C . . .,False,280.0,,,,,,,
17 7669621 . A G . . .,False,390.0,,,,,,,
17 7676292 . G A . . .,False,,,,,,,,
17 7674946 . G A . . .,False,195.0,,,,,,,
17 7675153 . G T . . .,False,153.0,,,,,,,
17 7674186 . G A . . .,False,259.0,,,,,,,
17 7675043 . A G . . .,False,,,,,,,,
17 7674981 . A G . . .,False,,,,,,,,
17 7676286 . A G . . .,False,,,,,,,,
17 7670662 . T C . . .,False,349.0,,,,,,,
17 7676512 . T C . . .,False,,,,,,,,
17 7676270 . G A . . .,True,33.0,,,,,,,
17 7673529 . T A . . .,False,,,,,,,,
17 7676374 . G A . . .,False,,,,,,,,
17 7676529 . T A . . .,False,22.0,,,,,,,
17 7669608 . G A . . .,False,,,,,,,,
17 7675126 . G A . . .,False,162.0,,,,,,,
17 7676012 . G A . . .,False,119.0,,,,,,,
17 7670734 . G A . . .,False,,,,,,,,
17 7676054 . G A . . .,False,105.0,,,,,,,
17 7673798 . A G . . .,False,274.0,,,,,,,
17 7676027 . C T . . .,False,114.0,,,,,,,
17 7669624 . C T . . .,False,389.0,,,,,,,
17 7675150 . G C . . .,False,154.0,,,,,,,
17 7674304 . C T . . .,False,,,,,,,,
17 7674302 . C A . . .,False,,,,,,,,
17 7676105 . G T . . .,False,88.0,,,,,,,
17 7676129 . A C . . .,False,80.0,,,,,,,
17 7674892 . T G . . .,False,213.0,,,,,,,
17 7676419 . A G . . .,False,,,,,,,,
17 7676513 . C G . . .,False,,,,,,,,
17 7676228 . C G . . .,False,47.0,,,,,,,
17 7676513 . C A . . .,False,,,,,,,,
17 7673695 . G A . . .,False,,,,,,,,
17 7676180 . A C . . .,False,63.0,,,,,,,
17 7674986 . T C . . .,False,,,,,,,,
17 7675123 . G A . . .,False,163.0,,,,,,,
17 7674978 . G A . . .,False,,,,,,,,
17 7675141 . G C . . .,False,157.0,,,,,,,
17 7675171 . A G . . .,False,147.0,,,,,,,
17 7674172 . G C . . .,False,,,,,,,,
17 7676285 . G A . . .,False,,,,,,,,
17 7674983 . C A . . .,False,,,,,,,,
17 7675177 . C A . . .,False,145.0,,,,,,,
17 7676060 . G A . . .,False,103.0,,,,,,,
17 7670719 . C T . . .,False,,,,,,,,
17 7675985 . G T . . .,False,,,,,,,,
17 7670723 . A G . . .,False,,,,,,,,
17 7676120 . C G . . .,False,83.0,,,,,,,
17 7676514 . C T . . .,False,,,,,,,,
17 7673589 . G A . . .,False,313.0,,,,,,,
17 7669678 . G T . . .,True,371.0,,,,,,,
17 7676111 . T G . . .,False,86.0,,,,,,,
17 7674294 . G A . . .,False,,,,,,,,
17 7676045 . A G . . .,False,108.0,,,,,,,
17 7674852 . A C . . .,False,,,,,,,,
17 7673708 . A T . . .,False,304.0,,,,,,,
17 7669663 . A G . . .,True,376.0,,,,,,,
17 7670601 . T A . . .,False,,,,,,,,
17 7675195 . C T . . .,False,139.0,,,,,,,
17 7674898 . A G . . .,False,211.0,,,,,,,
17 7676126 . T G . . .,False,81.0,,,,,,,
17 7674874 . G A . . .,False,219.0,,,,,,,
17 7579817 . G C . . .,False,19.0,,,,,,,
17 7669763 . C G . . .,True,374.0,L,F,p.L374F,0.01,deleterious_low_confidence,,
17 7679754 . A G . . .,False,,,,,,,,
17 7673202 . C A . . .,False,,,,,,,,
17 7670660 . A C . . .,True,350.0,L,R,p.L350R,0.0,deleterious,,
17 7676382 . C G . . .,False,32.0,,,,,,,
17 7675052 . C G . . .,False,,,,,,,,
17 7674246 . G T . . .,True,239.0,N,K,p.N239K,0.0,deleterious,,
17 7676086 . A T . . .,True,95.0,S,T,p.S95T,0.04,deleterious,,
17 7669689 . G C . . .,True,368.0,H,D,p.H368D,0.3,tolerated,,
17 7670715 . T G . . .,True,332.0,I,L,p.I332L,0.02,deleterious,,
17 7675089 . G T . . .,True,175.0,R,S,p.R175S,0.0,deleterious,,
17 7674968 . A G . . .,True,188.0,L,P,p.L188P,0.25,tolerated,,
17 7676133 . G A . . .,True,79.0,A,V,p.A79V,0.36,tolerated,0.042,benign
17 7676070 . T G . . .,True,100.0,Q,P,p.Q100P,0.15,tolerated,,
17 7673762 . T C . . .,False,286.0,,,,,,,
17 7669609 . T G . . .,False,394.0,*,C,p.*394C,,,,
17 7675221 . T G . . .,True,131.0,N,H,p.N131H,0.0,deleterious,,
17 7677724 . A G . . .,False,,,,,,,,
17 7670712 . G C . . .,True,333.0,R,G,p.R333G,0.0,deleterious,,
17 7673223 . G C . . .,True,346.0,S,W,p.S346W,0.0,deleterious_low_confidence,,
17 7673843 . C A . . .,False,,,,,,,,
17 7673847 . A T . . .,False,,,,,,,,
17 7674050 . G A . . .,False,,,,,,,,
17 7674181 . C T . . .,True,261.0,S,N,p.S261N,0.45,tolerated,,
17 7674297 . G C . . .,False,,,,,,,,
17 7674945 . G T . . .,False,196.0,,,,,,,
17 7675051 . A C . . .,False,,,,,,,,
17 7675051 . A G . . .,False,,,,,,,,
17 7675996 . T A . . .,True,125.0,T,S,p.T125S,0.01,deleterious,,
17 7676006 . A T . . .,False,121.0,,,,,,,
17 7676007 . G T . . .,True,121.0,S,Y,p.S121Y,0.0,deleterious,,
17 7676273 . C G . . .,False,,,,,,,,
17 7676274 . T A . . .,False,,,,,,,,
17 7676351 . T A . . .,False,,,,,,,,
17 7676405 . T G . . .,False,,,,,,,,
17 7676517 . T C . . .,False,,,,,,,,
17 7673785 . C A . . .,True,279.0,G,W,p.G279W,0.02,deleterious,,
17 7676139 . G A . . .,True,77.0,P,L,p.P77L,0.17,tolerated,0.0,benign
